{"objLoc":[[0,0,0],[0,0.95,14],[0.9,0.95,281],[0.9,0.05,34],[0.7,0.75,228],[0,0.05,6],[-0.9,0.05,338],[-0.9,0.95,154],[-0.7,0.25,92]],"objIdentity":[0,3,1,2,6,4,7,8,5],"familiarise":{"path":[[0,0.5,98],[0.5,0.9,302],[0.9,0.1,102],[-0.9,0.2,50],[-0.7,0.7,258],[0.5,0.5,171],[0,0.2,201],[-0.2,0.8,139],[-0.5,0.1,339],[0.7,0.4,30],[0.9,0.9,331],[-0.5,0.5,57],[0.5,0.9,160],[0.5,0.1,77],[-0.6,0.8,63]]},"objlocLearn":{"learnOrder":[0,5,1,8,6,4,2,3,7],"startLoc":[[0,0,0],[-0.1,0.9,300],[0.1,0.1,10],[0.5,0.5,60],[0.1,0.5,190],[-0.5,0.5,50],[-0.1,0.5,180],[0.5,0.9,240],[-0.5,0.1,0]]},"objlocTestRun1":{"startLoc":[[0,0,0],[0.035648346829125141,0.15442327773824494,38],[-0.035648346829125141,0.84557672226175506,20],[0.57404566551290825,0.8985236374723653,312],[0.67341326523717737,0.22977841355805934,20],[-0.0729883058517327,0.3674208251472475,296],[-0.67341326523717737,0.77022158644194061,253],[-0.57404566551290825,0.1014763625276347,290],[0.0729883058517327,0.6325791748527525,47],[-0.68421064513252272,0.075747868152450049,133],[0.68421064513252272,0.92425213184755,246],[-0.743674391646657,0.93629887969841608,173],[-0.9415025799000114,0.10785314355484521,29],[0.5833997267355151,0.11790183924593514,163],[-0.5833997267355151,0.88209816075406489,335],[0.743674391646657,0.063701120301583924,275],[0.9415025799000114,0.89214685644515479,283],[-0.66298928216673692,0.30057091649798273,348],[-0.2584653345190368,0.20224112697155461,287],[0.74496524918133433,0.5999369200995921,121],[-0.16381073759963255,0.90486706201228462,189],[0.2584653345190368,0.79775887302844539,342],[0.16381073759963255,0.095132937987715382,285],[0.66298928216673692,0.69942908350201727,1],[-0.74496524918133433,0.4000630799004079,124],[0.3961090772888925,0.52187436374112772,52],[-0.52466049049029184,0.4989768824818398,118],[0.52466049049029184,0.5010231175181602,335],[0.37834613445014703,0.63293246419203408,110],[0.32467616386262693,0.36300468023593979,356],[-0.32467616386262693,0.63699531976406021,3],[-0.3961090772888925,0.47812563625887228,232],[-0.37834613445014703,0.36706753580796592,211],[0.097221483763026015,0.3461216245112213,230],[-0.097221483763026015,0.6538783754887787,4],[-0.53720669592517667,0.3977575793102528,200],[0.53720669592517667,0.6022424206897472,188],[0.52528056607465956,0.22833631814517874,224],[-0.64486411618194484,0.0848839258479217,147],[-0.52528056607465956,0.77166368185482126,296],[0.64486411618194484,0.9151160741520783,162],[0.023013390109136903,0.12079614089139153,344],[-0.023013390109136903,0.87920385910860843,219],[0.46508588918032084,0.82884531927097216,256],[-0.16371277538711432,0.5360159659684558,318],[-0.12740050178826129,0.92361961739572562,34],[0.12740050178826129,0.076380382604274433,320],[0.16371277538711432,0.46398403403154426,130],[-0.46508588918032084,0.17115468072902784,323],[-0.82802120919262068,0.38306575852381197,313],[-0.88509645406705628,0.55953617646374976,162],[0.81595169948864421,0.40524057315212725,196],[-0.81595169948864421,0.59475942684787275,356],[0.88509645406705628,0.44046382353625024,347],[0.82802120919262068,0.616934241476188,226],[-0.87034354415079562,0.88618234996005918,327],[0.87034354415079562,0.11381765003994079,191],[-0.32037035214757043,0.47364799788623535,222],[-0.66562023618619226,0.26710971910258924,187],[0.66562023618619226,0.73289028089741071,167],[0.32037035214757043,0.52635200211376465,193],[-0.76585363767736814,0.37349598801715955,304],[-0.33793710404507354,0.053420459529089005,324],[0.76585363767736814,0.62650401198284045,32],[0.33793710404507354,0.946579540470911,215]],"learnOrder":[0,8,4,3,2,1,6,7,5,7,3,1,8,2,6,5,4,1,6,3,4,2,8,5,7,6,3,7,1,8,4,2,5,8,4,7,3,5,6,1,2,1,5,2,7,8,4,3,6,6,1,3,7,5,2,8,4,2,1,5,6,7,4,3,8]},"distEstPair":{"pairList":[[0,0],[1,5],[2,8],[5,6],[2,7],[1,8],[2,3],[3,7],[4,5],[3,4],[6,8],[3,8],[3,5],[5,7],[4,7],[3,6],[6,7],[1,7],[2,4],[2,6],[5,8],[1,3],[2,5],[4,8],[1,2],[7,8],[1,6],[4,6],[1,4],[5,4],[8,1],[5,1],[5,2],[6,3],[7,2],[7,4],[6,4],[8,3],[8,7],[2,1],[7,6],[7,5],[5,3],[8,5],[3,2],[4,1],[8,2],[4,3],[7,1],[4,2],[3,1],[6,5],[8,4],[6,1],[8,6],[7,3],[6,2]]},"distEst2AFC":{"triplet":[[0,0,0],[7,6,1],[8,6,7],[3,5,2],[5,6,7],[1,2,7],[3,2,5],[1,2,7],[7,1,6],[4,2,7],[3,2,5],[5,6,3],[4,1,7],[3,5,2],[6,2,8],[5,6,3],[7,6,1],[5,3,6],[1,7,2],[6,8,1],[2,4,5],[1,7,2],[2,3,4],[7,1,6],[5,3,6]]}}