{"objLoc":[[0,0,0],[0.1,0.9,263],[0.9,0.9,217],[0.9,0.1,343],[0.7,0.7,52],[-0.1,0.1,291],[-0.9,0.1,131],[-0.9,0.9,68],[-0.7,0.3,94]],"objIdentity":[0,8,2,6,7,5,1,4,3],"familiarise":{"path":[[0,0.5,286],[-0.3596699001693256,0.84732918522949863,125],[-0.85351407046689443,0.76911195270938315,188],[-0.51251489043564513,0.40343510189979792,168],[0.37043270242328186,0.87290666468568867,243],[0.84319199022294034,0.71012258745711032,232],[0.36503961224142262,0.85630843981847871,81],[-0.09521281448479757,0.66094287557384179,166],[-0.025626264004764851,0.16580884120305661,53],[0.2682663621414717,0.57031733839053034,83],[0.57609709980430091,0.17631196158716939,329],[0.076401686294753024,0.1588622132359189,303],[-0.74275035799423872,0.73243864958696492,104],[-0.638794512585359,0.24336484922006207,175],[0.8500247148766239,0.42616886432778334,210],[-0.62718691464168808,0.68664113082817879,211]]},"objlocLearn":{"learnOrder":[0,8,6,5,4,3,1,2,7],"startLoc":[[0,0,0],[0.5,0.5,60],[0.1,0.5,190],[-0.1,0.9,300],[-0.5,0.5,50],[0.5,0.9,240],[0.1,0.1,10],[-0.1,0.5,180],[-0.5,0.1,0]]},"objlocTestRun1":{"startLoc":[[0,0,0],[-0.16247265172421049,0.52922576025524815,181],[0.18133912411966596,0.17731745542264754,50],[0.070031559251288053,0.22121057140591194,279],[-0.79556260798120548,0.64510731832914381,349],[0.79556260798120548,0.35489268167085625,53],[0.16247265172421049,0.47077423974475185,40],[-0.18133912411966596,0.82268254457735246,18],[-0.070031559251288053,0.77878942859408806,31],[-0.70190359207969943,0.28699603759419345,116],[-0.11409947992196805,0.77846552027115612,6],[0.19996346401889681,0.41058484616653168,187],[0.37053146301804069,0.9137165573262761,126],[-0.37053146301804069,0.0862834426737239,116],[-0.19996346401889681,0.58941515383346832,192],[0.11409947992196805,0.22153447972884388,65],[0.70190359207969943,0.71300396240580655,253],[-0.32635590248435725,0.30335052539708329,47],[0.32635590248435725,0.69664947460291671,5],[-0.40492561837690905,0.75798831371063136,2],[0.2758655449409701,0.76199979536028772,70],[0.16054824470288803,0.58139834470462792,228],[-0.2758655449409701,0.23800020463971228,337],[0.40492561837690905,0.24201168628936864,261],[-0.16054824470288803,0.41860165529537208,35],[0.30532846425421883,0.17056133098688864,266],[-0.32921094997024763,0.40531041042283961,79],[0.52460825642422049,0.34408750374865965,49],[0.68055333652091443,0.075952434996883533,66],[0.32921094997024763,0.59468958957716045,52],[-0.30532846425421883,0.82943866901311136,297],[-0.68055333652091443,0.92404756500311647,328],[-0.52460825642422049,0.65591249625134029,309],[-0.13527981837178243,0.48423294232913705,210],[0.13527981837178243,0.515767057670863,124],[0.030940464293833722,0.37502583382660126,261],[-0.030940464293833722,0.62497416617339874,305],[0.94091470118046749,0.71814874549000218,251],[-0.86515621566357015,0.14353733814353731,291],[-0.94091470118046749,0.28185125450999782,349],[0.86515621566357015,0.85646266185646269,36],[-0.79617774569013422,0.67765289914064253,28],[-0.50782121158536775,0.55175178688820259,276],[-0.0990230210168717,0.62821271684389779,63],[-0.18379303967952904,0.73186895915674022,1],[0.50782121158536775,0.44824821311179741,178],[0.0990230210168717,0.37178728315610221,335],[0.18379303967952904,0.26813104084325973,230],[0.79617774569013422,0.32234710085935747,49],[0.21229616998568129,0.077282239426041677,306],[-0.21229616998568129,0.92271776057395827,59],[0.83430998560663028,0.64522588580115126,25],[-0.28733094408628229,0.8419761406686147,185],[0.28733094408628229,0.1580238593313853,26],[-0.83430998560663028,0.35477411419884874,231],[0.16668242973163921,0.22897260932335672,129],[-0.16668242973163921,0.77102739067664328,233],[0.60331486832549142,0.73015544513176911,154],[0.33627396406458882,0.28830688914597258,71],[-0.33627396406458882,0.71169311085402742,41],[0.71867565222997665,0.74743523109414567,181],[0.62444065747654975,0.15273685541887572,254],[-0.62444065747654975,0.84726314458112428,295],[-0.71867565222997665,0.25256476890585433,282],[-0.60331486832549142,0.26984455486823089,288]],"learnOrder":[0,7,2,5,8,4,3,6,1,7,4,6,1,5,2,8,3,4,8,2,5,3,1,6,7,8,2,3,5,6,4,1,7,6,2,7,3,1,8,5,4,7,8,1,6,4,5,2,3,1,5,3,2,6,7,8,4,1,7,3,2,8,4,6,5]},"distEstPair":{"pairList":[[0,0],[4,7],[1,3],[3,5],[1,2],[2,3],[3,8],[2,6],[1,5],[4,6],[3,7],[4,8],[5,7],[1,4],[2,5],[7,8],[2,7],[1,8],[6,8],[5,6],[5,8],[2,8],[2,4],[1,7],[6,7],[3,6],[3,4],[4,5],[1,6],[8,7],[8,1],[5,1],[8,5],[4,3],[4,2],[8,2],[4,1],[5,2],[7,4],[6,1],[5,4],[7,5],[7,3],[6,3],[5,3],[7,2],[2,1],[8,6],[3,1],[7,6],[8,4],[3,2],[7,1],[6,4],[8,3],[6,5],[6,2]]},"distEst2AFC":{"triplet":[[0,0,0],[2,1,3],[2,6,1],[6,7,5],[7,1,6],[8,6,4],[1,7,5],[6,5,7],[2,3,1],[5,4,3],[4,1,6],[3,5,2],[1,5,7],[5,3,6],[6,3,8],[5,3,6],[6,5,7],[5,3,4],[8,2,6],[7,1,6],[5,3,1],[3,2,5],[2,4,6],[3,5,2],[5,4,3],[5,1,3],[7,6,1],[5,3,4],[2,1,3],[4,7,2],[6,7,5],[1,5,7],[5,6,3],[1,7,5],[5,3,1],[3,2,5],[5,6,3],[5,1,3],[2,3,1],[7,6,1],[6,8,2]]}}