{"objLoc":[[0,0,0],[0.1,0.9,306],[0.9,0.9,65],[0.9,0.1,20],[0.7,0.7,131],[-0.1,0.1,100],[-0.9,0.1,191],[-0.9,0.9,111],[-0.7,0.3,110]],"objIdentity":[0,1,8,2,4,5,7,6,3],"familiarise":{"path":[[0,0.5,73],[0.47815237798151772,0.64618585236136838,152],[-0.010921422385385127,0.75014169777024808,336],[-0.49606928552338336,0.62918074997041418,131],[-0.029279072274782492,0.80836472474306431,6],[-0.19206314950336084,0.33560543694340589,324],[-0.6920631495033609,0.33560543694340589,222],[-0.20298934913645805,0.43956128235228553,350],[0.29085482116111083,0.517778514872401,224],[0.78895217020698361,0.56135638624623008,338],[0.31342391205940684,0.40684788905875635,216],[0.14241384039657248,0.87669419945171057,51],[-0.31074005312175246,0.66538506858136082,245],[0.13865697002783106,0.88457064197589952,197],[-0.86134302997216894,0.88457064197589952,4],[-0.12998932835299848,0.20257228191340093,279]]},"objlocLearn":{"learnOrder":[0,1,6,7,8,2,3,4,5],"startLoc":[[0,0,0],[0.1,0.1,10],[0.1,0.5,190],[-0.5,0.1,0],[0.5,0.5,60],[-0.1,0.5,180],[0.5,0.9,240],[-0.5,0.5,50],[-0.1,0.9,300]]},"objlocTestRun1":{"startLoc":[[0,0,0],[-0.18755185050170425,0.58100491526512887,82],[-0.11683231234161144,0.51139168682136038,184],[-0.68387203747810821,0.53082429895946925,52],[0.18755185050170425,0.41899508473487113,339],[0.68387203747810821,0.46917570104053075,6],[0.23480590187496858,0.49386878351812469,263],[-0.23480590187496858,0.50613121648187531,310],[0.11683231234161144,0.48860831317863962,315],[0.338422245063781,0.39008837937052049,191],[-0.338422245063781,0.60991162062947946,148],[0.54951748505679943,0.80491093485718657,268],[0.93843793233297013,0.60035798619319281,289],[0.5369748516672006,0.85852091115357487,98],[-0.5369748516672006,0.1414790888464251,96],[-0.93843793233297013,0.39964201380680719,90],[-0.54951748505679943,0.19508906514281343,310],[0.3477405667085,0.13659016416721825,342],[-0.49642567519821473,0.84065757218392756,56],[0.49642567519821473,0.15934242781607247,341],[-0.41122375504467729,0.62148219134048965,182],[0.41122375504467729,0.37851780865951035,117],[0.47696664984337872,0.080048914436465446,274],[-0.3477405667085,0.86340983583278175,334],[-0.47696664984337872,0.91995108556353455,94]],"learnOrder":[0,1,4,6,5,2,3,7,8,2,6,3,1,8,4,5,7,1,7,3,6,2,8,5,4]},"objlocTestRun2":{"startLoc":[[0,0,0],[-0.12535882403646342,0.16624282576946814,30],[0.89251115284559623,0.82742830513022969,20],[0.12535882403646342,0.83375717423053186,290],[-0.89251115284559623,0.17257169486977031,113],[-0.611508360459259,0.558395482348832,235],[0.611508360459259,0.44160451765116804,62],[-0.097891557358601847,0.42235816973505558,289],[0.097891557358601847,0.57764183026494442,145],[-0.62284343858323843,0.90721670927693721,22],[-0.54073359871699522,0.8150593518856436,217],[0.46633263248277496,0.47510752471483036,63],[0.62284343858323843,0.092783290723062822,155],[-0.46633263248277496,0.52489247528516958,151],[0.56503244199222191,0.9222179513755635,335],[-0.56503244199222191,0.0777820486244365,335],[0.54073359871699522,0.1849406481143564,113],[-0.2473855635745083,0.21918767874280831,91],[0.46457608386195942,0.20031462090816432,314],[-0.24702043190446471,0.25539123141909092,247],[-0.51272116327576844,0.080958593252286493,116],[0.2473855635745083,0.78081232125719169,241],[0.24702043190446471,0.74460876858090908,339],[-0.46457608386195942,0.79968537909183568,293],[0.51272116327576844,0.91904140674771351,21]],"learnOrder":[0,1,3,5,7,8,4,6,2,8,1,2,4,6,3,7,5,6,3,1,8,2,5,7,4]},"distEstPair":{"pairList":[[0,0],[8,1],[4,1],[6,7],[6,4],[2,4],[5,2],[6,5],[7,3],[4,2],[5,4],[6,2],[3,2],[3,6],[8,6],[4,8],[2,3],[4,7],[1,3],[7,1],[1,4],[3,4],[3,1],[6,8],[7,8],[1,6],[3,5],[5,8],[4,3],[2,1],[2,8],[8,7],[5,7],[5,6],[2,7],[7,6],[8,5],[7,5],[8,3],[1,2],[1,5]]},"distEstEgo":{"pairList":[[0,0],[2,1],[3,2],[1,2],[6,5],[8,6],[6,7],[2,8],[2,3],[7,3],[7,6],[4,2],[5,6]]},"distEst2AFC":{"triplet":[[0,0,0],[7,8,2],[2,3,1],[5,7,6],[8,5,7],[7,3,5],[8,7,5],[4,1,3],[6,7,5],[3,4,6],[8,7,5],[1,4,3],[6,5,7],[4,3,1],[2,1,3],[4,3,1],[2,1,3],[6,7,5],[8,5,7],[1,3,2],[2,3,1],[4,1,3],[5,8,7],[6,5,7],[3,7,1]]}}