{"objLoc":[[0,0,0],[0.1,0.9,165],[0.9,0.9,112],[0.9,0.1,84],[0.7,0.7,100],[-0.1,0.1,295],[-0.9,0.1,41],[-0.9,0.9,226],[-0.7,0.3,100]],"objIdentity":[0,4,6,7,2,1,3,5,8],"familiarise":{"path":[[0,0.5,163],[0.4987820251299121,0.46512176312793735,342],[0.0015210774457754539,0.41285753149411059,145],[-0.47663130053574226,0.2666716791327422,353],[-0.75622775227111572,0.681190465410263,209],[0.15731770537148515,0.27445382233446275,270],[0.51698760554081069,0.62178300756396143,83],[0.56925183717463745,0.12452205987982479,316],[-0.40511822761059779,0.34947311422368976,170],[0.070410030536978974,0.19496461703621606,189],[0.56972479791426589,0.16879663891474414,335],[-0.39620102837480242,0.42761568401726491,7],[0.574094697901194,0.18569378841759718,140],[0.4531337501013602,0.67084165155559539,5],[-0.54671394505503113,0.6882940579928789,116],[0.43143365567877456,0.8962057488106383,312]]},"objlocLearn":{"learnOrder":[0,2,6,3,4,5,7,1,8],"startLoc":[[0,0,0],[-0.1,0.5,180],[0.1,0.5,190],[0.5,0.9,240],[-0.5,0.5,50],[-0.1,0.9,300],[-0.5,0.1,0],[0.1,0.1,10],[0.5,0.5,60]]},"objlocTestRun1":{"startLoc":[[0,0,0],[0.48955742118339746,0.22667096205925191,267],[-0.48955742118339746,0.773329037940748,52],[0.13657362482945107,0.50160772894113026,109],[-0.53551583277338333,0.790335872414927,236],[0.53551583277338333,0.20966412758507302,228],[-0.007217000709218227,0.61371674245707508,112],[0.007217000709218227,0.38628325754292492,47],[-0.13657362482945107,0.49839227105886968,337],[-0.16270263511503197,0.45792355576628507,284],[0.14492542228421107,0.621419558838994,28],[0.13557846334843554,0.88088795191835112,147],[0.16270263511503197,0.54207644423371493,70],[0.20770673094465514,0.85934748706981723,341],[-0.20770673094465514,0.14065251293018277,241],[-0.13557846334843554,0.11911204808164888,3],[-0.14492542228421107,0.378580441161006,8],[0.88007499561433256,0.59910213633560427,264],[-0.20634510474827789,0.58903052257787269,100],[-0.88007499561433256,0.40089786366439573,311],[0.20634510474827789,0.41096947742212731,72],[0.21718341604226482,0.34216364975053037,163],[0.41511372793217688,0.27724241862688359,163],[-0.41511372793217688,0.72275758137311641,346],[-0.21718341604226482,0.65783635024946963,324],[-0.82624169445882645,0.93432158943132582,124],[-0.33425258772391037,0.554206857111845,116],[0.82624169445882645,0.065678410568674156,117],[0.33425258772391037,0.44579314288815491,303],[0.46696147424493334,0.40504345426334154,293],[0.21385426014049153,0.37891431567536465,161],[-0.21385426014049153,0.62108568432463529,6],[-0.46696147424493334,0.59495654573665846,6],[0.26704377361744996,0.81745733312982827,192],[-0.26704377361744996,0.18254266687017173,262],[0.42401475210648226,0.72618073051285692,77],[-0.38801234639888488,0.76623545554784767,126],[-0.28488772962464254,0.19458901412507051,78],[0.28488772962464254,0.80541098587492943,309],[0.38801234639888488,0.23376454445215239,333],[-0.42401475210648226,0.27381926948714308,156],[-0.1601370248140141,0.941250107554341,229],[0.1601370248140141,0.05874989244565898,49],[-0.26159213707740442,0.55510592386124946,108],[0.26159213707740442,0.44489407613875054,229],[-0.48914280716736508,0.69706324615721638,108],[0.57550450281269727,0.23797085318590683,45],[-0.57550450281269727,0.76202914681409317,86],[0.48914280716736508,0.30293675384278357,164],[0.11209633403506263,0.11314050736863845,275],[-0.11209633403506263,0.88685949263136155,28],[0.41364138163246061,0.68038848580559419,298],[-0.30930204682084145,0.325740851638582,40],[-0.41364138163246061,0.31961151419440581,101],[-0.038992643883451847,0.83406412505512539,100],[0.30930204682084145,0.674259148361418,37],[0.038992643883451847,0.16593587494487461,107],[-0.82602311054365063,0.2778613594025775,350],[0.42101350058193793,0.37041898942825252,79],[-0.42101350058193793,0.62958101057174742,29],[0.26930834559887712,0.5065065662267354,87],[-0.26930834559887712,0.4934934337732646,272],[0.82602311054365063,0.7221386405974225,93],[0.18768122441370844,0.74759600896023259,130],[-0.18768122441370844,0.25240399103976741,95]],"learnOrder":[0,1,5,8,2,6,7,3,4,6,1,3,2,4,8,7,5,3,4,7,8,6,5,1,2,8,6,4,2,7,1,5,3,3,7,8,6,1,5,2,4,3,7,4,8,6,5,1,2,5,1,2,3,6,4,7,8,5,3,7,4,8,1,2,6]},"distEstPair":{"pairList":[[0,0],[3,4],[6,8],[5,6],[1,6],[1,7],[3,5],[2,3],[7,8],[5,8],[3,7],[2,6],[1,2],[6,7],[4,6],[3,8],[2,4],[1,5],[1,8],[4,7],[2,8],[5,7],[1,4],[2,7],[1,3],[4,5],[3,6],[4,8],[2,5],[5,3],[8,6],[2,1],[7,3],[4,1],[6,2],[8,7],[8,1],[8,4],[8,3],[6,4],[6,1],[5,2],[7,4],[3,1],[8,5],[8,2],[6,3],[5,4],[4,3],[7,2],[6,5],[5,1],[7,5],[4,2],[7,1],[3,2],[7,6]]},"distEst2AFC":{"triplet":[[0,0,0],[3,5,2],[4,1,6],[6,5,7],[7,6,1],[1,7,5],[2,4,6],[1,7,5],[5,1,3],[5,4,3],[1,5,7],[8,2,6],[5,3,6],[2,3,1],[5,6,3],[6,7,5],[7,1,6],[5,3,6],[8,6,4],[3,2,5],[5,3,4],[2,1,3],[6,7,5],[2,1,3],[7,6,1],[5,1,3],[1,5,7],[2,3,1],[4,7,2],[5,3,4],[6,3,8],[6,8,2],[6,5,7],[5,6,3],[5,4,3],[2,6,1],[7,1,6],[3,2,5],[5,3,1],[3,5,2],[5,3,1]]}}