{"objLoc":[[0,0,0],[0.1,0.9,154],[0.9,0.9,294],[0.9,0.1,265],[0.7,0.7,313],[-0.1,0.1,139],[-0.9,0.1,353],[-0.9,0.9,322],[-0.7,0.3,76]],"objIdentity":[0,7,8,2,1,5,4,6,3],"familiarise":{"path":[[0,0.5,359],[-0.40450849718747373,0.20610737385376343,34],[-0.038831646377888496,0.54710655388501273,11],[0.45926570266798428,0.59068442525884179,83],[0.26390013842334736,0.13043199853262161,242],[-0.71772704502431661,0.32124099390916638,79],[-0.59676609722448271,0.80638885704716468,293],[0.39775579814379058,0.70186039377951115,97],[0.69164842429002715,0.29735189659203742,251],[0.20650056115202892,0.41831284439187127,271],[-0.29076038653210773,0.36604861275804451,209],[0.20650056115202892,0.31378438112421775,146],[-0.043499438847971084,0.746797083016437,252],[0.44368559354464654,0.85927261018836953,188],[-0.53446200718915915,0.65136091937061025,273],[0.45034574582304887,0.47771274170367994,344]]},"objlocLearn":{"learnOrder":[0,3,7,8,2,4,5,6,1],"startLoc":[[0,0,0],[0.5,0.9,240],[-0.5,0.1,0],[0.5,0.5,60],[-0.1,0.5,180],[-0.5,0.5,50],[-0.1,0.9,300],[0.1,0.5,190],[0.1,0.1,10]]},"objlocTestRun1":{"startLoc":[[0,0,0],[-0.29643726070043325,0.93939624138376465,233],[-0.93823750060689726,0.928584670846295,74],[0.29643726070043325,0.060603758616235348,105],[-0.92066068930414779,0.11285235956544226,174],[0.082633873390941262,0.1597980656777731,261],[0.92066068930414779,0.88714764043455774,291],[0.93823750060689726,0.07141532915370491,114],[-0.082633873390941262,0.8402019343222269,57],[0.14824034061932162,0.61654082783542807,203],[-0.055413946116682891,0.46886445730554227,298],[-0.59812778616512663,0.55701202980168341,265],[-0.14824034061932162,0.38345917216457193,78],[-0.82779380099382638,0.3749511384849008,1],[0.055413946116682891,0.53113554269445773,151],[0.82779380099382638,0.6250488615150992,69],[0.59812778616512663,0.44298797019831659,235],[0.10644831603542344,0.82616130302714086,359],[0.4928239938474383,0.31221263976509278,205],[0.84394411367657662,0.58555712197150167,62],[0.01238872856237154,0.23500874487578005,55],[-0.84394411367657662,0.41444287802849833,7],[-0.10644831603542344,0.17383869697285914,45],[-0.4928239938474383,0.68778736023490716,243],[-0.01238872856237154,0.76499125512422,188]],"learnOrder":[0,6,8,2,7,1,3,4,5,7,5,8,3,6,1,2,4,4,3,1,6,5,8,7,2]},"objlocTestRun2":{"startLoc":[[0,0,0],[-0.050267278419269631,0.17498821193710065,255],[0.050267278419269631,0.82501178806289932,353],[0.0741205208943833,0.70344482224102922,217],[-0.17452815150961037,0.51276472894112712,12],[-0.42173271493251713,0.51291174211894719,41],[0.17452815150961037,0.48723527105887288,346],[0.42173271493251713,0.48708825788105281,293],[-0.0741205208943833,0.29655517775897078,12],[-0.090771185912440641,0.86591915310518541,3],[-0.20028113662674024,0.91878859287076176,37],[0.20028113662674024,0.081211407129238244,70],[0.0074585929949906732,0.52597186330872914,166],[-0.0074585929949906732,0.47402813669127092,257],[-0.31596186427566314,0.20294749835076031,323],[0.31596186427566314,0.79705250164923969,197],[0.090771185912440641,0.13408084689481459,327],[0.74761119507165041,0.31445090607047083,226],[0.56887737351057854,0.909684684861938,306],[0.76182596042609219,0.27335434689404692,299],[-0.56887737351057854,0.090315315138061972,345],[-0.46216751552820851,0.57520646938265552,326],[-0.74761119507165041,0.68554909392952923,318],[-0.76182596042609219,0.72664565310595308,234],[0.46216751552820851,0.42479353061734448,316]],"learnOrder":[0,2,6,5,3,4,7,8,1,3,2,6,8,4,5,1,7,3,5,8,1,6,7,4,2]},"distEstPair":{"pairList":[[0,0],[6,8],[4,8],[5,6],[1,4],[5,4],[4,7],[5,7],[4,2],[4,3],[4,1],[1,5],[2,3],[6,4],[7,1],[6,2],[6,5],[2,8],[1,3],[3,2],[5,2],[2,7],[2,1],[8,5],[7,5],[3,6],[7,6],[8,6],[1,2],[6,7],[3,4],[3,5],[7,8],[8,1],[2,4],[8,3],[8,7],[5,8],[7,3],[3,1],[1,6]]},"distEstEgo":{"pairList":[[0,0],[6,5],[7,3],[8,6],[6,7],[3,2],[2,1],[5,6],[7,6],[4,2],[2,8],[1,2],[2,3]]},"distEst2AFC":{"triplet":[[0,0,0],[4,3,1],[7,8,2],[6,7,5],[3,7,1],[5,7,6],[3,4,6],[2,3,1],[8,7,5],[2,1,3],[6,5,7],[4,3,1],[7,3,5],[4,1,3],[6,5,7],[5,8,7],[2,3,1],[6,7,5],[1,4,3],[8,5,7],[2,1,3],[8,5,7],[1,3,2],[8,7,5],[4,1,3]]}}