{"objLoc":[[0,0,0],[0,0.95,139],[0.9,0.95,310],[0.9,0.05,340],[0.7,0.75,254],[0,0.05,229],[-0.9,0.05,219],[-0.9,0.95,73],[-0.7,0.25,140]],"objIdentity":[0,2,1,3,4,5,7,8,6],"familiarise":{"path":[[0,0.5,170],[0.5,0.9,248],[0.9,0.1,182],[-0.9,0.2,297],[-0.7,0.7,346],[0.5,0.5,309],[0,0.2,112],[-0.2,0.8,198],[-0.5,0.1,236],[0.7,0.4,343],[0.9,0.9,351],[-0.5,0.5,162],[0.5,0.9,288],[0.5,0.1,263],[-0.6,0.8,32]]},"objlocLearn":{"learnOrder":[0,8,4,5,6,3,7,1,2],"startLoc":[[0,0,0],[0.5,0.5,60],[-0.5,0.5,50],[-0.1,0.9,300],[0.1,0.5,190],[0.5,0.9,240],[-0.5,0.1,0],[0.1,0.1,10],[-0.1,0.5,180]]},"objlocTestRun1":{"startLoc":[[0,0,0],[0.59987047490399081,0.5512699760878611,127],[0.27331135852478022,0.48142731301557551,267],[-0.28179945187367478,0.57445370396838513,283],[-0.46677034987915594,0.92058630488006632,49],[-0.59987047490399081,0.4487300239121389,336],[-0.27331135852478022,0.51857268698442449,219],[0.28179945187367478,0.42554629603161487,9],[0.46677034987915594,0.079413695119933667,153],[0.39760159485892538,0.3296054640599867,346],[-0.030583944821796341,0.6822235436373516,92],[0.030583944821796341,0.31777645636264834,161],[-0.39760159485892538,0.6703945359400133,224],[-0.18695880334451992,0.83552631559116308,73],[-0.16094929757360016,0.3989650042316345,245],[0.16094929757360016,0.6010349957683655,338],[0.18695880334451992,0.16447368440883695,265],[-0.38887611107156989,0.14293534465587848,228],[0.081354435546510742,0.81466331471093989,357],[-0.081354435546510742,0.18533668528906011,277],[0.38887611107156989,0.85706465534412146,260],[-0.797695858125157,0.42862055077163419,263],[0.59250558804912568,0.24609085016519233,340],[0.797695858125157,0.57137944922836581,89],[-0.59250558804912568,0.75390914983480761,192],[-0.26577468260699183,0.83611958181239177,199],[0.32328926000208796,0.6295990092688063,92],[0.26577468260699183,0.16388041818760823,339],[-0.94804535294507719,0.91671719975150157,150],[0.94804535294507719,0.08328280024849849,110],[0.77819065042162394,0.84094894616470828,278],[-0.77819065042162394,0.15905105383529172,56],[-0.32328926000208796,0.3704009907311937,335],[-0.67475970728141133,0.74990354789012037,11],[0.041012745532333764,0.34404890121806886,316],[0.30876667386181439,0.40212375160789671,215],[0.93479712964115347,0.3415926883821595,179],[-0.30876667386181439,0.59787624839210329,308],[-0.041012745532333764,0.65595109878193114,312],[0.67475970728141133,0.25009645210987957,287],[-0.93479712964115347,0.6584073116178405,292],[0.29407992326666038,0.18552374590808335,268],[0.18669203005630503,0.51913614715798473,254],[-0.29407992326666038,0.8144762540919166,27],[-0.18669203005630503,0.48086385284201522,4],[0.2859887399085867,0.90464676112154074,34],[-0.2859887399085867,0.095353238878459257,110],[-0.43471355133182826,0.37758322863446603,344],[0.43471355133182826,0.622416771365534,117],[0.079669275110410151,0.92556275343327532,32],[0.86355501743515362,0.12961905975744342,282],[-0.079669275110410151,0.074437246566724666,187],[-0.33618395420539321,0.49090806375306129,98],[0.33618395420539321,0.50909193624693871,146],[-0.15636102353610598,0.31533159783763065,87],[-0.86355501743515362,0.87038094024255663,279],[0.15636102353610598,0.68466840216236935,174],[-0.59374766296377279,0.47536006834707767,214],[-0.13206402222024821,0.62304280397563361,88],[0.59374766296377279,0.52463993165292233,137],[0.13206402222024821,0.37695719602436639,127],[-0.47627652562169326,0.18258088062915317,67],[0.049940978820707874,0.46010439381179319,58],[-0.049940978820707874,0.53989560618820676,4],[0.47627652562169326,0.81741911937084688,25],[0.47486741183776809,0.55231411705581346,181],[-0.47486741183776809,0.44768588294418649,31],[-0.26937372898011697,0.46042652245741189,237],[0.26937372898011697,0.53957347754258811,69],[-0.17546060589831486,0.85353523574804846,27],[-0.022784414290225666,0.064809698301205088,154],[0.022784414290225666,0.93519030169879491,234],[0.17546060589831486,0.14646476425195154,316],[-0.21991741876908816,0.57500934249492841,321],[-0.501056172271594,0.23961042676615729,242],[0.11218163625127113,0.5463989185965854,172],[0.19240902356493134,0.3465118015572658,123],[-0.11218163625127113,0.4536010814034146,244],[0.21991741876908816,0.42499065750507159,76],[-0.19240902356493134,0.6534881984427342,303],[0.501056172271594,0.76038957323384271,199]],"learnOrder":[0,5,8,6,7,1,4,2,3,6,7,3,2,5,8,4,1,4,3,7,8,6,1,2,5,3,2,7,8,4,5,1,6,7,4,2,1,6,8,3,5,4,5,8,1,3,7,6,2,6,4,2,7,3,1,8,5,8,5,4,1,3,2,6,7,5,1,6,2,3,8,4,7,6,3,8,1,4,2,5,7]},"distEstPair":{"pairList":[[0,0],[1,8],[1,5],[3,5],[1,3],[1,4],[4,7],[2,7],[2,4],[5,6],[2,5],[3,7],[5,8],[3,8],[2,6],[6,7],[2,3],[5,7],[6,8],[1,7],[4,8],[2,8],[4,6],[4,5],[1,6],[3,4],[7,8],[3,6],[1,2],[3,2],[6,3],[7,4],[8,2],[5,1],[8,4],[2,1],[7,3],[8,1],[4,2],[8,3],[8,7],[4,1],[6,2],[7,5],[7,1],[4,3],[8,6],[5,3],[7,6],[6,1],[6,4],[5,4],[6,5],[8,5],[7,2],[3,1],[5,2]]},"distEst2AFC":{"triplet":[[0,0,0],[7,6,1],[5,6,7],[3,5,2],[1,7,2],[5,3,6],[4,1,7],[3,5,2],[1,2,7],[7,1,6],[5,6,3],[4,2,7],[3,2,5],[6,2,8],[1,7,2],[6,8,1],[3,2,5],[2,4,5],[7,6,1],[8,6,7],[1,2,7],[5,6,3],[7,1,6],[2,3,4],[5,3,6]]}}