{"objLoc":[[0,0,0],[0,0.95,28],[0.9,0.95,281],[0.9,0.05,158],[0.7,0.75,261],[0,0.05,353],[-0.9,0.05,194],[-0.9,0.95,181],[-0.7,0.25,26]],"objIdentity":[0,6,1,7,5,2,3,4,8],"familiarise":{"path":[[0,0.5,77],[0.5,0.9,163],[0.9,0.1,336],[-0.9,0.2,9],[-0.7,0.7,217],[0.5,0.5,343],[0,0.2,83],[-0.2,0.8,198],[-0.5,0.1,328],[0.7,0.4,48],[0.9,0.9,189],[-0.5,0.5,271],[0.5,0.9,241],[0.5,0.1,169],[-0.6,0.8,74]]},"objlocLearn":{"learnOrder":[0,7,4,2,3,1,8,6,5],"startLoc":[[0,0,0],[-0.5,0.1,0],[-0.5,0.5,50],[-0.1,0.5,180],[0.5,0.9,240],[0.1,0.1,10],[0.5,0.5,60],[0.1,0.5,190],[-0.1,0.9,300]]},"objlocTestRun1":{"startLoc":[[0,0,0],[-0.42550680817167935,0.45755863929176038,26],[-0.39784934807790412,0.47808896291132252,130],[0.29728059356171926,0.65801644729480135,151],[0.39784934807790412,0.52191103708867748,66],[-0.29728059356171926,0.3419835527051987,188],[0.046047451093935973,0.23291513876128789,193],[-0.046047451093935973,0.76708486123871211,115],[0.42550680817167935,0.54244136070823967,266],[0.37920408179572457,0.80104873958079126,58],[-0.27934110470565016,0.64165951650178243,70],[0.41276024132293693,0.18243281474752376,128],[0.37270488068224078,0.9099214907026334,137],[-0.41276024132293693,0.81756718525247618,75],[-0.37920408179572457,0.19895126041920869,331],[0.27934110470565016,0.35834048349821757,299],[-0.37270488068224078,0.0900785092973666,39],[0.3016216920128762,0.11232686300885192,134],[0.16168663211082129,0.54669140824754892,84],[-0.16168663211082129,0.45330859175245103,163],[-0.3016216920128762,0.88767313699114814,100],[-0.24633294232273312,0.46318368010228828,181],[0.24633294232273312,0.53681631989771172,333],[-0.34753632331329326,0.90218417839433818,138],[0.34753632331329326,0.0978158216056618,235],[0.27156580612953,0.21845340485266429,215],[-0.52231071404663254,0.23324836929570636,271],[0.52231071404663254,0.76675163070429364,23],[0.36317989875878548,0.41666478140896424,269],[-0.27156580612953,0.78154659514733571,341],[0.41671583276717888,0.42169264620245112,218],[-0.41671583276717888,0.57830735379754894,104],[-0.36317989875878548,0.58333521859103576,243],[-0.13736081724765398,0.58986899378910174,257],[0.13736081724765398,0.41013100621089826,237],[0.042541243203062587,0.46456726654694919,53],[0.50327122621081788,0.081526100417485758,351],[-0.042541243203062587,0.53543273345305087,344],[0.77220421141224338,0.21240645728241347,153],[-0.77220421141224338,0.78759354271758653,214],[-0.50327122621081788,0.91847389958251424,15],[0.43350643797955407,0.78910484747590359,356],[-0.4581258585352021,0.56986336072117361,295],[0.52860584293340351,0.84856005666746137,230],[0.4581258585352021,0.43013663927882634,274],[0.05258440705203575,0.1926709565914424,68],[-0.05258440705203575,0.8073290434085576,111],[-0.52860584293340351,0.15143994333253863,89],[-0.43350643797955407,0.21089515252409641,215],[-0.070306851106607657,0.71766248061512017,34],[-0.13973821189860963,0.620941881770455,323],[0.13973821189860963,0.37905811822954505,167],[-0.49497872796253789,0.94357105224890137,161],[0.070306851106607657,0.28233751938487983,38],[0.33234566274689653,0.77043114409861724,247],[-0.33234566274689653,0.22956885590138276,295],[0.49497872796253789,0.056428947751098649,227],[-0.026932065453096385,0.17318850691770579,88],[-0.71377627725315818,0.70109323479397923,283],[-0.04352178195385599,0.57660261940450108,53],[0.71377627725315818,0.29890676520602077,298],[-0.15151201602218339,0.46682259623433259,210],[0.15151201602218339,0.53317740376566736,105],[0.04352178195385599,0.42339738059549886,185],[0.026932065453096385,0.82681149308229418,227]],"learnOrder":[0,1,6,7,2,3,8,4,5,7,1,4,2,8,3,5,6,4,7,3,8,1,5,6,2,8,7,3,6,4,1,5,2,4,8,3,6,7,1,5,2,4,5,3,1,6,2,7,8,2,1,5,8,6,3,7,4,2,7,5,3,4,8,1,6]},"distEstPair":{"pairList":[[0,0],[3,6],[5,7],[2,8],[1,7],[5,6],[1,2],[2,3],[3,5],[4,7],[6,8],[6,7],[1,4],[2,6],[2,5],[3,4],[3,8],[4,6],[1,8],[5,8],[3,7],[2,4],[1,6],[1,3],[7,8],[1,5],[4,5],[2,7],[4,8],[7,2],[8,6],[8,5],[4,2],[8,1],[8,2],[6,4],[8,3],[5,3],[8,4],[6,2],[4,3],[5,4],[2,1],[4,1],[7,4],[5,2],[7,6],[7,1],[3,2],[7,5],[6,3],[3,1],[6,1],[7,3],[8,7],[6,5],[5,1]]},"distEst2AFC":{"triplet":[[0,0,0],[2,3,4],[1,7,2],[7,1,6],[4,2,7],[5,6,3],[4,1,7],[7,6,1],[3,2,5],[1,2,7],[5,3,6],[1,7,2],[7,1,6],[3,5,2],[7,6,1],[2,4,5],[3,2,5],[1,2,7],[8,6,7],[5,6,3],[5,6,7],[3,5,2],[6,8,1],[6,2,8],[5,3,6]]}}