{"objLoc":[[0,0,0],[0,0.95,263],[0.9,0.95,217],[0.9,0.05,343],[0.7,0.75,52],[0,0.05,291],[-0.9,0.05,131],[-0.9,0.95,68],[-0.7,0.25,94]],"objIdentity":[0,8,2,6,7,5,1,4,3],"familiarise":{"path":[[0,0.5,82],[0.5,0.9,136],[0.9,0.1,163],[-0.9,0.2,89],[-0.7,0.7,166],[0.5,0.5,76],[0,0.2,242],[-0.2,0.8,163],[-0.5,0.1,214],[0.7,0.4,118],[0.9,0.9,81],[-0.5,0.5,78],[0.5,0.9,62],[0.5,0.1,9],[-0.6,0.8,227]]},"objlocLearn":{"learnOrder":[0,8,4,7,2,5,3,1,6],"startLoc":[[0,0,0],[0.5,0.5,60],[-0.5,0.5,50],[-0.5,0.1,0],[-0.1,0.5,180],[-0.1,0.9,300],[0.5,0.9,240],[0.1,0.1,10],[0.1,0.5,190]]},"objlocTestRun1":{"startLoc":[[0,0,0],[-0.51619232014980465,0.093945415545031885,70],[-0.37028009398581546,0.7679755091214383,211],[0.66360748171844208,0.51513394937432289,213],[0.84955683936123827,0.27558013853735003,48],[0.51619232014980465,0.90605458445496811,142],[0.37028009398581546,0.2320244908785617,62],[-0.66360748171844208,0.48486605062567711,200],[-0.84955683936123827,0.72441986146265,280],[-0.79074706204368894,0.55074629305474354,118],[0.52022862661110758,0.80120415064737038,175],[0.27785147224952705,0.37420768988417419,230],[-0.27785147224952705,0.62579231011582581,10],[0.79074706204368894,0.4492537069452564,56],[-0.52022862661110758,0.19879584935262962,108],[-0.76541955316745058,0.25603445459881857,351],[0.76541955316745058,0.74396554540118143,331],[0.25112200373443566,0.33639493745161086,109],[-0.018044152521975151,0.89390056880672741,342],[-0.25112200373443566,0.66360506254838914,59],[-0.15311515997465336,0.21830876429831153,339],[0.018044152521975151,0.10609943119327259,239],[0.6438760224187694,0.1437872809797256,117],[0.15311515997465336,0.78169123570168852,265],[-0.6438760224187694,0.8562127190202744,331],[0.25193096874589388,0.46849717033298477,122],[0.09364106834959,0.2418081172187434,159],[0.28164715259187173,0.51598253854729093,292],[-0.28164715259187173,0.48401746145270907,119],[0.8148689322688889,0.25046516032663491,102],[-0.09364106834959,0.7581918827812566,123],[-0.25193096874589388,0.53150282966701523,312],[-0.8148689322688889,0.74953483967336509,344],[0.57381767184945409,0.41254135842423029,323],[-0.010196073044584766,0.57833976859359226,322],[-0.15313987475012175,0.73397361845705711,281],[-0.70125378242551628,0.30893724933861655,277],[0.70125378242551628,0.69106275066138345,160],[0.010196073044584766,0.42166023140640768,149],[0.15313987475012175,0.26602638154294284,289],[-0.57381767184945409,0.58745864157576966,62],[-0.54122519633582145,0.78661980252642449,319],[0.45766047970117424,0.78505453682243542,302],[1.4214916119456578E-5,0.079537857307022564,99],[0.57676258935806279,0.30045514221300196,258],[0.54122519633582145,0.21338019747357551,185],[-0.45766047970117424,0.21494546317756458,172],[-0.57676258935806279,0.699544857786998,273],[-1.4214916119456578E-5,0.92046214269297744,91],[0.67204648783207022,0.12648165251002685,174],[0.31428585182672925,0.70701565767654473,129],[0.60382506835276684,0.40954477518619081,165],[-0.60382506835276684,0.59045522481380919,298],[-0.31428585182672925,0.29298434232345533,59],[-0.34230435784673346,0.76511897705966936,140],[0.34230435784673346,0.2348810229403307,74],[-0.67204648783207022,0.87351834748997315,58],[-0.1890709747949692,0.36435848514536473,214],[0.1890709747949692,0.63564151485463527,208],[-0.1644742473592688,0.40877098278943513,176],[0.79227592268453406,0.76342613087571753,203],[-0.79227592268453406,0.23657386912428241,4],[0.1644742473592688,0.59122901721056487,189],[0.11760560381722969,0.94394434140787242,256],[-0.11760560381722969,0.056055658592127577,273],[-0.70080389287448,0.3047439226660148,84],[0.57493797354899123,0.34598634292474134,248],[0.74145536649008759,0.16232920882781104,63],[0.70080389287448,0.6952560773339852,64],[-0.57493797354899123,0.6540136570752586,215],[-0.16370901041222136,0.49170188952100979,97],[-0.74145536649008759,0.837670791172189,129],[0.16370901041222136,0.50829811047899021,317],[0.53384833652615793,0.40180127680084571,4],[0.2175607324020627,0.56843302564904663,178],[0.4412834204327179,0.29007790120869859,84],[-0.3185108097952582,0.589749189929474,116],[0.3185108097952582,0.41025081007052594,320],[-0.4412834204327179,0.70992209879130141,265],[-0.2175607324020627,0.43156697435095343,44],[-0.53384833652615793,0.59819872319915435,87]],"learnOrder":[0,7,4,5,2,3,8,1,6,8,3,5,1,4,7,6,2,2,3,6,1,7,8,5,4,7,6,5,1,4,2,3,8,1,8,7,6,2,4,3,5,7,4,6,5,3,8,1,2,3,6,8,4,2,5,1,7,4,8,7,5,1,3,2,6,5,4,2,1,8,7,6,3,4,6,7,5,1,3,2,8]},"distEstPair":{"pairList":[[0,0],[2,3],[2,4],[6,8],[3,8],[5,7],[1,3],[1,8],[2,5],[4,6],[3,4],[2,7],[1,6],[2,6],[4,5],[5,8],[4,7],[6,7],[3,5],[1,7],[3,6],[5,6],[1,2],[1,4],[7,8],[3,7],[1,5],[4,8],[2,8],[7,1],[6,5],[5,1],[4,1],[4,2],[7,6],[3,2],[6,4],[8,3],[8,5],[3,1],[6,2],[8,4],[7,2],[8,2],[5,4],[4,3],[5,3],[5,2],[6,1],[7,3],[6,3],[7,5],[8,1],[8,6],[8,7],[7,4],[2,1]]},"distEst2AFC":{"triplet":[[0,0,0],[5,3,6],[6,2,8],[7,6,1],[1,7,2],[3,5,2],[2,3,4],[7,1,6],[1,2,7],[3,5,2],[6,8,1],[4,1,7],[1,7,2],[7,6,1],[5,6,3],[2,4,5],[7,1,6],[8,6,7],[5,6,3],[1,2,7],[3,2,5],[5,3,6],[3,2,5],[5,6,7],[4,2,7]]}}