{"objLoc":[[0,0,0],[0.1,0.9,103],[0.9,0.9,345],[0.9,0.1,278],[0.7,0.7,356],[-0.1,0.1,75],[-0.9,0.1,50],[-0.9,0.9,328],[-0.7,0.3,25]],"objIdentity":[0,7,1,3,8,4,6,2,5],"familiarise":{"path":[[0,0.5,111],[0.46984631039295421,0.32898992833716567,60],[0.4089116386903805,0.82526300415782661,293],[0.83293568676859353,0.56030337204122416,322],[0.3330118391903979,0.56902957525986586,327],[-0.10429801437929997,0.32662476513669736,347],[0.01666293342053389,0.81177262827469554,167],[0.11206743110880629,0.32095903655086355,169],[-0.30245135516871452,0.600555488286237,355],[0.69207054019955883,0.70508395155389048,112],[0.3263936893899736,0.36408477152264118,184],[0.61318190756549662,0.77366079366713714,86],[-0.33233666803382023,0.44809263920998044,143],[0.665227382226004,0.37833616546585513,209],[-0.327318769415318,0.50020550887100268,113],[0.13293365731090218,0.69557107311563959,348]]},"objlocLearn":{"learnOrder":[0,5,2,6,7,3,4,8,1],"startLoc":[[0,0,0],[-0.1,0.9,300],[-0.1,0.5,180],[0.1,0.5,190],[-0.5,0.1,0],[0.5,0.9,240],[-0.5,0.5,50],[0.5,0.5,60],[0.1,0.1,10]]},"objlocTestRun1":{"startLoc":[[0,0,0],[-0.93106223189388659,0.72779293930571187,274],[0.50456710683130468,0.77810196404113885,47],[0.88390145331473868,0.31220161211860809,55],[-0.88390145331473868,0.68779838788139191,29],[0.93106223189388659,0.27220706069428818,267],[-0.093672506358452437,0.78373925129401023,75],[0.093672506358452437,0.21626074870598971,162],[-0.50456710683130468,0.22189803595886115,44],[-0.028206851957981269,0.54257735647621608,342],[0.012722658527287864,0.91941440254242979,171],[-0.63475265980064832,0.097188955816200767,186],[0.028206851957981269,0.45742264352378392,45],[0.63475265980064832,0.90281104418379921,232],[0.26465604091243849,0.46253073339342732,268],[-0.26465604091243849,0.53746926660657268,218],[-0.012722658527287864,0.080585597457570157,108],[-0.037060348840732019,0.66292870842012652,341],[-0.20182775010689707,0.79884536517427518,36],[0.20182775010689707,0.20115463482572482,125],[-0.063790264921090009,0.10921581386095487,268],[-0.73416381162834909,0.75401451311914713,152],[0.063790264921090009,0.89078418613904509,101],[0.73416381162834909,0.24598548688085287,118],[0.037060348840732019,0.33707129157987342,195],[0.68611750802706939,0.2561787194406106,265],[-0.65935613383076963,0.51312274468076891,176],[-0.41548418596911846,0.82625844936388426,279],[0.65935613383076963,0.48687725531923109,64],[-0.46529629550492285,0.0741758529712891,102],[-0.68611750802706939,0.74382128055938934,315],[0.41548418596911846,0.17374155063611571,193],[0.46529629550492285,0.92582414702871085,125],[-0.1453390094473947,0.78635866255474851,305],[-0.011101367297706874,0.23314965433872203,18],[0.85162660793042066,0.090458992773731678,316],[-0.85162660793042066,0.90954100722626829,186],[0.011101367297706874,0.766850345661278,256],[-0.30042185999115117,0.728514183842869,103],[0.1453390094473947,0.21364133744525143,10],[0.30042185999115117,0.271485816157131,11],[-0.54364215302221441,0.7716557369282111,116],[-0.067727949637069,0.90101957086731743,327],[0.067727949637069,0.098980429132682568,344],[0.11296827584044537,0.6354380345198376,79],[0.83327154290035055,0.56555661548661063,72],[-0.11296827584044537,0.3645619654801624,273],[-0.83327154290035055,0.43444338451338937,296],[0.54364215302221441,0.22834426307178884,14],[-0.46819412271770883,0.080339640435112436,241],[0.46819412271770883,0.91966035956488756,269],[-0.29478979691600243,0.90914137162648756,231],[-0.76501778214008276,0.72410946150314792,318],[-0.56191937724747043,0.7117287381125128,57],[0.29478979691600243,0.09085862837351244,157],[0.76501778214008276,0.27589053849685208,335],[0.56191937724747043,0.28827126188748714,84],[0.27451671684805062,0.41305954038105258,305],[0.41270464502491361,0.49908986046348713,277],[-0.27451671684805062,0.58694045961894736,120],[0.77145281989611147,0.38391234901728166,338],[0.94910586640382932,0.82225584966355725,137],[-0.77145281989611147,0.61608765098271834,238],[-0.94910586640382932,0.17774415033644275,200],[-0.41270464502491361,0.50091013953651287,323]],"learnOrder":[0,6,7,5,1,2,8,4,3,1,7,4,5,8,6,2,3,7,1,5,2,4,6,8,3,1,8,6,4,3,5,2,7,8,3,2,6,7,5,4,1,5,2,6,8,3,4,7,1,5,1,4,7,6,8,3,2,4,7,8,2,5,6,1,3]},"distEstPair":{"pairList":[[0,0],[3,4],[2,8],[2,5],[2,4],[1,5],[2,7],[5,6],[7,8],[1,2],[4,6],[1,4],[3,5],[1,7],[5,8],[6,8],[1,3],[6,7],[1,8],[2,3],[3,6],[4,8],[5,7],[1,6],[3,8],[2,6],[4,5],[4,7],[3,7],[8,6],[6,3],[5,2],[3,2],[6,5],[8,2],[7,4],[5,1],[8,7],[6,1],[8,1],[6,2],[7,5],[5,3],[7,1],[4,3],[8,5],[3,1],[6,4],[7,2],[8,3],[4,2],[8,4],[2,1],[7,3],[7,6],[5,4],[4,1]]},"distEst2AFC":{"triplet":[[0,0,0],[3,2,5],[7,1,6],[6,7,5],[7,6,1],[1,7,5],[3,2,5],[2,1,3],[7,1,6],[6,7,5],[6,8,2],[1,7,5],[2,1,3],[4,1,6],[2,4,6],[3,5,2],[5,3,1],[6,3,8],[5,3,1],[6,5,7],[1,5,7],[5,1,3],[6,5,7],[2,6,1],[7,6,1],[8,2,6],[3,5,2],[2,3,1],[1,5,7],[5,1,3],[8,6,4],[4,7,2],[2,3,1]]}}