{"objLoc":[[0,0,0],[0,0.95,151],[0.9,0.95,260],[0.9,0.05,1],[0.7,0.75,109],[0,0.05,53],[-0.9,0.05,34],[-0.9,0.95,68],[-0.7,0.25,125]],"objIdentity":[0,7,5,1,3,2,8,4,6],"familiarise":{"path":[[0,0.5,151],[0.5,0.9,202],[0.9,0.1,51],[-0.9,0.2,72],[-0.7,0.7,289],[0.5,0.5,349],[0,0.2,113],[-0.2,0.8,250],[-0.5,0.1,316],[0.7,0.4,323],[0.9,0.9,31],[-0.5,0.5,15],[0.5,0.9,62],[0.5,0.1,317],[-0.6,0.8,36]]},"objlocLearn":{"learnOrder":[0,8,5,1,3,6,4,7,2],"startLoc":[[0,0,0],[0.5,0.5,60],[-0.1,0.9,300],[0.1,0.1,10],[0.5,0.9,240],[0.1,0.5,190],[-0.5,0.5,50],[-0.5,0.1,0],[-0.1,0.5,180]]},"objlocTestRun1":{"startLoc":[[0,0,0],[-0.944913415857813,0.7948935424892043,342],[0.1632936231428202,0.32503985804502933,298],[-0.752183814572527,0.56471792911583463,6],[-0.47527419839543822,0.060025019984154659,64],[0.47527419839543822,0.93997498001584534,120],[0.944913415857813,0.2051064575107957,48],[0.752183814572527,0.43528207088416543,292],[-0.1632936231428202,0.67496014195497067,125],[-0.4715147433216948,0.69760040714203542,339],[0.16305938789888502,0.9050418869485215,210],[0.4715147433216948,0.30239959285796464,317],[-0.16305938789888502,0.094958113051478443,305],[-0.68944207570513227,0.88933591673344725,326],[0.68944207570513227,0.11066408326655275,166],[0.88319608958193263,0.64709734803660335,197],[-0.88319608958193263,0.35290265196339665,288],[0.37395450683081027,0.10940015544985623,103],[0.5496307240578282,0.14290340591987782,177],[-0.37395450683081027,0.89059984455014374,216],[0.068203171239471908,0.64741518069781,6],[-0.5496307240578282,0.85709659408012218,214],[0.23122186839733122,0.15327137565803767,157],[-0.23122186839733122,0.84672862434196228,291],[-0.068203171239471908,0.35258481930219,114],[0.392133118090009,0.69100219527228612,322],[-0.028289312910786249,0.099864719608267927,209],[0.485379799944686,0.72848856961512176,67],[-0.85402959154343527,0.5450790798680536,284],[-0.392133118090009,0.30899780472771388,221],[-0.485379799944686,0.27151143038487824,20],[0.028289312910786249,0.90013528039173207,152],[0.85402959154343527,0.45492092013194646,245],[0.16445457695378657,0.86306172375909518,331],[0.70294571297527242,0.93256973791673259,1],[-0.16445457695378657,0.13693827624090482,352],[-0.70294571297527242,0.06743026208326737,136],[-0.48219897155421282,0.82402515381459929,351],[0.48219897155421282,0.17597484618540071,218],[-0.14894026733555038,0.582676877514847,299],[0.14894026733555038,0.41732312248515308,207],[0.5840434485480952,0.40790915328698024,227],[-0.13999102467734298,0.9474167056719569,103],[-0.33978751258579271,0.75953469559994691,212],[-0.0737790222491403,0.45246021918281065,271],[0.33978751258579271,0.24046530440005315,309],[0.13999102467734298,0.052583294328043075,272],[0.0737790222491403,0.54753978081718935,252],[-0.5840434485480952,0.5920908467130197,312],[-0.22257533587937534,0.65601958840511343,117],[-0.28924486648353759,0.72573089282254,242],[0.28924486648353759,0.27426910717746,163],[0.64985869548325081,0.16175598360792004,138],[0.22257533587937534,0.34398041159488651,148],[-0.64985869548325081,0.8382440163920799,145],[-0.44546134719277025,0.49241584335230448,115],[0.44546134719277025,0.50758415664769552,224],[-0.41955100987883504,0.5771833443124591,155],[0.84861116427754724,0.43329415505718816,351],[-0.42939617216585763,0.15502451791477112,245],[-0.84861116427754724,0.56670584494281184,72],[0.42939617216585763,0.84497548208522888,154],[0.051410394289457664,0.84734788937969707,124],[-0.051410394289457664,0.15265211062030293,288],[0.41955100987883504,0.4228166556875409,317],[0.89223192180738153,0.55492719733013907,326],[0.67121570767896066,0.41962501678704411,239],[0.27118745599525046,0.13231836417218068,98],[-0.67121570767896066,0.58037498321295589,91],[-0.23497719340565676,0.27415180937539652,308],[-0.27118745599525046,0.86768163582781932,190],[0.23497719340565676,0.72584819062460348,289],[-0.89223192180738153,0.44507280266986093,207],[0.50734887970206111,0.22360532394309873,264],[-0.3795408840397691,0.85789901405495672,187],[0.28709315024209919,0.7070648974114766,278],[-0.50734887970206111,0.77639467605690127,205],[-0.28709315024209919,0.29293510258852345,168],[-0.23438422000442521,0.93576088143809932,124],[0.3795408840397691,0.14210098594504328,25],[0.23438422000442521,0.064239118561900663,137]],"learnOrder":[0,8,6,7,5,1,4,3,2,5,6,1,2,4,8,3,7,4,1,8,2,5,3,7,6,5,6,4,7,1,8,2,3,2,5,6,1,4,8,7,3,2,7,5,8,1,3,4,6,7,2,6,4,3,8,1,5,4,5,6,1,2,3,7,8,4,5,7,1,6,3,2,8,8,5,6,4,2,7,1,3]},"distEstPair":{"pairList":[[0,0],[1,2],[6,8],[3,7],[2,3],[1,4],[3,8],[4,7],[2,6],[6,7],[4,8],[3,6],[2,8],[2,5],[5,7],[2,4],[4,5],[7,8],[1,8],[2,7],[5,8],[1,7],[4,6],[1,5],[5,6],[1,6],[3,5],[3,4],[1,3],[6,1],[8,4],[7,5],[4,3],[3,1],[5,2],[8,7],[6,2],[2,1],[5,3],[6,5],[4,1],[8,2],[3,2],[7,6],[4,2],[8,1],[8,6],[5,1],[8,5],[5,4],[8,3],[7,3],[6,4],[7,4],[7,1],[6,3],[7,2]]},"distEst2AFC":{"triplet":[[0,0,0],[6,2,8],[4,1,7],[8,6,7],[3,5,2],[4,2,7],[1,2,7],[5,6,3],[3,2,5],[5,6,7],[6,8,1],[5,3,6],[7,1,6],[5,6,3],[7,1,6],[5,3,6],[7,6,1],[2,3,4],[3,2,5],[1,2,7],[2,4,5],[1,7,2],[3,5,2],[1,7,2],[7,6,1]]}}