{"objLoc":[[0,0,0],[0.1,0.9,7],[0.9,0.9,321],[0.9,0.1,103],[0.7,0.7,108],[-0.1,0.1,286],[-0.9,0.1,117],[-0.9,0.9,312],[-0.7,0.3,162]],"objIdentity":[0,3,4,2,5,7,1,8,6],"familiarise":{"path":[[0,0.5,138],[-0.424024048078213,0.76495963211660245,228],[0.061123815059785258,0.88592057991643636,351],[-0.82988270912858264,0.43193008017688955,170],[-0.62651438759068256,0.88870280899819,150],[-0.20717910361797054,0.61638329149067639,18],[0.21215618035474149,0.88870280899818987,351],[-0.596860814020206,0.30091755670571674,353],[-0.69226531170847838,0.79173114842954873,236],[-0.1984211414109095,0.8699483809496642,53],[0.3003608837190026,0.83507014407760161,323],[0.3003608837190026,0.33507014407760161,177],[0.20495638603073019,0.82588373580143359,224],[0.66520881275695043,0.63051817155679668,37],[-0.28030976284236642,0.30495001709964,263],[-0.60833927733762,0.682304807211026,46]]},"objlocLearn":{"learnOrder":[0,4,5,6,1,7,2,3,8],"startLoc":[[0,0,0],[-0.5,0.5,50],[-0.1,0.9,300],[0.1,0.5,190],[0.1,0.1,10],[-0.5,0.1,0],[-0.1,0.5,180],[0.5,0.9,240],[0.5,0.5,60]]},"objlocTestRun1":{"startLoc":[[0,0,0],[0.76163550609043962,0.39566204710200259,200],[0.046654146384499787,0.72143214973718472,102],[0.10563797677538471,0.16433106379355478,253],[0.258316124574371,0.91707525205367557,282],[-0.046654146384499787,0.27856785026281528,84],[-0.258316124574371,0.082924747946324429,233],[-0.10563797677538471,0.83566893620644522,295],[-0.76163550609043962,0.60433795289799741,225],[-0.58793302930413782,0.65215596755434169,333],[-0.55965169526937686,0.87861090903628125,260],[0.55965169526937686,0.12138909096371872,64],[0.4609149381517374,0.39006733996579013,303],[0.54949244084422255,0.87827047473316844,146],[-0.54949244084422255,0.12172952526683156,56],[-0.4609149381517374,0.60993266003420987,245],[0.58793302930413782,0.34784403244565831,66],[0.5615083433679946,0.35509348508941524,307],[-0.16457583393951286,0.083171318725049237,100],[-0.88964859257574513,0.11357042929820371,348],[0.23651422788757287,0.858129143032215,324],[0.88964859257574513,0.88642957070179629,106],[-0.23651422788757287,0.141870856967785,22],[-0.5615083433679946,0.64490651491058482,102],[0.16457583393951286,0.91682868127495076,101],[-0.65961997554373331,0.61307049875790909,266],[0.65961997554373331,0.38692950124209091,272],[0.34169437451584933,0.34273449531948125,212],[0.78310540785833815,0.476411905856993,356],[0.40493184325855175,0.50042568744321225,240],[-0.78310540785833815,0.523588094143007,184],[-0.40493184325855175,0.49957431255678775,351],[-0.34169437451584933,0.6572655046805187,133],[0.0025664257703893883,0.50035225501214886,238],[-0.344065567905631,0.10500193754006659,311],[-0.0025664257703893883,0.49964774498785119,129],[-0.079767404893639468,0.36314338534453089,231],[0.94566004796953929,0.503047915378267,285],[0.079767404893639468,0.636856614655469,324],[0.344065567905631,0.89499806245993341,225],[-0.94566004796953929,0.49695208462173296,292],[0.822886077390806,0.63598276187423319,54],[-0.10864239761716536,0.37660958279853463,249],[0.10864239761716536,0.62339041720146537,41],[-0.822886077390806,0.36401723812576681,173],[-0.011765386009979298,0.49645498565541635,143],[0.011765386009979298,0.50354501434458365,31],[0.16746232708581826,0.50537061140662853,211],[-0.16746232708581826,0.49462938859337147,57],[0.43396482536890796,0.078480198411763236,277],[-0.43396482536890796,0.92151980158823676,111],[0.5450722601372946,0.37079633511655546,134],[0.81033492162294185,0.51190779550315968,56],[-0.73773862436508086,0.5325637370657198,328],[-0.5450722601372946,0.62920366488344448,82],[-0.81033492162294185,0.48809220449684032,328],[0.73773862436508086,0.4674362629342802,18],[0.76323976500486235,0.27575052773501829,71],[0.008882138077608695,0.0795857439607205,144],[-0.008882138077608695,0.92041425603927951,6],[-0.76323976500486235,0.72424947226498171,138],[0.46513482435771863,0.48978863563804254,357],[-0.3918193561742927,0.49789377598950513,156],[-0.46513482435771863,0.51021136436195746,12],[0.3918193561742927,0.50210622401049487,84]],"learnOrder":[0,3,4,5,2,8,6,1,7,4,5,1,2,3,7,6,8,2,3,5,4,1,8,6,7,7,3,2,5,8,1,4,6,6,4,2,3,5,7,8,1,1,2,6,5,8,4,7,3,8,4,3,2,1,7,6,5,3,4,8,7,2,1,6,5]},"distEstPair":{"pairList":[[0,0],[3,7],[6,8],[2,4],[4,8],[1,5],[3,6],[2,5],[2,6],[4,6],[5,8],[6,7],[1,2],[5,6],[1,8],[2,3],[2,8],[3,8],[1,4],[1,6],[7,8],[2,7],[1,3],[4,5],[3,5],[3,4],[5,7],[1,7],[4,7],[5,3],[2,1],[7,6],[7,3],[6,1],[5,4],[7,1],[4,3],[5,2],[8,3],[6,5],[6,2],[8,6],[8,2],[8,7],[5,1],[6,3],[7,5],[7,4],[8,4],[4,1],[7,2],[8,1],[8,5],[3,2],[6,4],[3,1],[4,2]]},"distEst2AFC":{"triplet":[[0,0,0],[6,7,5],[3,2,5],[8,6,4],[2,3,1],[5,3,6],[8,2,6],[5,4,3],[3,2,5],[2,1,3],[1,5,7],[7,6,1],[5,3,4],[3,5,2],[5,6,3],[2,3,1],[2,4,6],[5,3,4],[1,7,5],[3,5,2],[6,3,8],[5,3,6],[2,6,1],[6,8,2],[5,3,1],[5,4,3],[2,1,3],[6,7,5],[5,6,3],[4,7,2],[5,3,1],[6,5,7],[1,7,5],[5,1,3],[7,6,1],[4,1,6],[6,5,7],[5,1,3],[7,1,6],[1,5,7],[7,1,6]]}}