{"objLoc":[[0,0,0],[0.1,0.9,56],[0.9,0.9,267],[0.9,0.1,95],[0.7,0.7,193],[-0.1,0.1,6],[-0.9,0.1,331],[-0.9,0.9,325],[-0.7,0.3,13]],"objIdentity":[0,7,2,3,8,4,6,5,1],"familiarise":{"path":[[0,0.5,349],[0.37157241273869712,0.83456530317942912,315],[0.13683663134575172,0.39309150674996562,329],[-0.81946812461728369,0.68546321147270239,62],[0.18037957053910758,0.66801080503541888,115],[0.66756460293172526,0.55553527786348633,88],[0.17372043263415637,0.47731804534337091,177],[-0.82567039438493939,0.51221754204587189,196],[-0.35291110658528096,0.34943346481729354,146],[-0.48232062913654133,0.83239637796182775,268],[0.84210076015184909,0.12818903378299151,232],[0.013063187596807468,0.68738193725373842,238],[0.4698359164181079,0.48401361571583834,54],[0.07583053961474695,0.1761828780530092,269],[0.57514530699203381,0.20235085617448112,231],[0.37177698545413373,0.6591235849957815,108]]},"objlocLearn":{"learnOrder":[0,7,4,3,1,8,5,6,2],"startLoc":[[0,0,0],[-0.5,0.1,0],[-0.5,0.5,50],[0.5,0.9,240],[0.1,0.1,10],[0.5,0.5,60],[-0.1,0.9,300],[0.1,0.5,190],[-0.1,0.5,180]]},"objlocTestRun1":{"startLoc":[[0,0,0],[0.1592638272527131,0.18852674661586849,236],[-0.46249413962847624,0.48407963446807845,84],[0.527590958951281,0.90489386942397521,152],[-0.1592638272527131,0.81147325338413157,244],[-0.058905771828136014,0.09861968959694567,218],[-0.527590958951281,0.0951061305760248,220],[0.058905771828136014,0.90138031040305433,15],[0.46249413962847624,0.51592036553192155,326],[-0.9486199580740613,0.34616877003656465,321],[0.16698432095204491,0.939280781925427,65],[-0.38566612889002133,0.84541483989695776,140],[0.40228241664001024,0.82287716490683183,327],[-0.16698432095204491,0.060719218074573034,163],[-0.40228241664001024,0.17712283509316817,156],[0.38566612889002133,0.15458516010304224,256],[0.9486199580740613,0.65383122996343535,58],[0.55019466038033715,0.93342879922427313,311],[0.13554342261926206,0.38313501894397362,5],[0.35423860451655126,0.28861664793097247,27],[-0.13554342261926206,0.61686498105602638,136],[-0.48145719156612726,0.4270448126458154,90],[-0.55019466038033715,0.066571200775726869,185],[0.48145719156612726,0.5729551873541846,52],[-0.35423860451655126,0.71138335206902759,231]],"learnOrder":[0,4,6,1,8,7,5,3,2,7,2,5,4,6,8,1,3,3,6,4,2,1,7,5,8]},"objlocTestRun2":{"startLoc":[[0,0,0],[-0.52493453510410637,0.71616426100914743,195],[0.52493453510410637,0.28383573899085257,299],[-0.46824124632587977,0.39507073336357679,97],[0.25085993875629503,0.13592322811838414,62],[0.19563785695203123,0.48828557730898103,190],[-0.25085993875629503,0.8640767718816158,88],[-0.19563785695203123,0.511714422691019,165],[0.46824124632587977,0.60492926663642321,42],[-0.26393483159809911,0.20588002235539193,216],[-0.29601198047089189,0.54104209429820527,302],[0.26393483159809911,0.79411997764460807,329],[0.014120764809458078,0.30712372333034743,343],[-0.014120764809458078,0.69287627666965257,210],[-0.20841250209604906,0.33977082877765397,186],[0.29601198047089189,0.45895790570179473,280],[0.20841250209604906,0.660229171222346,242],[0.89551805846239829,0.92226414165029724,59],[0.040479990808815772,0.4320366249897975,154],[-0.47796687037786395,0.21231426217724741,56],[-0.89551805846239829,0.077735858349702758,205],[0.47796687037786395,0.78768573782275264,184],[-0.35362179617781891,0.68027639450592825,164],[-0.040479990808815772,0.56796337501020244,357],[0.35362179617781891,0.31972360549407169,325]],"learnOrder":[0,6,2,7,1,8,5,4,3,6,4,2,3,7,1,8,5,1,2,3,5,7,8,6,4]},"distEstPair":{"pairList":[[0,0],[7,8],[3,6],[6,8],[5,2],[3,2],[8,6],[5,6],[8,3],[6,5],[2,8],[3,1],[5,7],[1,2],[2,7],[7,1],[4,7],[7,3],[8,1],[2,1],[8,5],[7,5],[3,4],[6,7],[4,8],[8,7],[6,2],[1,4],[3,5],[2,4],[6,4],[1,3],[4,3],[5,8],[4,1],[2,3],[7,6],[4,2],[1,6],[1,5],[5,4]]},"distEstEgo":{"pairList":[[0,0],[2,1],[6,5],[6,7],[5,6],[1,2],[2,8],[4,2],[8,6],[3,2],[7,3],[7,6],[2,3]]},"distEst2AFC":{"triplet":[[0,0,0],[7,3,5],[8,5,7],[6,5,7],[4,1,3],[2,3,1],[6,5,7],[7,8,2],[5,7,6],[3,7,1],[1,3,2],[8,7,5],[6,7,5],[2,1,3],[8,7,5],[2,3,1],[5,8,7],[6,7,5],[4,1,3],[2,1,3],[4,3,1],[3,4,6],[8,5,7],[4,3,1],[1,4,3]]}}