{"objLoc":[[0,0,0],[0.1,0.9,111],[0.9,0.9,187],[0.9,0.1,277],[0.7,0.7,285],[-0.1,0.1,314],[-0.9,0.1,68],[-0.9,0.9,98],[-0.7,0.3,179]],"objIdentity":[0,3,2,7,5,8,4,1,6],"familiarise":{"path":[[0,0.5,106],[0.34732918522949863,0.85966990016932554,349],[0.35605538844814039,0.35974605259112991,66],[-0.14204196059773239,0.31616818121730084,30],[-0.63588613089530122,0.23795094869718542,310],[-0.48137763370782749,0.71347920684476218,337],[-0.81594293688725661,0.34190679410606506,322],[0.17432513185431375,0.20273369314599962,340],[-0.021040432390323133,0.66298611987221978,323],[0.45171885540933532,0.50020204264364143,292],[0.15081134383331118,0.10088428761999502,180],[-0.75549644320333875,0.5235025493606944,359],[-0.33147239512512577,0.78846218147729685,326],[0.13211953215826794,0.60115888476934087,39],[-0.32103436136005703,0.38984975389899112,170],[-0.094039111490283628,0.835353015993175,123]]},"objlocLearn":{"learnOrder":[0,6,5,2,1,3,7,8,4],"startLoc":[[0,0,0],[0.1,0.5,190],[-0.1,0.9,300],[-0.1,0.5,180],[0.1,0.1,10],[0.5,0.9,240],[-0.5,0.1,0],[0.5,0.5,60],[-0.5,0.5,50]]},"objlocTestRun1":{"startLoc":[[0,0,0],[0.56901660410269628,0.27204093954050157,257],[0.011479544520421506,0.11906085801483207,200],[-0.92253033426209674,0.36933143040827476,163],[0.92253033426209674,0.63066856959172524,44],[-0.011479544520421506,0.880939141985168,199],[-0.56901660410269628,0.72795906045949843,29],[0.53570026855075326,0.2549778386848231,250],[-0.53570026855075326,0.74502216131517685,228],[-0.30555427836431454,0.59715243934154782,254],[-0.37163669356599965,0.21191135094144636,330],[0.35920115879174291,0.26207630735903942,225],[-0.35920115879174291,0.73792369264096058,283],[0.37163669356599965,0.78808864905855369,165],[0.074720344500678035,0.24031840709011409,61],[-0.074720344500678035,0.75968159290988591,195],[0.30555427836431454,0.40284756065845218,222],[0.704389549805513,0.31757118790989863,263],[-0.15353367597962059,0.86434726641222448,172],[0.15353367597962059,0.13565273358777552,344],[0.096943494432888147,0.63288704005091367,204],[-0.096943494432888147,0.36711295994908633,186],[0.24436829681093813,0.771797717398457,290],[-0.24436829681093813,0.22820228260154296,157],[-0.704389549805513,0.68242881209010142,295],[0.32067132173401186,0.23556791156879209,276],[0.22788142010091045,0.35620931912313075,316],[-0.22788142010091045,0.64379068087686919,207],[-0.53672986961544278,0.05711613353175482,147],[-0.32067132173401186,0.76443208843120791,258],[0.32645351038902964,0.70126606074375863,38],[0.53672986961544278,0.94288386646824518,109],[-0.32645351038902964,0.29873393925624142,62],[0.38212877035239295,0.18313194746598116,214],[-0.38212877035239295,0.81686805253401884,34],[-0.42300731551941334,0.13748599784150362,125],[0.42300731551941334,0.86251400215849638,52],[-0.4112585383510779,0.18140856328495875,90],[-0.5227526371391451,0.0677327686776405,129],[0.5227526371391451,0.93226723132235945,338],[0.4112585383510779,0.81859143671504131,90],[-0.17736859527607723,0.94490481432804563,213],[-0.67327472687771717,0.46624501226904586,58],[0.17736859527607723,0.055095185671954421,303],[0.77171913048783125,0.83454220702075976,53],[-0.77171913048783125,0.16545779297924024,174],[-0.28524711740812608,0.88464216666328788,299],[0.67327472687771717,0.5337549877309542,42],[0.28524711740812608,0.11535783333671212,16],[0.054842649951281255,0.21196820968997254,140],[-0.24600155131814788,0.49053244827237397,234],[-0.76495738176865791,0.41460267477726,160],[-0.054842649951281255,0.78803179031002746,183],[-0.81280819144546013,0.75625626592605744,204],[0.81280819144546013,0.24374373407394262,162],[0.24600155131814788,0.509467551727626,310],[0.76495738176865791,0.58539732522274,118],[-0.53109169932702582,0.83976967335990049,313],[0.21826847834728641,0.286190600559306,55],[0.53109169932702582,0.16023032664009951,156],[0.72355761746736391,0.83071228090944094,102],[-0.44215327772543173,0.91203048117394181,135],[-0.21826847834728641,0.713809399440694,309],[-0.72355761746736391,0.16928771909055912,295],[0.44215327772543173,0.087969518826058163,165]],"learnOrder":[0,6,4,5,1,8,2,3,7,7,1,8,4,5,6,2,3,3,1,5,2,6,4,8,7,6,4,8,7,2,5,3,1,7,3,1,5,2,4,8,6,6,1,2,3,7,4,5,8,3,8,5,7,6,2,4,1,8,6,4,5,7,2,1,3]},"distEstPair":{"pairList":[[0,0],[3,6],[2,8],[5,8],[1,4],[2,6],[3,7],[4,8],[1,2],[5,6],[2,4],[4,5],[3,5],[2,7],[5,7],[3,8],[1,3],[2,3],[4,7],[1,6],[6,7],[1,5],[4,6],[7,8],[2,5],[1,7],[1,8],[3,4],[6,8],[4,1],[4,3],[7,5],[8,5],[3,1],[8,2],[7,3],[7,2],[6,2],[8,3],[7,6],[2,1],[6,1],[5,3],[4,2],[5,4],[8,4],[5,2],[3,2],[5,1],[8,1],[6,4],[7,4],[6,3],[8,6],[7,1],[8,7],[6,5]]},"distEst2AFC":{"triplet":[[0,0,0],[5,3,1],[8,6,4],[1,7,5],[6,5,7],[3,2,5],[7,1,6],[3,2,5],[2,1,3],[5,1,3],[2,3,1],[7,6,1],[5,3,1],[6,7,5],[1,7,5],[3,5,2],[2,1,3],[2,4,6],[7,6,1],[2,3,1],[4,1,6],[6,5,7],[5,1,3],[1,5,7],[4,7,2],[6,8,2],[6,3,8],[3,5,2],[7,1,6],[2,6,1],[8,2,6],[1,5,7],[6,7,5]]}}