{"objLoc":[[0,0,0],[0,0.95,151],[0.9,0.95,260],[0.9,0.05,1],[0.7,0.75,109],[0,0.05,53],[-0.9,0.05,34],[-0.9,0.95,68],[-0.7,0.25,125]],"objIdentity":[0,7,5,1,3,2,8,4,6],"familiarise":{"path":[[0,0.5,151],[0.5,0.9,202],[0.9,0.1,51],[-0.9,0.2,72],[-0.7,0.7,289],[0.5,0.5,349],[0,0.2,113],[-0.2,0.8,250],[-0.5,0.1,316],[0.7,0.4,323],[0.9,0.9,31],[-0.5,0.5,15],[0.5,0.9,62],[0.5,0.1,317],[-0.6,0.8,36]]},"objlocLearn":{"learnOrder":[0,8,5,1,3,6,4,7,2],"startLoc":[[0,0,0],[0.5,0.5,60],[-0.1,0.9,300],[0.1,0.1,10],[0.5,0.9,240],[0.1,0.5,190],[-0.5,0.5,50],[-0.5,0.1,0],[-0.1,0.5,180]]},"objlocTestRun1":{"startLoc":[[0,0,0],[0.4996487375382474,0.13695843149397158,96],[0.3795408840397691,0.14210098594504328,24],[-0.42939617216585763,0.15502451791477112,134],[0.47527419839543822,0.93997498001584534,227],[-0.3795408840397691,0.85789901405495672,76],[-0.4996487375382474,0.86304156850602842,271],[0.42939617216585763,0.84497548208522888,24],[-0.47527419839543822,0.060025019984154659,94],[0.4715147433216948,0.30239959285796464,290],[-0.1632936231428202,0.67496014195497067,70],[-0.13999102467734298,0.9474167056719569,231],[0.23497719340565676,0.72584819062460348,189],[-0.4715147433216948,0.69760040714203542,333],[0.1632936231428202,0.32503985804502933,95],[-0.23497719340565676,0.27415180937539652,24],[0.13999102467734298,0.052583294328043075,265],[-0.5496307240578282,0.85709659408012218,278],[0.28709315024209919,0.7070648974114766,327],[0.5496307240578282,0.14290340591987782,336],[0.22257533587937534,0.34398041159488651,6],[-0.16305938789888502,0.094958113051478443,85],[0.16305938789888502,0.9050418869485215,223],[-0.22257533587937534,0.65601958840511343,342],[-0.28709315024209919,0.29293510258852345,343],[-0.051410394289457664,0.15265211062030293,201],[-0.068203171239471908,0.35258481930219,330],[-0.752183814572527,0.56471792911583463,231],[0.392133118090009,0.69100219527228612,141],[-0.392133118090009,0.30899780472771388,175],[0.051410394289457664,0.84734788937969707,218],[0.752183814572527,0.43528207088416543,198],[0.068203171239471908,0.64741518069781,334],[0.70294571297527242,0.93256973791673259,331],[-0.028289312910786249,0.099864719608267927,143],[-0.70294571297527242,0.06743026208326737,347],[0.028289312910786249,0.90013528039173207,63],[-0.27118745599525046,0.86768163582781932,46],[0.27118745599525046,0.13231836417218068,49],[0.88319608958193263,0.64709734803660335,183],[-0.88319608958193263,0.35290265196339665,8],[0.23438422000442521,0.064239118561900663,342],[0.33978751258579271,0.24046530440005315,298],[-0.23438422000442521,0.93576088143809932,6],[0.16445457695378657,0.86306172375909518,64],[-0.33978751258579271,0.75953469559994691,120],[0.23122186839733122,0.15327137565803767,48],[-0.23122186839733122,0.84672862434196228,292],[-0.16445457695378657,0.13693827624090482,125],[0.44546134719277025,0.50758415664769552,339],[-0.5840434485480952,0.5920908467130197,210],[0.944913415857813,0.2051064575107957,317],[-0.85402959154343527,0.5450790798680536,305],[-0.44546134719277025,0.49241584335230448,326],[-0.944913415857813,0.7948935424892043,166],[0.5840434485480952,0.40790915328698024,197],[0.85402959154343527,0.45492092013194646,288],[-0.28924486648353759,0.72573089282254,103],[0.84861116427754724,0.43329415505718816,177],[0.28924486648353759,0.27426910717746,216],[-0.84861116427754724,0.56670584494281184,6],[-0.68944207570513227,0.88933591673344725,214],[0.68944207570513227,0.11066408326655275,157],[-0.14894026733555038,0.582676877514847,291],[0.14894026733555038,0.41732312248515308,114]],"learnOrder":[0,8,2,7,1,6,4,3,5,1,2,8,3,5,6,7,4,5,7,1,4,2,6,8,3,8,6,7,5,1,4,3,2,5,6,1,2,4,8,3,7,4,1,8,2,5,3,7,6,5,6,4,7,1,8,2,3,2,5,6,1,4,8,7,3]},"distEstPair":{"pairList":[[0,0],[2,5],[1,7],[1,4],[3,8],[5,8],[2,7],[7,8],[1,8],[6,8],[3,6],[1,3],[4,5],[3,4],[1,6],[3,7],[6,7],[2,3],[5,6],[4,6],[4,8],[1,5],[3,5],[4,7],[5,7],[1,2],[2,4],[2,8],[2,6],[8,6],[5,2],[7,1],[6,5],[3,2],[8,5],[5,4],[8,7],[3,1],[2,1],[5,3],[4,2],[8,4],[8,1],[7,3],[8,3],[7,5],[4,1],[6,4],[5,1],[7,6],[8,2],[6,1],[7,4],[7,2],[6,2],[6,3],[4,3]]},"distEst2AFC":{"triplet":[[0,0,0],[7,1,6],[8,6,7],[1,2,7],[5,3,6],[4,1,7],[5,3,6],[5,6,7],[6,2,8],[3,5,2],[5,6,3],[1,2,7],[7,1,6],[3,2,5],[2,3,4],[1,7,2],[4,2,7],[5,6,3],[6,8,1],[7,6,1],[3,2,5],[7,6,1],[2,4,5],[3,5,2],[1,7,2]]}}