{"objLoc":[[0,0,0],[0,0.95,7],[0.9,0.95,321],[0.9,0.05,103],[0.7,0.75,108],[0,0.05,286],[-0.9,0.05,117],[-0.9,0.95,312],[-0.7,0.25,162]],"objIdentity":[0,3,4,2,5,7,1,8,6],"familiarise":{"path":[[0,0.5,122],[0.5,0.9,164],[0.9,0.1,68],[-0.9,0.2,148],[-0.7,0.7,48],[0.5,0.5,14],[0,0.2,30],[-0.2,0.8,77],[-0.5,0.1,197],[0.7,0.4,236],[0.9,0.9,212],[-0.5,0.5,207],[0.5,0.9,121],[0.5,0.1,138],[-0.6,0.8,145]]},"objlocLearn":{"learnOrder":[0,4,2,6,8,5,1,7,3],"startLoc":[[0,0,0],[-0.5,0.5,50],[-0.1,0.5,180],[0.1,0.5,190],[0.5,0.5,60],[-0.1,0.9,300],[0.1,0.1,10],[-0.5,0.1,0],[0.5,0.9,240]]},"objlocTestRun1":{"startLoc":[[0,0,0],[0.1013109341437624,0.88999993524762533,176],[-0.1013109341437624,0.11000006475237464,33],[0.20399210957920394,0.82160109932783865,5],[0.79209671010037219,0.30138339348420617,325],[-0.79209671010037219,0.69861660651579383,139],[-0.20399210957920394,0.17839890067216141,285],[0.5167415366164827,0.30870711359071834,332],[-0.5167415366164827,0.69129288640928166,319],[-0.82661787098755379,0.44636904243766118,39],[0.82661787098755379,0.55363095756233882,149],[0.773338799121766,0.10469717052365252,14],[0.26391891461194178,0.9141388762088799,28],[-0.773338799121766,0.89530282947634743,329],[0.28819081060475121,0.90552995474278086,305],[-0.28819081060475121,0.094470045257219137,135],[-0.26391891461194178,0.08586112379112007,58],[0.22654444940158031,0.30871846052673624,126],[-0.79510125068596937,0.80169495779360012,357],[-0.58235020128235715,0.70813049747481149,91],[-0.93951730964789748,0.29830199193892448,165],[-0.22654444940158031,0.69128153947326376,126],[0.58235020128235715,0.29186950252518845,71],[0.93951730964789748,0.70169800806107552,316],[0.79510125068596937,0.19830504220639994,149],[0.30819194996254556,0.86893973071125208,178],[-0.30273310429985573,0.88844494079263436,343],[-0.49110065489761884,0.28255423097420562,2],[-0.30819194996254556,0.13106026928874798,284],[0.30273310429985573,0.11155505920736564,129],[-0.20284850938419513,0.11621558842943458,325],[0.20284850938419513,0.88378441157056542,91],[0.49110065489761884,0.71744576902579438,308],[-0.36639283103730008,0.33807677725586116,215],[-0.92757325755264919,0.30684841954642494,189],[0.36639283103730008,0.66192322274413884,269],[-0.11286656617501807,0.62644877152067369,69],[0.92757325755264919,0.69315158045357506,241],[0.11286656617501807,0.37355122847932631,225],[-0.18878434852143483,0.63235461730181364,324],[0.18878434852143483,0.36764538269818636,104],[0.20390692964418639,0.88702757436864454,180],[-0.14784437292524383,0.14698210766327324,115],[-0.77741477253510793,0.67453163002616079,23],[0.14784437292524383,0.85301789233672676,183],[0.3083676977612147,0.93602142103230057,182],[0.77741477253510793,0.32546836997383927,15],[-0.3083676977612147,0.063978578967699429,137],[-0.20390692964418639,0.11297242563135546,98],[0.34087219215928527,0.58285352545925573,349],[-0.20258859773552046,0.22529082064745587,182],[-0.628862723151,0.28006923391309513,12],[0.20258859773552046,0.77470917935254413,225],[0.628862723151,0.71993076608690487,169],[-0.60399573893434755,0.081300028424408755,23],[0.60399573893434755,0.91869997157559125,68],[-0.34087219215928527,0.41714647454074427,129],[-0.32568547514002938,0.77578917947147419,199],[0.28467611371877327,0.51378799395815489,277],[-0.24662180368012793,0.916562642373528,182],[-0.47315948825879278,0.543807568125438,75],[0.24662180368012793,0.083437357626471975,139],[0.32568547514002938,0.22421082052852581,212],[0.47315948825879278,0.456192431874562,14],[-0.28467611371877327,0.48621200604184511,33],[0.46592105153798441,0.55661480149490528,288],[-0.033629673844100053,0.29470917074680159,254],[-0.46592105153798441,0.44338519850509478,336],[0.28599618755180506,0.52896549371075008,161],[-0.14047094976472468,0.699471269756466,13],[0.14047094976472468,0.30052873024353394,102],[-0.28599618755180506,0.47103450628924992,159],[0.033629673844100053,0.70529082925319841,117],[0.27453853648251808,0.63090973314089849,197],[0.22270116520747579,0.0574201845788449,234],[-0.49335633637207815,0.42297299680817096,188],[-0.41840298815227966,0.935745998080813,159],[-0.22270116520747579,0.9425798154211551,86],[0.49335633637207815,0.577027003191829,37],[-0.27453853648251808,0.36909026685910151,276],[0.41840298815227966,0.064254001919186954,87]],"learnOrder":[0,7,3,6,4,8,2,1,5,8,4,2,7,6,1,5,3,6,5,7,8,2,3,4,1,5,4,3,1,8,6,2,7,5,7,1,8,3,4,6,2,3,4,5,8,6,1,2,7,8,3,6,7,2,1,5,4,4,6,1,7,5,8,3,2,7,5,3,8,6,2,4,1,4,5,3,2,1,7,8,6]},"distEstPair":{"pairList":[[0,0],[1,3],[6,8],[2,4],[1,8],[2,7],[5,6],[1,6],[1,4],[2,8],[3,7],[4,8],[1,7],[4,7],[4,6],[3,6],[4,5],[6,7],[5,8],[2,3],[7,8],[3,5],[5,7],[3,8],[3,4],[2,5],[2,6],[1,5],[1,2],[7,6],[7,3],[8,2],[6,2],[8,4],[5,3],[8,7],[3,1],[7,5],[3,2],[5,1],[4,3],[5,2],[2,1],[6,5],[6,3],[8,1],[5,4],[7,2],[6,1],[6,4],[7,4],[8,3],[4,2],[4,1],[8,6],[7,1],[8,5]]},"distEst2AFC":{"triplet":[[0,0,0],[3,5,2],[5,3,6],[3,2,5],[1,2,7],[5,6,3],[4,2,7],[5,6,7],[1,7,2],[6,8,1],[7,1,6],[5,3,6],[7,6,1],[5,6,3],[6,2,8],[7,1,6],[1,2,7],[4,1,7],[8,6,7],[1,7,2],[3,2,5],[7,6,1],[3,5,2],[2,4,5],[2,3,4]]}}