{"objLoc":[[0,0,0],[0,0.95,346],[0.9,0.95,252],[0.9,0.05,360],[0.7,0.75,80],[0,0.05,130],[-0.9,0.05,267],[-0.9,0.95,359],[-0.7,0.25,114]],"objIdentity":[0,1,8,3,4,2,7,5,6],"familiarise":{"path":[[0,0.5,242],[0.5,0.9,203],[0.9,0.1,196],[-0.9,0.2,322],[-0.7,0.7,304],[0.5,0.5,111],[0,0.2,228],[-0.2,0.8,245],[-0.5,0.1,350],[0.7,0.4,322],[0.9,0.9,340],[-0.5,0.5,232],[0.5,0.9,222],[0.5,0.1,82],[-0.6,0.8,175]]},"objlocLearn":{"learnOrder":[0,5,3,7,4,1,2,6,8],"startLoc":[[0,0,0],[-0.1,0.9,300],[0.5,0.9,240],[-0.5,0.1,0],[-0.5,0.5,50],[0.1,0.1,10],[-0.1,0.5,180],[0.1,0.5,190],[0.5,0.5,60]]},"objlocTestRun1":{"startLoc":[[0,0,0],[-0.50977532636689937,0.411996573122694,174],[0.50977532636689937,0.588003426877306,257],[0.72121927425302967,0.1526869083849679,173],[0.11210535762429823,0.26100371598022876,289],[-0.72121927425302967,0.8473130916150321,198],[0.40025161702178885,0.36401778624717418,218],[-0.11210535762429823,0.73899628401977124,274],[-0.40025161702178885,0.63598221375282582,5],[0.40138739871586376,0.55224574620347777,335],[-0.40138739871586376,0.44775425379652223,223],[-0.2363126181037824,0.82126696470448834,289],[-0.42635498414527756,0.59358183913205731,5],[-0.65795932726857331,0.525443966373848,203],[0.42635498414527756,0.40641816086794269,75],[0.65795932726857331,0.47455603362615195,98],[0.2363126181037824,0.17873303529551166,138],[-0.71668288117276935,0.4251469196862519,360],[0.087348407755852356,0.23881082949570454,357],[0.71668288117276935,0.57485308031374815,275],[0.4578590887032799,0.41279770064560162,26],[-0.34608214815001,0.309380347964619,351],[-0.087348407755852356,0.76118917050429546,355],[0.34608214815001,0.690619652035381,87],[-0.4578590887032799,0.58720229935439838,181],[0.46097169796575604,0.57086093125863324,251],[-0.17240785724386204,0.71307630444464631,96],[-0.46097169796575604,0.42913906874136676,348],[-0.29504348735688829,0.70187408541881213,324],[0.17240785724386204,0.28692369555535369,190],[0.048289920087533675,0.48279814812697053,183],[0.29504348735688829,0.29812591458118781,158],[-0.048289920087533675,0.51720185187302947,4],[0.680147670084327,0.84985173174546369,307],[-0.94135628129587334,0.12500208571012905,246],[-0.680147670084327,0.15014826825453631,344],[-0.227050508479049,0.73854465867541308,89],[0.94135628129587334,0.874997914289871,50],[0.84396678701869932,0.62917282571795385,244],[-0.84396678701869932,0.37082717428204615,229],[0.227050508479049,0.26145534132458692,221],[-0.11732429179985997,0.46740893684516688,333],[0.11961828918315258,0.37764366870952881,22],[-0.40838487697589626,0.64360437719819286,260],[0.94615578207128936,0.075801476093639186,351],[0.11732429179985997,0.53259106315483318,24],[-0.11961828918315258,0.62235633129047119,214],[-0.94615578207128936,0.92419852390636081,57],[0.40838487697589626,0.35639562280180714,359],[0.47722023772502103,0.71891656743919652,311],[0.73919153572757512,0.67953974561347108,132],[-0.89324298829386017,0.623469407912851,359],[0.89324298829386017,0.376530592087149,117],[0.61069950787886729,0.20858919221858824,152],[-0.47722023772502103,0.28108343256080348,18],[-0.73919153572757512,0.32046025438652892,133],[-0.61069950787886729,0.79141080778141171,60],[0.76470312975894,0.43391386497343876,58],[0.0984038482625171,0.54356594497904243,136],[0.13510832681309809,0.19896141421428742,82],[-0.13510832681309809,0.80103858578571252,106],[-0.76470312975894,0.56608613502656124,151],[0.20470788796432565,0.36654136414048655,291],[-0.20470788796432565,0.63345863585951345,4],[-0.0984038482625171,0.45643405502095757,54],[0.272194901056328,0.85060364159710988,353],[-0.272194901056328,0.14939635840289006,15],[-0.60807052102718173,0.445198054418965,1],[-0.25007028382091184,0.89099101823103855,313],[0.25007028382091184,0.10900898176896151,39],[0.30403613773409316,0.67072882773956988,319],[0.60807052102718173,0.554801945581035,235],[-0.30403613773409316,0.32927117226043012,62],[0.283551324631161,0.46085021951553062,6],[0.4061330534623086,0.138318009713856,52],[-0.78446096328946791,0.87021141869592089,62],[-0.0977394187807155,0.47203145281575243,322],[-0.283551324631161,0.53914978048446938,73],[0.78446096328946791,0.12978858130407911,169],[0.0977394187807155,0.52796854718424757,56],[-0.4061330534623086,0.861681990286144,69]],"learnOrder":[0,1,5,2,7,6,8,3,4,6,2,5,3,4,7,8,1,1,3,5,6,8,7,4,2,4,1,8,6,5,7,2,3,2,5,6,4,1,3,7,8,3,8,2,5,7,4,1,6,7,1,6,2,4,3,5,8,5,4,2,6,1,7,3,8,7,3,5,6,2,4,1,8,5,8,6,3,1,2,7,4]},"distEstPair":{"pairList":[[0,0],[5,8],[2,6],[2,5],[6,8],[1,3],[2,8],[4,6],[3,4],[1,6],[2,4],[4,8],[1,2],[1,4],[5,7],[1,7],[4,7],[6,7],[4,5],[2,7],[2,3],[7,8],[1,8],[3,6],[1,5],[5,6],[3,5],[3,7],[3,8],[2,1],[6,4],[8,1],[4,3],[8,4],[6,3],[4,1],[5,3],[5,2],[8,7],[7,5],[7,4],[5,1],[6,5],[3,2],[8,6],[7,2],[3,1],[4,2],[8,2],[7,6],[8,5],[7,3],[6,1],[6,2],[7,1],[5,4],[8,3]]},"distEst2AFC":{"triplet":[[0,0,0],[7,1,6],[1,7,2],[5,6,3],[6,8,1],[1,7,2],[4,1,7],[5,6,3],[3,5,2],[7,6,1],[4,2,7],[5,6,7],[2,4,5],[3,5,2],[1,2,7],[5,3,6],[7,6,1],[5,3,6],[6,2,8],[7,1,6],[3,2,5],[1,2,7],[8,6,7],[3,2,5],[2,3,4]]}}