{"objLoc":[[0,0,0],[0.1,0.9,283],[0.9,0.9,229],[0.9,0.1,90],[0.7,0.7,273],[-0.1,0.1,113],[-0.9,0.1,338],[-0.9,0.9,16],[-0.7,0.3,159]],"objIdentity":[0,4,8,5,2,3,6,7,1],"familiarise":{"path":[[0,0.5,45],[-0.34732918522949863,0.85966990016932554,162],[0.15198558214778829,0.83350192204785367,115],[-0.34770983136175959,0.85095167039910413,176],[0.13947520103085803,0.73847614322717159,3],[0.55881048500357,0.46615662571965805,151],[0.06367645063278482,0.39657007523962534,155],[0.45224943136127027,0.711230270764544,284],[0.29774093417379655,0.23570201261696727,87],[-0.59326559001457135,0.68969251235651408,75],[-0.82800137140751673,0.24821871592705058,31],[0.010669196537907322,0.79285775094207767,5],[-0.88812484976125972,0.35448660415300021,240],[-0.56673104491799009,0.73750882571248921,122],[-0.71291689727935847,0.2593564477309715,340],[0.76861561361334818,0.49400814529131781,215]]},"objlocLearn":{"learnOrder":[0,4,8,6,1,2,5,3,7],"startLoc":[[0,0,0],[-0.5,0.5,50],[0.5,0.5,60],[0.1,0.5,190],[0.1,0.1,10],[-0.1,0.5,180],[-0.1,0.9,300],[0.5,0.9,240],[-0.5,0.1,0]]},"objlocTestRun1":{"startLoc":[[0,0,0],[0.7367847108166119,0.43382465480168941,270],[0.81396931173202991,0.87953187298155933,15],[-0.81396931173202991,0.12046812701844067,195],[-0.7367847108166119,0.56617534519831059,26],[-0.0353901445777907,0.65127153831453366,332],[-0.508963537531941,0.71833752138230222,252],[0.508963537531941,0.28166247861769778,78],[0.0353901445777907,0.34872846168546634,155],[0.34790927509741382,0.476394804296139,72],[-0.74063459908103,0.78951187763462216,314],[-0.54991266238302972,0.2672572989274421,291],[-0.34790927509741382,0.523605195703861,155],[-0.94622841434724991,0.94886819680379109,290],[0.94622841434724991,0.051131803196208962,119],[0.74063459908103,0.21048812236537784,352],[0.54991266238302972,0.7327427010725579,5],[-0.80004927922991287,0.052428293305809261,349],[0.10269292460798023,0.67712996939850678,6],[-0.033676736201499205,0.33314042531019439,198],[-0.20231273943494305,0.42852371188783012,12],[0.20231273943494305,0.57147628811216988,215],[0.80004927922991287,0.94757170669419077,94],[0.033676736201499205,0.66685957468980561,83],[-0.10269292460798023,0.32287003060149322,194],[0.4446834384261899,0.63632941609742177,86],[0.2240336193082601,0.74584719808022681,27],[-0.49098471875279465,0.40186220553366814,74],[-0.2240336193082601,0.25415280191977319,83],[0.49098471875279465,0.59813779446633186,229],[-0.81504847610970843,0.35491613598960964,42],[0.81504847610970843,0.64508386401039042,5],[-0.4446834384261899,0.36367058390257823,3],[0.34771141328088678,0.47545485099888662,42],[-0.373038597207157,0.64746179332788079,309],[0.552151639312569,0.80768766222407629,224],[-0.552151639312569,0.19231233777592371,38],[-0.34771141328088678,0.52454514900111338,287],[0.089698207378022851,0.4556994506777241,221],[-0.089698207378022851,0.5443005493222759,296],[0.373038597207157,0.35253820667211921,72],[-0.37687075872857373,0.68887638656543593,137],[-0.14025662004340617,0.8031791647673886,267],[0.37687075872857373,0.31112361343456407,137],[-0.4286759234001,0.38840772161980197,338],[-0.643498029528822,0.22468793798762876,45],[0.643498029528822,0.77531206201237124,67],[0.14025662004340617,0.1968208352326114,268],[0.4286759234001,0.611592278380198,77],[-0.24998592323958796,0.792151030131852,68],[0.29605664248429892,0.44495640577502849,350],[-0.44123488846065789,0.42853039366883933,299],[-0.49282684506313995,0.18615831969474722,178],[-0.29605664248429892,0.55504359422497151,208],[0.24998592323958796,0.20784896986814805,86],[0.49282684506313995,0.81384168030525283,225],[0.44123488846065789,0.57146960633116062,68],[-0.16337610483087278,0.92950581479811056,120],[-0.09751747447973487,0.836077277254041,267],[0.16337610483087278,0.070494185201889492,19],[0.49982386234069359,0.33124309714324063,100],[0.94733844669902489,0.839085318303972,90],[0.09751747447973487,0.16392272274595893,220],[-0.94733844669902489,0.16091468169602796,163],[-0.49982386234069359,0.66875690285675937,70]],"learnOrder":[0,5,3,7,1,2,8,4,6,6,4,7,2,5,1,8,3,1,7,6,8,4,5,2,3,2,3,8,7,4,1,5,6,5,4,7,3,1,6,2,8,1,4,5,7,6,2,8,3,2,7,4,1,3,6,5,8,6,8,2,3,1,4,5,7]},"distEstPair":{"pairList":[[0,0],[2,4],[3,4],[1,8],[3,6],[6,8],[1,4],[2,6],[4,5],[1,5],[1,3],[4,6],[1,7],[7,8],[4,7],[4,8],[5,7],[3,8],[3,7],[6,7],[5,8],[1,2],[5,6],[1,6],[2,7],[2,5],[3,5],[2,3],[2,8],[2,1],[6,2],[5,1],[7,6],[8,5],[8,1],[7,2],[7,1],[6,5],[7,4],[6,3],[8,4],[3,2],[8,6],[5,4],[8,7],[8,2],[6,1],[7,5],[7,3],[3,1],[5,2],[4,1],[4,2],[5,3],[8,3],[4,3],[6,4]]},"distEst2AFC":{"triplet":[[0,0,0],[3,2,5],[2,1,3],[2,6,1],[7,1,6],[6,5,7],[8,2,6],[7,6,1],[6,7,5],[4,1,6],[5,1,3],[1,7,5],[7,6,1],[3,5,2],[1,7,5],[3,5,2],[6,5,7],[6,8,2],[5,3,1],[6,3,8],[2,1,3],[4,7,2],[1,5,7],[2,3,1],[3,2,5],[2,3,1],[5,1,3],[7,1,6],[6,7,5],[1,5,7],[5,3,1],[8,6,4],[2,4,6]]}}