{"objLoc":[[0,0,0],[0,0.95,76],[0.9,0.95,174],[0.9,0.05,152],[0.7,0.75,310],[0,0.05,62],[-0.9,0.05,122],[-0.9,0.95,98],[-0.7,0.25,249]],"objIdentity":[0,8,3,7,1,4,6,2,5],"familiarise":{"path":[[0,0.5,278],[0.5,0.9,345],[0.9,0.1,253],[-0.9,0.2,108],[-0.7,0.7,277],[0.5,0.5,248],[0,0.2,140],[-0.2,0.8,222],[-0.5,0.1,154],[0.7,0.4,211],[0.9,0.9,253],[-0.5,0.5,41],[0.5,0.9,333],[0.5,0.1,356],[-0.6,0.8,244]]},"objlocLearn":{"learnOrder":[0,2,7,3,8,6,5,1,4],"startLoc":[[0,0,0],[-0.1,0.5,180],[-0.5,0.1,0],[0.5,0.9,240],[0.5,0.5,60],[0.1,0.5,190],[-0.1,0.9,300],[0.1,0.1,10],[-0.5,0.5,50]]},"objlocTestRun1":{"startLoc":[[0,0,0],[-0.94871260111400635,0.49410907201098997,285],[0.35450050236057068,0.12961670235316003,280],[0.94871260111400635,0.50589092798901,162],[0.029969626914109718,0.33013819708194597,143],[-0.029969626914109718,0.66986180291805408,227],[0.73566867059226571,0.29033992995605906,36],[-0.73566867059226571,0.70966007004394094,69],[-0.35450050236057068,0.87038329764684,31],[-0.53363901245776191,0.71299960656586814,360],[0.863243069062298,0.55608740592611028,291],[-0.82202692802879307,0.55327741834036448,164],[0.82202692802879307,0.44672258165963552,66],[0.53363901245776191,0.28700039343413186,2],[-0.863243069062298,0.44391259407388967,246],[-0.31125676119789952,0.55851165774412337,160],[0.31125676119789952,0.44148834225587669,345],[0.62422669339938586,0.72010801665725821,193],[-0.027870158000525017,0.44114176805962479,49],[-0.62422669339938586,0.27989198334274179,230],[0.027870158000525017,0.55885823194037521,13],[-0.5845769125146294,0.89784241558491984,184],[-0.76781924115572175,0.090689100716924181,297],[0.5845769125146294,0.1021575844150801,157],[0.76781924115572175,0.90931089928307585,169],[-0.5515814665358143,0.54496248918992518,331],[0.35117456546754283,0.81427167068682127,261],[-0.0067693608800054178,0.43538436821458926,202],[-0.35117456546754283,0.18572832931317873,27],[-0.2848566834269089,0.53501120861489615,268],[0.0067693608800054178,0.56461563178541074,123],[0.2848566834269089,0.46498879138510385,309],[0.5515814665358143,0.45503751081007476,222],[-0.6673005134033434,0.623824822190848,159],[0.82327340984595931,0.24089256940290649,225],[-0.82327340984595931,0.75910743059709351,48],[0.6673005134033434,0.37617517780915205,139],[-0.71210635193261218,0.16615760649065259,339],[0.0570904147202093,0.49264948356106864,195],[-0.0570904147202093,0.50735051643893136,195],[0.71210635193261218,0.83384239350934741,87],[-0.051185996056252778,0.22780265824880525,221],[0.19514519582423157,0.79866746376400977,70],[0.4271973143790197,0.40824964131655272,346],[-0.4271973143790197,0.59175035868344728,98],[0.051185996056252778,0.7721973417511947,209],[-0.19514519582423157,0.20133253623599023,279],[-0.33487194116781,0.84784851973409181,251],[0.33487194116781,0.15215148026590819,276],[0.44855339547083289,0.63602390065955428,213],[-0.44855339547083289,0.36397609934044572,44],[-0.47151252948969896,0.82587903121603967,242],[-0.49969223212135611,0.59365653533716556,344],[0.49969223212135611,0.40634346466283444,61],[0.53508322277115949,0.59667247682779256,295],[0.47151252948969896,0.17412096878396033,152],[-0.53508322277115949,0.40332752317220744,190],[0.39701528623165067,0.24685737387979423,124],[0.48724404274843586,0.45660094191417189,207],[-0.58247110141866187,0.20203077249870388,167],[0.25687276010223153,0.67750086195682846,159],[-0.39701528623165067,0.75314262612020577,167],[-0.48724404274843586,0.54339905808582811,263],[0.58247110141866187,0.79796922750129617,270],[-0.25687276010223153,0.32249913804317154,133]],"learnOrder":[0,7,6,3,1,5,4,8,2,2,5,7,3,6,1,8,4,2,8,6,4,7,1,3,5,7,1,6,5,4,2,8,3,7,4,8,3,1,6,2,5,1,3,4,8,5,7,2,6,4,8,2,7,3,1,6,5,1,4,3,2,5,8,7,6]},"distEstPair":{"pairList":[[0,0],[7,8],[2,5],[1,8],[2,6],[2,3],[5,8],[3,6],[1,7],[1,2],[5,7],[1,4],[4,7],[3,4],[2,4],[5,6],[1,3],[6,7],[6,8],[2,8],[1,5],[3,7],[3,5],[2,7],[4,5],[4,6],[1,6],[3,8],[4,8],[7,6],[8,3],[8,1],[3,1],[8,4],[7,3],[3,2],[7,1],[8,6],[4,1],[6,5],[6,2],[8,7],[5,3],[5,4],[8,5],[6,1],[4,2],[2,1],[7,2],[5,2],[5,1],[4,3],[6,4],[8,2],[6,3],[7,4],[7,5]]},"distEst2AFC":{"triplet":[[0,0,0],[1,7,2],[3,5,2],[5,6,3],[3,2,5],[1,2,7],[2,4,5],[7,1,6],[3,2,5],[6,8,1],[7,6,1],[6,2,8],[8,6,7],[7,1,6],[5,3,6],[1,7,2],[5,6,7],[7,6,1],[5,6,3],[4,1,7],[5,3,6],[1,2,7],[2,3,4],[4,2,7],[3,5,2]]}}