{"objLoc":[[0,0,0],[0.1,0.9,197],[0.9,0.9,288],[0.9,0.1,296],[0.7,0.7,44],[-0.1,0.1,217],[-0.9,0.1,190],[-0.9,0.9,168],[-0.7,0.3,170]],"objIdentity":[0,6,1,3,7,5,2,4,8],"familiarise":{"path":[[0,0.5,88],[0.30783073766282915,0.10599462319663905,23],[-0.68243733107874127,0.24516772415670449,106],[-0.19947441793420712,0.37457724670796488,218],[-0.33729309584270672,0.85520809467712433,96],[-0.41551032836282215,0.36136392437955545,229],[-0.37193245698899308,0.85946127342542822,216],[0.0948577562596078,0.68027729865277808,100],[-0.084326218513042339,0.21348708540417721,243],[0.39120203963453443,0.36799558259165088,288],[0.0698082347912648,0.75101780415114,342],[0.54796061277278252,0.60483195178977156,210],[0.54796061277278252,0.10483195178977156,83],[0.54796061277278252,0.60483195178977156,102],[0.0843686854893888,0.41752865508181558,360],[0.57344248585629165,0.31357280967293588,315]]},"objlocLearn":{"learnOrder":[0,7,2,5,6,1,8,3,4],"startLoc":[[0,0,0],[-0.5,0.1,0],[-0.1,0.5,180],[-0.1,0.9,300],[0.1,0.5,190],[0.1,0.1,10],[0.5,0.5,60],[0.5,0.9,240],[-0.5,0.5,50]]},"objlocTestRun1":{"startLoc":[[0,0,0],[0.80428114306945431,0.45678470469133625,326],[-0.022741695699881534,0.17821866500542688,34],[-0.5380636738729222,0.46506429884022848,109],[-0.54229131537347186,0.6854947809780596,360],[0.54229131537347186,0.3145052190219404,79],[0.5380636738729222,0.53493570115977152,241],[0.022741695699881534,0.82178133499457306,226],[-0.80428114306945431,0.54321529530866375,208],[-0.76044306356425229,0.51708035059803048,12],[-0.38662624630499381,0.53082676835547571,289],[0.75445911865616289,0.20602599174830505,210],[-0.036728853934377817,0.40122842474134157,291],[-0.75445911865616289,0.793974008251695,253],[0.76044306356425229,0.48291964940196952,148],[0.38662624630499381,0.46917323164452424,360],[0.036728853934377817,0.59877157525865843,55],[-0.43660297403397125,0.72579637995054613,181],[-0.25380105851418916,0.94539825744033212,129],[-0.30833560407319888,0.65388688189003519,65],[0.12185078312044113,0.4409575089764,222],[0.43660297403397125,0.27420362004945387,298],[0.30833560407319888,0.34611311810996481,327],[0.25380105851418916,0.054601742559667876,123],[-0.12185078312044113,0.5590424910236,251],[0.16556042039366842,0.45459902052085543,169],[-0.58084801980775624,0.87632484377782838,217],[0.58084801980775624,0.12367515622217162,90],[0.4879577368840558,0.41950491582193516,77],[-0.16556042039366842,0.54540097947914457,353],[-0.70333516629045723,0.11021009713066254,61],[0.70333516629045723,0.88978990286933746,45],[-0.4879577368840558,0.58049508417806484,160],[0.096174218526863184,0.85565641626130917,26],[-0.22956255170540557,0.57994838794130577,62],[0.41530049343331038,0.69600278586824627,320],[0.22956255170540557,0.42005161205869423,217],[-0.41530049343331038,0.30399721413175373,58],[-0.561789303934709,0.733639541613333,325],[0.561789303934709,0.266360458386667,254],[-0.096174218526863184,0.14434358373869083,312],[0.76995195626336543,0.52348057832229278,59],[0.048708079468010854,0.81776751859787722,321],[0.076276171222294978,0.94676866476693489,63],[-0.076276171222294978,0.053231335233065113,340],[-0.76995195626336543,0.47651942167770722,205],[0.72061364191279353,0.675880868393557,30],[-0.048708079468010854,0.18223248140212284,124],[-0.72061364191279353,0.324119131606443,160],[-0.056615333861470954,0.097683536290256834,254],[-0.18814001938621555,0.75921214878066812,249],[0.8662829021902072,0.33139284825121168,148],[0.056615333861470954,0.90231646370974317,77],[-0.05472242152495306,0.39371197098739363,86],[0.18814001938621555,0.24078785121933188,298],[-0.8662829021902072,0.66860715174878838,203],[0.05472242152495306,0.60628802901260637,280],[-0.54391662547401332,0.095532690117056118,165],[-0.84415289161575691,0.85145147433865875,255],[0.84415289161575691,0.14854852566134125,166],[0.28251326594562259,0.47888795160611558,11],[0.874948496973041,0.309836331898242,210],[0.54391662547401332,0.90446730988294388,148],[-0.28251326594562259,0.52111204839388447,210],[-0.874948496973041,0.690163668101758,79]],"learnOrder":[0,2,1,4,7,3,8,5,6,7,6,4,5,8,3,2,1,2,3,4,1,6,8,7,5,8,1,5,6,4,7,3,2,7,6,4,2,8,5,1,3,2,5,4,8,6,3,1,7,8,1,3,4,6,5,7,2,8,1,5,2,3,4,6,7]},"distEstPair":{"pairList":[[0,0],[1,6],[3,7],[6,7],[1,8],[3,5],[1,2],[7,8],[2,4],[1,4],[3,8],[5,8],[4,8],[1,5],[1,7],[2,8],[2,3],[4,6],[3,6],[3,4],[4,7],[6,8],[5,7],[2,5],[2,6],[5,6],[1,3],[4,5],[2,7],[7,4],[8,5],[8,3],[4,3],[8,1],[5,1],[3,2],[7,6],[8,7],[7,1],[8,4],[7,3],[4,1],[6,1],[8,6],[6,3],[6,4],[6,5],[7,5],[8,2],[5,2],[6,2],[2,1],[5,4],[3,1],[7,2],[4,2],[5,3]]},"distEst2AFC":{"triplet":[[0,0,0],[6,8,2],[3,5,2],[5,3,4],[6,5,7],[2,3,1],[5,3,1],[5,3,6],[8,6,4],[2,1,3],[8,2,6],[4,7,2],[1,7,5],[5,1,3],[7,1,6],[1,5,7],[5,3,1],[3,2,5],[7,6,1],[1,7,5],[5,6,3],[6,5,7],[5,3,6],[3,5,2],[2,1,3],[7,1,6],[5,4,3],[6,7,5],[5,4,3],[2,4,6],[7,6,1],[5,3,4],[6,3,8],[2,6,1],[1,5,7],[6,7,5],[5,1,3],[3,2,5],[5,6,3],[2,3,1],[4,1,6]]}}