{"objLoc":[[0,0,0],[0.1,0.9,18],[0.9,0.9,105],[0.9,0.1,260],[0.7,0.7,8],[-0.1,0.1,75],[-0.9,0.1,19],[-0.9,0.9,109],[-0.7,0.3,240]],"objIdentity":[0,3,5,6,1,7,2,8,4],"familiarise":{"path":[[0,0.5,243],[0.30783073766282915,0.10599462319663905,102],[0.19535521049089666,0.59317965558925667,96],[-0.28979265264710158,0.71414060338909058,318],[-0.070607079252562849,0.26474358023950706,195],[-0.48018310139705878,0.55153179841503008,268],[-0.8995183853697708,0.27921228090751654,324],[-0.688209254499421,0.73236617442584151,99],[-0.484840932961521,0.27559344560454108,193],[-0.039337670867337027,0.50258869547431451,48],[-0.41091008360603415,0.16802339229488539,347],[-0.89809511599865177,0.28049891946681788,293],[-0.51507289443916271,0.60189272431008756,235],[-0.091048846360949731,0.86685235642669,73],[-0.0042247575274845656,0.374448479920586,350],[-0.28382120926285803,0.78896726619810686,13]]},"objlocLearn":{"learnOrder":[0,7,3,1,6,4,2,8,5],"startLoc":[[0,0,0],[-0.5,0.1,0],[0.5,0.9,240],[0.1,0.1,10],[0.1,0.5,190],[-0.5,0.5,50],[-0.1,0.5,180],[0.5,0.5,60],[-0.1,0.9,300]]},"objlocTestRun1":{"startLoc":[[0,0,0],[0.87866073245639753,0.57999415369962171,120],[-0.77270455908739855,0.72781883894904864,222],[0.77270455908739855,0.27218116105095136,250],[-0.38709656097039685,0.89294331964357343,17],[0.38709656097039685,0.10705668035642658,14],[-0.87866073245639753,0.42000584630037829,124],[0.19814493334057365,0.0938218429980251,292],[-0.19814493334057365,0.9061781570019749,154],[0.18192110373702225,0.35971070685686513,311],[-0.43800832603194378,0.946737117056269,106],[-0.70412852839133333,0.89335775349744828,110],[-0.58113833191234776,0.31892860001185031,318],[-0.18192110373702225,0.64028929314313487,137],[0.58113833191234776,0.68107139998814969,183],[0.70412852839133333,0.10664224650255172,287],[0.43800832603194378,0.053262882943731021,121],[0.49470409433612522,0.70725439457307537,2],[0.19809111866284607,0.41430283776125265,211],[-0.49470409433612522,0.29274560542692463,126],[-0.19809111866284607,0.58569716223874735,164],[0.6840953827171703,0.7714821573815851,106],[-0.6840953827171703,0.2285178426184149,236],[-0.48850525845940623,0.90849264655635187,178],[0.48850525845940623,0.091507353443648187,295]],"learnOrder":[0,2,4,8,7,3,6,5,1,6,8,1,7,2,3,5,4,8,6,4,2,3,7,5,1]},"objlocTestRun2":{"startLoc":[[0,0,0],[0.5541459144926697,0.50669085923634893,131],[0.51558299612870173,0.49217508478478456,88],[-0.5541459144926697,0.49330914076365107,192],[-0.3094570752024281,0.7460858937679915,277],[0.12792100339885998,0.81241726071276887,337],[0.3094570752024281,0.25391410623200855,95],[-0.12792100339885998,0.18758273928723107,25],[-0.51558299612870173,0.50782491521521544,139],[-0.077082634911480777,0.68566404682779136,268],[-0.036956207582780246,0.49039223314823244,218],[0.06519554026223566,0.71340336649781833,276],[-0.67354176207007788,0.62659933665832268,186],[0.077082634911480777,0.31433595317220864,120],[0.036956207582780246,0.50960776685176756,224],[-0.06519554026223566,0.28659663350218173,271],[0.67354176207007788,0.37340066334167732,228],[-0.2484912218888044,0.29323758856954946,8],[-0.74567033749318246,0.7835570826611663,119],[0.2484912218888044,0.70676241143045049,164],[0.19598811898058693,0.838467137990158,123],[-0.083728542432863248,0.16533355258735777,56],[-0.19598811898058693,0.16153286200984196,244],[0.083728542432863248,0.83466644741264218,6],[0.74567033749318246,0.2164429173388337,174]],"learnOrder":[0,4,7,8,5,6,1,2,3,7,5,8,6,3,1,4,2,3,1,7,4,2,8,6,5]},"distEstPair":{"pairList":[[0,0],[7,8],[1,2],[6,7],[3,1],[3,4],[5,4],[3,6],[5,8],[2,4],[4,1],[1,5],[7,6],[1,6],[3,2],[5,6],[4,2],[6,4],[2,3],[1,4],[7,5],[4,7],[4,3],[3,5],[4,8],[2,7],[8,5],[7,3],[8,6],[8,7],[5,2],[6,2],[6,8],[8,1],[5,7],[7,1],[6,5],[2,1],[1,3],[8,3],[2,8]]},"distEstEgo":{"pairList":[[0,0],[8,6],[1,2],[5,6],[6,5],[7,3],[7,6],[6,7],[4,2],[2,8],[3,2],[2,1],[2,3]]},"distEst2AFC":{"triplet":[[0,0,0],[5,8,7],[3,4,6],[5,7,6],[1,3,2],[6,7,5],[8,7,5],[2,3,1],[6,5,7],[4,3,1],[1,4,3],[4,1,3],[2,3,1],[8,5,7],[7,3,5],[2,1,3],[4,1,3],[6,5,7],[7,8,2],[4,3,1],[6,7,5],[8,7,5],[2,1,3],[8,5,7],[3,7,1]]}}