{"objLoc":[[0,0,0],[0.1,0.9,186],[0.9,0.9,279],[0.9,0.1,314],[0.7,0.7,3],[-0.1,0.1,112],[-0.9,0.1,345],[-0.9,0.9,185],[-0.7,0.3,115]],"objIdentity":[0,6,8,2,4,5,1,7,3],"familiarise":{"path":[[0,0.5,341],[-0.49384417029756889,0.57821723252011548,171],[0.504785364457005,0.52588127627717163,55],[0.017600332064387325,0.63835680344910417,199],[-0.48232351551380831,0.62963060023046247,224],[0.0048615168788093133,0.742106127402395,306],[-0.48898265341875957,0.66388889488227953,155],[0.4926445300289044,0.4730798995057347,345],[0.098639153225543452,0.7809106371685639,71],[0.32563440309531688,0.33540737507437995,186],[0.57563440309531688,0.7684200769665992,145],[0.57563440309531688,0.2684200769665992,101],[0.081790232797748,0.34663730948671462,218],[-0.30678274793073745,0.66129750501163331,29],[0.001047989732091692,0.26729212820827236,179],[-0.068538560747941027,0.7624261625790576,171]]},"objlocLearn":{"learnOrder":[0,4,3,2,6,1,8,7,5],"startLoc":[[0,0,0],[-0.5,0.5,50],[0.5,0.9,240],[-0.1,0.5,180],[0.1,0.5,190],[0.1,0.1,10],[0.5,0.5,60],[-0.5,0.1,0],[-0.1,0.9,300]]},"objlocTestRun1":{"startLoc":[[0,0,0],[0.67095318242874269,0.720765612645843,241],[-0.86146365816711312,0.41298888596506866,332],[-0.039014883780289458,0.41211283416257516,179],[-0.67095318242874269,0.279234387354157,166],[0.039014883780289458,0.58788716583742484,346],[0.86146365816711312,0.58701111403493134,356],[0.11227663013895443,0.5810342095334875,341],[-0.11227663013895443,0.41896579046651256,346],[-0.049236548619700324,0.94594958467618229,92],[-0.51801860135256561,0.47739917466012849,222],[0.51801860135256561,0.52260082533987151,178],[0.19775960819264998,0.88840039875799681,173],[0.049236548619700324,0.054050415323817713,121],[-0.19775960819264998,0.11159960124200316,166],[0.30583192686677813,0.89058320451838058,181],[-0.30583192686677813,0.10941679548161942,26],[-0.26462276134692048,0.4636697971186845,126],[0.57862025270634665,0.477027772253283,103],[0.57006391412142476,0.11185542777213356,133],[-0.57006391412142476,0.88814457222786647,300],[0.521751824126657,0.54111033717778279,191],[0.26462276134692048,0.5363302028813155,76],[-0.57862025270634665,0.522972227746717,99],[-0.521751824126657,0.45888966282221727,333]],"learnOrder":[0,8,7,6,4,2,3,5,1,3,6,2,8,7,4,1,5,6,1,4,8,7,2,5,3]},"objlocTestRun2":{"startLoc":[[0,0,0],[-0.52766755300910306,0.28819035638246571,52],[0.44539337304817267,0.67011935743751838,137],[0.52766755300910306,0.71180964361753429,171],[-0.011507133147983614,0.27985551117357083,202],[-0.44539337304817267,0.32988064256248162,351],[0.1250244444284489,0.26549814808327787,153],[0.011507133147983614,0.72014448882642923,120],[-0.1250244444284489,0.73450185191672213,299],[0.2042389006035143,0.10694216571004433,347],[-0.2042389006035143,0.89305783428995567,23],[-0.135918744402248,0.33074943647574928,358],[0.135918744402248,0.66925056352425072,264],[-0.10816485687885784,0.38916216111368979,67],[-0.34715907591213652,0.86148564503572977,41],[0.34715907591213652,0.13851435496427023,28],[0.10816485687885784,0.61083783888631027,223],[0.36934879115124425,0.1326831159696184,115],[-0.36934879115124425,0.86731688403038154,190],[-0.13579956167136892,0.86766867906394829,65],[-0.16724476147973649,0.24568072528088664,349],[0.13579956167136892,0.13233132093605174,207],[-0.12790492168538176,0.57841234673024755,302],[0.16724476147973649,0.75431927471911342,121],[0.12790492168538176,0.42158765326975239,327]],"learnOrder":[0,4,6,8,1,2,7,5,3,1,5,7,3,2,8,4,6,4,8,5,3,1,6,7,2]},"distEstPair":{"pairList":[[0,0],[2,1],[6,7],[7,5],[2,4],[4,7],[1,5],[5,4],[8,6],[3,5],[8,3],[4,2],[5,6],[5,7],[5,8],[8,7],[7,6],[1,2],[7,1],[6,5],[1,6],[2,8],[3,6],[4,3],[7,8],[8,1],[6,8],[2,3],[3,4],[1,3],[6,2],[8,5],[1,4],[7,3],[6,4],[4,8],[4,1],[5,2],[3,1],[2,7],[3,2]]},"distEstEgo":{"pairList":[[0,0],[1,2],[2,1],[6,7],[7,6],[5,6],[6,5],[4,2],[2,8],[2,3],[7,3],[3,2],[8,6]]},"distEst2AFC":{"triplet":[[0,0,0],[4,1,3],[5,8,7],[2,1,3],[4,1,3],[3,7,1],[8,5,7],[6,7,5],[8,7,5],[1,3,2],[7,8,2],[4,3,1],[3,4,6],[7,3,5],[1,4,3],[2,3,1],[5,7,6],[6,5,7],[8,5,7],[6,7,5],[2,1,3],[8,7,5],[4,3,1],[6,5,7],[2,3,1]]}}