{"objLoc":[[0,0,0],[0,0.95,263],[0.9,0.95,203],[0.9,0.05,45],[0.7,0.75,144],[0,0.05,282],[-0.9,0.05,184],[-0.9,0.95,66],[-0.7,0.25,308]],"objIdentity":[0,6,3,5,8,7,1,4,2],"familiarise":{"path":[[0,0.5,106],[0.5,0.9,60],[0.9,0.1,143],[-0.9,0.2,184],[-0.7,0.7,111],[0.5,0.5,155],[0,0.2,299],[-0.2,0.8,203],[-0.5,0.1,300],[0.7,0.4,359],[0.9,0.9,120],[-0.5,0.5,33],[0.5,0.9,279],[0.5,0.1,54],[-0.6,0.8,262]]},"objlocLearn":{"learnOrder":[0,2,5,3,8,6,7,4,1],"startLoc":[[0,0,0],[-0.1,0.5,180],[-0.1,0.9,300],[0.5,0.9,240],[0.5,0.5,60],[0.1,0.5,190],[-0.5,0.1,0],[-0.5,0.5,50],[0.1,0.1,10]]},"objlocTestRun1":{"startLoc":[[0,0,0],[0.116596917189748,0.92093706557659272,184],[-0.116596917189748,0.0790629344234073,158],[-0.67554958084934258,0.21188719974182846,176],[0.42691795057184306,0.28162736369740593,335],[-0.42691795057184306,0.71837263630259407,326],[-0.69976584662759911,0.085372863952303618,82],[0.67554958084934258,0.78811280025817154,166],[0.69976584662759911,0.91462713604769641,247],[-0.6939197971164246,0.60608334365543048,301],[-0.2964438462818752,0.723935647466885,334],[0.6939197971164246,0.39391665634456946,9],[-0.51602247971008142,0.21344397149836497,238],[-0.40900929018693893,0.70362380346620412,90],[0.40900929018693893,0.29637619653379588,355],[0.2964438462818752,0.276064352533115,340],[0.51602247971008142,0.78655602850163508,246],[0.21167341332295891,0.4239553572403954,166],[0.016966344955968868,0.16878551683291,282],[0.92799492966008423,0.53004474013714553,157],[-0.016966344955968868,0.83121448316709,48],[-0.48914318518416716,0.77851004233174492,5],[-0.92799492966008423,0.46995525986285447,268],[0.48914318518416716,0.22148995766825508,352],[-0.21167341332295891,0.57604464275960465,73],[0.28869532831824579,0.091813181131625843,346],[-0.28869532831824579,0.90818681886837416,166],[0.48994387679035617,0.89487405121914976,161],[-0.48994387679035617,0.10512594878085021,176],[0.0366480895339701,0.38175576828500385,68],[-0.83756703725723336,0.67887978267361737,190],[0.83756703725723336,0.32112021732638263,192],[-0.0366480895339701,0.6182442317149961,335],[-0.24163205629792833,0.14379931512165745,322],[0.071528027572168737,0.4056048408869215,108],[-0.48002539893596191,0.62148687646125955,105],[-0.60328060364233638,0.60473110441860367,58],[0.60328060364233638,0.39526889558139638,119],[0.48002539893596191,0.37851312353874039,39],[0.24163205629792833,0.85620068487834255,252],[-0.071528027572168737,0.5943951591130785,197],[-0.058464912192334587,0.631236813913425,85],[0.10901941480893358,0.0797493099874113,336],[0.058464912192334587,0.368763186086575,251],[-0.90979691385305794,0.60631472995232483,153],[0.64234312538521288,0.40065657943460875,292],[-0.64234312538521288,0.59934342056539125,53],[0.90979691385305794,0.39368527004767517,146],[-0.10901941480893358,0.92025069001258875,13],[-0.19186166274538846,0.12498901316252864,91],[-0.027880716476355774,0.71447056526324859,8],[0.027880716476355774,0.28552943473675135,264],[-0.24728439968398946,0.550983374072378,346],[-0.34772831424242429,0.73693910292111642,23],[0.24728439968398946,0.449016625927622,24],[0.34772831424242429,0.26306089707888358,138],[0.19186166274538846,0.87501098683747136,118],[-0.53057206534699231,0.797027691489568,37],[-0.65306404499101267,0.88689881765209433,221],[-0.6683050225635816,0.389082865331544,128],[0.53057206534699231,0.20297230851043208,37],[0.031983926222427558,0.17911611474672195,358],[0.65306404499101267,0.11310118234790567,196],[0.6683050225635816,0.610917134668456,332],[-0.031983926222427558,0.820883885253278,38],[-0.66073742992085593,0.61668452388296835,283],[0.66073742992085593,0.38331547611703165,24],[0.51305808797421038,0.85387098984804544,168],[-0.16231489429805729,0.58532005573242429,334],[-0.51305808797421038,0.14612901015195456,277],[-0.37150747421296521,0.74793070179503107,143],[0.16231489429805729,0.41467994426757571,25],[0.37150747421296521,0.25206929820496893,113],[-0.78065314801058316,0.49424758831044369,260],[0.78065314801058316,0.50575241168955631,146],[-0.33003072367427028,0.42891507308031263,301],[0.41442853621626313,0.054149579274320819,322],[-0.41442853621626313,0.94585042072567915,131],[0.7515487678028856,0.71366693167875506,117],[0.33003072367427028,0.57108492691968737,306],[-0.7515487678028856,0.28633306832124494,155]],"learnOrder":[0,8,4,7,6,2,1,3,5,7,5,3,4,2,6,1,8,3,6,1,2,4,5,8,7,2,6,7,3,4,1,5,8,5,8,6,7,3,2,1,4,6,4,2,7,5,1,3,8,4,6,2,7,1,3,5,8,7,1,6,3,8,5,2,4,8,4,5,3,1,2,7,6,7,3,5,4,8,2,1,6]},"distEstPair":{"pairList":[[0,0],[2,7],[2,6],[4,5],[5,7],[1,4],[5,8],[1,6],[4,7],[3,5],[7,8],[3,8],[2,5],[1,2],[1,7],[5,6],[1,8],[2,4],[3,4],[3,6],[6,8],[6,7],[4,6],[2,8],[1,3],[1,5],[4,8],[3,7],[2,3],[7,6],[6,1],[6,3],[5,1],[7,4],[4,3],[5,2],[7,5],[6,4],[8,6],[2,1],[6,2],[7,1],[8,1],[8,5],[7,2],[4,2],[5,3],[8,2],[8,3],[5,4],[3,1],[8,4],[4,1],[7,3],[6,5],[8,7],[3,2]]},"distEst2AFC":{"triplet":[[0,0,0],[5,3,6],[1,2,7],[5,6,3],[3,2,5],[7,1,6],[6,8,1],[2,4,5],[2,3,4],[3,5,2],[5,6,3],[4,2,7],[7,6,1],[1,2,7],[6,2,8],[3,5,2],[7,6,1],[4,1,7],[5,6,7],[1,7,2],[5,3,6],[7,1,6],[3,2,5],[8,6,7],[1,7,2]]}}