{"objLoc":[[0,0,0],[0.1,0.9,91],[0.9,0.9,17],[0.9,0.1,244],[0.7,0.7,16],[-0.1,0.1,42],[-0.9,0.1,218],[-0.9,0.9,69],[-0.7,0.3,241]],"objIdentity":[0,8,5,4,6,3,2,7,1],"familiarise":{"path":[[0,0.5,321],[-0.46679021324860087,0.67918397477265013,67],[-0.4929581913700728,0.17986920739536322,27],[-0.14562900614057417,0.53953910756468881,321],[-0.45345974380340331,0.14553373076132786,191],[-0.557415589212283,0.63460753112823065,220],[-0.81493462666731009,0.20602388077717448,249],[-0.78876664854583822,0.70533864815446146,262],[0.059281447610587734,0.17541938392125656,226],[-0.19823758984443934,0.60400303427231272,44],[-0.49213021599067591,0.199494537084839,266],[0.36503708471143642,0.71453261199489315,6],[0.24407613691160257,0.22938474885689492,2],[0.23534993369296081,0.72930859643509049,340],[0.72616352541679285,0.63390409874681808,205],[0.37883434018729423,0.27423419857749248,294]]},"objlocLearn":{"learnOrder":[0,1,7,5,2,3,6,8,4],"startLoc":[[0,0,0],[0.1,0.1,10],[-0.5,0.1,0],[-0.1,0.9,300],[-0.1,0.5,180],[0.5,0.9,240],[0.1,0.5,190],[0.5,0.5,60],[-0.5,0.5,50]]},"objlocTestRun1":{"startLoc":[[0,0,0],[0.43476534402496697,0.81579963262879318,217],[-0.43476534402496697,0.18420036737120682,278],[0.046571286910643564,0.75787867891822291,97],[-0.025396384778824291,0.46144197828442424,244],[0.40350420250115931,0.76267058837233548,318],[-0.40350420250115931,0.23732941162766458,57],[-0.046571286910643564,0.24212132108177709,49],[0.025396384778824291,0.53855802171557576,163],[0.44510940503106861,0.84802918580288911,149],[0.49469399404278253,0.81028566524682177,66],[0.45755529647182763,0.68147949308433986,231],[0.39353548912771757,0.25108474273824977,21],[-0.44510940503106861,0.15197081419711089,94],[-0.39353548912771757,0.74891525726175023,64],[-0.49469399404278253,0.18971433475317823,188],[-0.45755529647182763,0.31852050691566014,78],[-0.67354242626975,0.4932159093500158,227],[0.53056549596439684,0.45592622658330262,108],[-0.20693788956139508,0.71783863112295321,72],[-0.53056549596439684,0.54407377341669738,321],[-0.28943180270529195,0.6150828447647867,132],[0.67354242626975,0.5067840906499842,43],[0.20693788956139508,0.28216136887704685,125],[0.28943180270529195,0.38491715523521336,202],[0.18418048031310769,0.934100433392951,57],[-0.29956940076382382,0.90459436826729456,166],[0.29956940076382382,0.095405631732705443,157],[-0.18418048031310769,0.065899566607049029,234],[0.70527319846347036,0.241581894825242,21],[-0.70527319846347036,0.758418105174758,287],[-0.366174050320146,0.67852953667040483,314],[0.366174050320146,0.32147046332959517,304],[-0.60611363315637923,0.93245767650370559,128],[0.60611363315637923,0.06754232349629441,33],[-0.083800178438250675,0.096313780691990925,123],[-0.56592210936286169,0.74762001575504478,190],[0.083800178438250675,0.90368621930800908,48],[0.061643873818089071,0.59197880801067215,190],[0.56592210936286169,0.25237998424495522,261],[-0.061643873818089071,0.40802119198932785,103],[-0.33876397887872106,0.843532280326051,231],[0.33172668215461404,0.098435127670075076,350],[-0.33172668215461404,0.90156487232992488,4],[0.33876397887872106,0.15646771967394907,138],[0.62315209670793248,0.91543118342958818,342],[0.47479407448678451,0.19586030969886337,226],[-0.62315209670793248,0.08456881657041182,249],[-0.47479407448678451,0.80413969030113663,97],[0.3513980926291555,0.71069682042145377,143],[0.65390418805870354,0.47785560772335423,314],[-0.65390418805870354,0.52214439227664577,55],[-0.3513980926291555,0.28930317957854623,257],[-0.11776095619508946,0.8974875181490457,10],[0.32558135864326604,0.65616602945131786,278],[0.11776095619508946,0.1025124818509543,129],[-0.32558135864326604,0.3438339705486822,293],[0.48538322349687807,0.23450466856305763,158],[-0.31739392447634657,0.8474302139373171,283],[0.31739392447634657,0.15256978606268295,209],[-0.36442798327179343,0.47806628676213775,272],[-0.30459115025790079,0.92605245486008569,19],[-0.48538322349687807,0.76549533143694237,36],[0.30459115025790079,0.07394754513991432,298],[0.36442798327179343,0.52193371323786231,316]],"learnOrder":[0,1,5,3,8,6,2,7,4,2,3,1,8,6,4,7,5,1,6,8,2,7,5,4,3,8,1,5,4,3,7,6,2,4,8,7,1,3,2,5,6,7,4,8,3,2,5,6,1,4,2,6,8,1,7,5,3,8,6,2,3,5,4,1,7]},"distEstPair":{"pairList":[[0,0],[2,8],[5,8],[2,3],[4,7],[3,6],[5,7],[1,3],[3,8],[3,4],[4,6],[1,8],[1,2],[1,7],[2,4],[3,7],[4,8],[7,8],[2,7],[6,7],[1,4],[1,6],[2,5],[3,5],[1,5],[4,5],[2,6],[6,8],[5,6],[8,5],[8,1],[7,4],[2,1],[8,7],[5,1],[5,2],[6,5],[7,2],[4,2],[5,4],[5,3],[4,1],[6,3],[8,3],[7,1],[8,6],[8,2],[4,3],[6,2],[6,4],[7,6],[7,5],[3,1],[7,3],[6,1],[8,4],[3,2]]},"distEst2AFC":{"triplet":[[0,0,0],[2,3,1],[4,7,2],[5,3,1],[2,1,3],[3,2,5],[7,6,1],[6,7,5],[3,5,2],[6,3,8],[3,5,2],[7,1,6],[6,5,7],[7,1,6],[2,6,1],[4,1,6],[7,6,1],[6,7,5],[3,2,5],[2,1,3],[6,5,7],[8,6,4],[5,1,3],[6,8,2],[1,5,7],[5,3,1],[1,7,5],[2,4,6],[1,5,7],[5,1,3],[2,3,1],[8,2,6],[1,7,5]]}}