{"objLoc":[[0,0,0],[0.1,0.9,212],[0.9,0.9,324],[0.9,0.1,321],[0.7,0.7,294],[-0.1,0.1,13],[-0.9,0.1,250],[-0.9,0.9,137],[-0.7,0.3,187]],"objIdentity":[0,8,2,3,1,4,7,5,6],"familiarise":{"path":[[0,0.5,169],[0.45315389351832497,0.71130913087034975,254],[-0.04562813161158713,0.676430893998287,56],[-0.47864083350380643,0.42643089399828704,264],[-0.8831493306912801,0.13253826785205047,238],[0.087146395584716374,0.37446016345171818,266],[0.33714639558471637,0.80747286534393747,327],[0.28488216395088961,0.31021191765980083,286],[-0.202302868441728,0.42268744483173332,143],[0.2970118989355589,0.39651946671026139,332],[-0.20268351457398898,0.37906971835901093,15],[0.76761221170200744,0.1371478227593432,286],[0.69802566122197474,0.63228185713012841,302],[-0.79375718183043509,0.47548916222864818,196],[0.16254757413260035,0.18311745750591141,227],[0.66064492317847312,0.13953958613208234,351]]},"objlocLearn":{"learnOrder":[0,5,6,7,1,3,2,4,8],"startLoc":[[0,0,0],[-0.1,0.9,300],[0.1,0.5,190],[-0.5,0.1,0],[0.1,0.1,10],[0.5,0.9,240],[-0.1,0.5,180],[-0.5,0.5,50],[0.5,0.5,60]]},"objlocTestRun1":{"startLoc":[[0,0,0],[0.8705847611880817,0.620243185145044,31],[0.11682972801583628,0.75583054473726574,64],[-0.8705847611880817,0.37975681485495605,335],[-0.60928544564783282,0.083443531092706885,94],[0.60928544564783282,0.91655646890729314,287],[-0.36814810928848091,0.60196440290470743,191],[-0.11682972801583628,0.2441694552627342,253],[0.36814810928848091,0.39803559709529257,249],[-0.84857164503310867,0.148838953875587,172],[-0.26434540484876984,0.625518050569771,259],[0.61687161648926092,0.78729131035151589,93],[-0.012580496820684559,0.8825315540014308,116],[-0.61687161648926092,0.21270868964848411,288],[0.84857164503310867,0.851161046124413,19],[0.012580496820684559,0.1174684459985692,95],[0.26434540484876984,0.37448194943022906,75],[-0.19238065769875351,0.32716048783988655,81],[0.77405932712457037,0.50634444393233524,239],[-0.77405932712457037,0.49365555606766476,45],[0.19238065769875351,0.6728395121601134,142],[0.4389651961263909,0.46287148771353165,221],[0.84268010020138651,0.1486985213383113,116],[-0.84268010020138651,0.8513014786616887,114],[-0.4389651961263909,0.53712851228646841,219]],"learnOrder":[0,2,7,6,4,8,1,3,5,8,2,1,3,5,4,7,6,3,2,6,7,4,5,1,8]},"objlocTestRun2":{"startLoc":[[0,0,0],[-0.68256892782662359,0.052877248450461045,300],[-0.23060252173325496,0.62502868415260937,151],[0.15200794182768557,0.19470876587390129,18],[0.68256892782662359,0.947122751549539,319],[0.23060252173325496,0.37497131584739057,313],[-0.85838497088133758,0.750992755215323,133],[-0.15200794182768557,0.80529123412609871,229],[0.85838497088133758,0.249007244784677,164],[-0.94708757400096721,0.6832189323348703,257],[0.030785726305856784,0.58778109259950084,47],[-0.030785726305856784,0.4122189074004991,32],[-0.85773963174515178,0.51927545833931765,345],[0.94708757400096721,0.31678106766512976,316],[-0.52244879027085767,0.57635261229919776,57],[0.85773963174515178,0.48072454166068235,56],[0.52244879027085767,0.42364738770080224,136],[-0.584121092737834,0.38035942441892179,46],[-0.069017056425937737,0.66325731995120252,315],[-0.06353339827524189,0.83899755461384551,328],[0.069017056425937737,0.33674268004879748,20],[0.22728487962640848,0.098184437225479537,336],[0.06353339827524189,0.16100244538615449,316],[-0.22728487962640848,0.90181556277452046,299],[0.584121092737834,0.61964057558107821,238]],"learnOrder":[0,6,7,8,2,3,5,4,1,6,8,4,7,2,5,3,1,7,1,2,5,8,6,4,3]},"distEstPair":{"pairList":[[0,0],[6,4],[8,3],[1,4],[2,3],[4,1],[4,8],[6,8],[3,6],[8,6],[1,6],[8,1],[7,5],[3,2],[1,3],[8,5],[5,4],[5,6],[2,4],[2,8],[6,5],[7,8],[5,8],[3,5],[7,1],[2,7],[8,7],[7,3],[6,7],[4,2],[3,4],[1,5],[2,1],[5,7],[1,2],[5,2],[4,3],[3,1],[7,6],[6,2],[4,7]]},"distEstEgo":{"pairList":[[0,0],[2,1],[4,2],[6,7],[6,5],[7,3],[7,6],[1,2],[5,6],[2,3],[2,8],[3,2],[8,6]]},"distEst2AFC":{"triplet":[[0,0,0],[1,4,3],[6,7,5],[2,1,3],[5,8,7],[6,7,5],[2,1,3],[3,4,6],[6,5,7],[2,3,1],[4,3,1],[8,7,5],[6,5,7],[4,1,3],[5,7,6],[8,5,7],[1,3,2],[7,8,2],[4,1,3],[2,3,1],[8,5,7],[7,3,5],[4,3,1],[8,7,5],[3,7,1]]}}