{"objLoc":[[0,0,0],[0.1,0.9,280],[0.9,0.9,86],[0.9,0.1,297],[0.7,0.7,348],[-0.1,0.1,351],[-0.9,0.1,164],[-0.9,0.9,220],[-0.7,0.3,280]],"objIdentity":[0,3,5,4,7,1,8,2,6],"familiarise":{"path":[[0,0.5,100],[-0.32139380484326963,0.883022221559489,85],[0.11591604872642824,0.64061741143632045,305],[0.57268877754772873,0.84398573297422053,81],[0.563962574329087,0.34406188539602489,249],[-0.43360147593073717,0.27430541165189959,56],[-0.42487527271209541,0.77422925923009522,74],[-0.5876593499406737,0.3014699714304368,25],[-0.18315085275319998,0.59536259757667342,270],[-0.636304746271525,0.38405346670632368,65],[0.2547017779168429,0.83804396644587054,45],[0.60825516851011674,0.48449057585259675,81],[-0.8336373753973616,0.89794660957809547,101],[-0.798759138525299,0.39916458444818337,13],[-0.5795735651307603,0.84856160759776689,92],[0.88198153204709251,0.51113502608196937,241]]},"objlocLearn":{"learnOrder":[0,7,2,6,5,3,1,8,4],"startLoc":[[0,0,0],[-0.5,0.1,0],[-0.1,0.5,180],[0.1,0.5,190],[-0.1,0.9,300],[0.5,0.9,240],[0.1,0.1,10],[0.5,0.5,60],[-0.5,0.5,50]]},"objlocTestRun1":{"startLoc":[[0,0,0],[-0.60146690265579816,0.87825189401940218,304],[-0.65438708732666728,0.59702130792673769,123],[0.60146690265579816,0.12174810598059782,263],[-0.63957326063117259,0.46284197515335013,344],[0.41935665818397488,0.087627757209106621,330],[-0.41935665818397488,0.91237224279089335,184],[0.65438708732666728,0.40297869207326237,87],[0.63957326063117259,0.53715802484664987,285],[-0.62381693441338681,0.8043341289989,17],[0.62381693441338681,0.1956658710011,324],[0.19904054529909837,0.80479505889032743,204],[-0.42015925251781944,0.23414006659620068,6],[0.77924439711694293,0.79661972937788206,188],[-0.19904054529909837,0.19520494110967251,178],[-0.77924439711694293,0.20338027062211794,77],[0.42015925251781944,0.76585993340379932,223],[0.40669675946375733,0.139430888589536,1],[0.42544213854244878,0.74614700901816988,85],[-0.121904529837441,0.6351960077590717,190],[0.36416154299898923,0.23395138662972115,72],[-0.42544213854244878,0.25385299098183017,88],[-0.36416154299898923,0.76604861337027885,158],[-0.40669675946375733,0.860569111410464,21],[0.121904529837441,0.3648039922409283,75],[0.78527236365106723,0.57018141154918978,27],[-0.37110053242034419,0.17261004300975613,288],[0.77359253937739791,0.16788273967213985,181],[-0.67449437057461314,0.13866716832532403,95],[0.37110053242034419,0.82738995699024387,287],[-0.77359253937739791,0.83211726032786015,56],[-0.78527236365106723,0.42981858845081022,312],[0.67449437057461314,0.861332831674676,166],[-0.76052335832606088,0.44278684531784773,203],[-0.36907510943724881,0.90242041821482766,113],[0.11434469480055327,0.68905930105675739,88],[0.76052335832606088,0.55721315468215227,100],[0.38795291076191135,0.80049218300843861,130],[0.36907510943724881,0.097579581785172287,206],[-0.11434469480055327,0.31094069894324261,12],[-0.38795291076191135,0.19950781699156134,139],[-0.31485232047681683,0.2121833818483187,123],[-0.79598845214915115,0.88571737965323349,227],[0.79598845214915115,0.11428262034676652,313],[-0.85665496198967617,0.27675380108643122,279],[-0.15473277154541115,0.788244684230977,357],[0.31485232047681683,0.78781661815168125,150],[0.15473277154541115,0.21175531576902296,78],[0.85665496198967617,0.72324619891356878,332],[0.24273257639417573,0.26737042496161656,294],[-0.012713566062325168,0.69663304681841587,330],[-0.37267688162102769,0.60228908050838159,76],[-0.24273257639417573,0.73262957503838344,169],[0.37267688162102769,0.39771091949161841,117],[-0.04851066492993221,0.37420647779219635,163],[0.012713566062325168,0.30336695318158413,262],[0.04851066492993221,0.62579352220780371,261],[0.36962453062046369,0.90047032982061759,230],[-0.81496032632142457,0.60966083205588062,123],[0.646510943239025,0.078875816633285356,81],[-0.36962453062046369,0.099529670179382412,169],[0.81496032632142457,0.39033916794411938,270],[0.24685393246634385,0.49592397832261659,67],[-0.646510943239025,0.92112418336671464,9],[-0.24685393246634385,0.50407602167738341,38]],"learnOrder":[0,5,7,1,4,2,6,3,8,1,5,6,4,3,2,7,8,3,6,5,8,2,4,7,1,3,2,8,1,6,4,7,5,7,6,1,3,8,2,5,4,3,8,4,5,6,7,2,1,5,6,3,1,7,4,2,8,3,1,8,7,5,6,4,2]},"distEstPair":{"pairList":[[0,0],[6,8],[1,8],[2,3],[4,6],[2,6],[3,6],[1,2],[3,7],[3,4],[1,6],[1,4],[1,7],[7,8],[2,8],[4,8],[1,3],[6,7],[5,7],[4,7],[5,8],[2,5],[4,5],[2,7],[2,4],[3,8],[5,6],[1,5],[3,5],[8,7],[4,3],[5,2],[4,2],[7,5],[8,2],[8,6],[5,4],[8,5],[6,1],[2,1],[7,1],[5,1],[3,2],[6,5],[3,1],[6,2],[7,3],[6,4],[5,3],[8,1],[6,3],[7,6],[4,1],[7,4],[8,3],[7,2],[8,4]]},"distEst2AFC":{"triplet":[[0,0,0],[3,5,2],[2,3,1],[5,6,3],[1,5,7],[3,2,5],[5,1,3],[6,3,8],[6,7,5],[5,4,3],[2,4,6],[2,6,1],[4,1,6],[1,7,5],[2,3,1],[6,5,7],[5,3,6],[3,2,5],[5,3,4],[6,8,2],[4,7,2],[1,5,7],[5,6,3],[7,6,1],[6,7,5],[7,1,6],[5,3,1],[5,4,3],[2,1,3],[5,1,3],[8,2,6],[1,7,5],[5,3,6],[3,5,2],[5,3,4],[7,1,6],[5,3,1],[7,6,1],[2,1,3],[8,6,4],[6,5,7]]}}