{"objLoc":[[0,0,0],[0,0.95,311],[0.9,0.95,103],[0.9,0.05,27],[0.7,0.75,275],[0,0.05,163],[-0.9,0.05,196],[-0.9,0.95,262],[-0.7,0.25,306]],"objIdentity":[0,5,3,8,6,7,4,2,1],"familiarise":{"path":[[0,0.5,103],[0.5,0.9,247],[0.9,0.1,303],[-0.9,0.2,292],[-0.7,0.7,1],[0.5,0.5,333],[0,0.2,291],[-0.2,0.8,345],[-0.5,0.1,175],[0.7,0.4,239],[0.9,0.9,265],[-0.5,0.5,168],[0.5,0.9,290],[0.5,0.1,158],[-0.6,0.8,47]]},"objlocLearn":{"learnOrder":[0,4,8,2,6,1,3,5,7],"startLoc":[[0,0,0],[-0.5,0.5,50],[0.5,0.5,60],[-0.1,0.5,180],[0.1,0.5,190],[0.1,0.1,10],[0.5,0.9,240],[-0.1,0.9,300],[-0.5,0.1,0]]},"objlocTestRun1":{"startLoc":[[0,0,0],[0.14757675074852034,0.0775503668007475,50],[-0.19015924742562346,0.54803091394779135,273],[0.9030949904515142,0.4070974503944485,216],[0.19015924742562346,0.45196908605220865,15],[-0.32335985644511417,0.479930016166407,274],[0.32335985644511417,0.52006998383359293,10],[-0.14757675074852034,0.92244963319925244,222],[-0.9030949904515142,0.59290254960555155,26],[-0.28662222929366882,0.35964794512553178,256],[0.28662222929366882,0.64035205487446822,53],[0.79712005867064839,0.32678369485635878,260],[-0.79712005867064839,0.67321630514364128,19],[-0.30957583491724433,0.18989598216526116,29],[-0.045849474357242556,0.50286801848646479,80],[0.30957583491724433,0.81010401783473884,319],[0.045849474357242556,0.49713198151353521,287],[-0.42044052630849787,0.12362528606480756,184],[0.92134666724322845,0.15236708308665173,334],[0.42044052630849787,0.8763747139351924,140],[-0.20604185665588642,0.92836532018186557,189],[-0.92134666724322845,0.8476329169133483,355],[0.20604185665588642,0.071634679818134428,152],[-0.38792500928672963,0.52972937419614463,113],[0.38792500928672963,0.47027062580385531,110],[0.22019888408267779,0.49576971104745082,209],[0.37371021049730774,0.38272804651509168,192],[-0.89397885175017455,0.16397450421571669,14],[0.28658562475543231,0.9491993571652847,290],[-0.28658562475543231,0.050800642834715304,74],[0.89397885175017455,0.83602549578428331,107],[-0.22019888408267779,0.50423028895254918,24],[-0.37371021049730774,0.61727195348490826,184],[-0.018134410329394932,0.636938650237653,223],[0.4436772448437562,0.72956313461262245,287],[0.24578064025725094,0.24649176210690293,91],[-0.84979787213816138,0.7370872881959043,201],[-0.24578064025725094,0.75350823789309707,319],[0.84979787213816138,0.26291271180409564,311],[-0.4436772448437562,0.27043686538737755,287],[0.018134410329394932,0.36306134976234705,211],[-0.10178947956380853,0.42909997269804612,276],[-0.6793184293508383,0.22682211407604236,78],[0.44463461661429843,0.43422982699807261,319],[0.10178947956380853,0.57090002730195388,107],[0.6793184293508383,0.77317788592395764,56],[-0.45954498541364414,0.9456442355625011,120],[0.45954498541364414,0.054355764437498857,139],[-0.44463461661429843,0.56577017300192733,115],[-0.4887345202931454,0.49895051696021731,72],[0.64029090604746763,0.683576540813637,193],[0.4887345202931454,0.50104948303978269,155],[0.26608733655326006,0.4320379087780436,106],[-0.28690871772786836,0.43133307621248496,127],[0.28690871772786836,0.568666923787515,330],[-0.64029090604746763,0.316423459186363,87],[-0.26608733655326006,0.5679620912219564,275],[-0.87798314001183808,0.37365963340020292,289],[-0.44043962779231788,0.85187140814086237,65],[0.076521279782407484,0.778123509626661,200],[-0.043609904358574744,0.87809054687873611,167],[0.44043962779231788,0.14812859185913763,74],[-0.076521279782407484,0.221876490373339,85],[0.87798314001183808,0.62634036659979708,2],[0.043609904358574744,0.12190945312126389,299],[0.23816186319921623,0.14739432114926942,318],[-0.23816186319921623,0.85260567885073058,303],[0.036326080507680089,0.76366072717958333,89],[0.64058773547635406,0.60495643194422954,228],[-0.29183805758496945,0.28086009835331649,108],[0.29183805758496945,0.71913990164668351,2],[-0.64058773547635406,0.39504356805577046,329],[-0.036326080507680089,0.23633927282041667,80],[-0.8769082074526735,0.83852645632390277,174],[-0.0052555098776192882,0.38061426273476417,70],[0.2526923529783473,0.81517828622314026,298],[0.8769082074526735,0.16147354367609723,210],[0.234097466070686,0.82365975081204068,249],[-0.234097466070686,0.17634024918795932,227],[-0.2526923529783473,0.18482171377685974,236],[0.0052555098776192882,0.61938573726523583,206]],"learnOrder":[0,4,2,3,6,1,5,8,7,8,4,1,5,7,2,3,6,3,1,7,2,5,6,8,4,6,4,5,3,7,1,2,8,4,3,6,5,2,1,7,8,7,5,4,3,1,6,2,8,7,5,3,2,8,4,1,6,1,4,2,3,8,6,5,7,6,2,7,8,5,1,4,3,5,2,4,1,7,3,8,6]},"distEstPair":{"pairList":[[0,0],[5,8],[2,3],[1,8],[2,8],[1,7],[1,4],[5,6],[3,7],[6,7],[1,5],[4,5],[4,8],[2,7],[3,4],[2,5],[3,8],[2,4],[3,5],[3,6],[6,8],[1,6],[5,7],[1,3],[4,6],[7,8],[1,2],[2,6],[4,7],[6,1],[8,5],[6,3],[8,7],[5,3],[6,4],[4,1],[7,6],[7,1],[7,2],[8,1],[7,4],[6,2],[8,6],[7,3],[2,1],[5,2],[7,5],[3,1],[8,2],[6,5],[4,3],[3,2],[8,4],[8,3],[5,1],[4,2],[5,4]]},"distEst2AFC":{"triplet":[[0,0,0],[5,6,3],[6,2,8],[7,6,1],[1,7,2],[3,5,2],[5,6,3],[7,6,1],[3,2,5],[2,3,4],[7,1,6],[8,6,7],[1,2,7],[4,1,7],[1,2,7],[3,5,2],[6,8,1],[5,3,6],[4,2,7],[7,1,6],[5,6,7],[2,4,5],[3,2,5],[5,3,6],[1,7,2]]}}