{"objLoc":[[0,0,0],[0.1,0.9,346],[0.9,0.9,252],[0.9,0.1,360],[0.7,0.7,80],[-0.1,0.1,130],[-0.9,0.1,267],[-0.9,0.9,359],[-0.7,0.3,114]],"objIdentity":[0,1,8,3,4,2,7,5,6],"familiarise":{"path":[[0,0.5,354],[0.35355339059327379,0.85355339059327373,17],[-0.5800270359039279,0.49518544104797346,205],[-0.090953235537025057,0.59914128645685316,36],[0.22370695998789364,0.21056830572836771,127],[0.37821545717536731,0.68609656387594442,143],[-0.57808929878766813,0.39372485915320765,140],[-0.2566954939443985,0.7767470807126966,145],[0.68299712684150993,0.43472693738702789,335],[-0.2441867277252775,0.8093335308029399,340],[0.24965744257229139,0.88755076332305538,65],[-0.22310184522736703,0.724766686094477,263],[0.65984574763156,0.25529512330858622,245],[-0.29645900833147543,0.547666828031323,319],[-0.7957737757087624,0.52149884990985118,210],[0.70057229968097379,0.62613356052603919,252]]},"objlocLearn":{"learnOrder":[0,1,4,5,3,2,6,7,8],"startLoc":[[0,0,0],[0.1,0.1,10],[-0.5,0.5,50],[-0.1,0.9,300],[0.5,0.9,240],[-0.1,0.5,180],[0.1,0.5,190],[-0.5,0.1,0],[0.5,0.5,60]]},"objlocTestRun1":{"startLoc":[[0,0,0],[-0.6706737775280085,0.67145813719903791,52],[-0.51404390630785413,0.18471191568270917,62],[-0.42757045072944816,0.61596802869558387,322],[0.51404390630785413,0.81528808431729083,73],[0.22516819643849634,0.77083882369481271,169],[-0.22516819643849634,0.22916117630518729,56],[0.6706737775280085,0.32854186280096209,69],[0.42757045072944816,0.38403197130441613,128],[-0.55903398947074134,0.29366717751625387,47],[0.11956148376471583,0.13183936282379377,145],[-0.11956148376471583,0.86816063717620628,307],[0.40585060251846367,0.15851595378890215,101],[-0.50289198315923422,0.65305035138675316,153],[0.50289198315923422,0.34694964861324684,261],[0.55903398947074134,0.70633282248374618,237],[-0.40585060251846367,0.84148404621109785,115],[0.80159721999750411,0.40978214240380456,34],[-0.22586479818902877,0.94923620417034793,12],[0.34634027488020841,0.61238451888458867,213],[-0.80159721999750411,0.59021785759619538,54],[-0.34634027488020841,0.38761548111541128,98],[0.22586479818902877,0.05076379582965207,354],[0.55594300431153942,0.076288540386004508,299],[-0.55594300431153942,0.92371145961399548,357]],"learnOrder":[0,7,1,6,5,4,8,3,2,4,3,7,6,5,1,8,2,1,4,6,5,2,8,3,7]},"objlocTestRun2":{"startLoc":[[0,0,0],[0.61177253083154859,0.86176536411104421,358],[-0.93123896747841273,0.26253119371936573,203],[-0.40190634700124533,0.51754571319656884,73],[0.40190634700124533,0.48245428680343116,154],[-0.61177253083154859,0.13823463588895579,122],[-0.26885670131264278,0.81176836659747464,328],[0.93123896747841273,0.73746880628063427,148],[0.26885670131264278,0.18823163340252536,3],[-0.44281237374704679,0.69134616668310245,198],[-0.57193054524225806,0.45601327465975372,43],[0.44281237374704679,0.30865383331689755,253],[0.57193054524225806,0.54398672534024628,3],[-0.71499137423553361,0.61579131027321787,223],[0.92251021571727909,0.26617483798705488,165],[0.71499137423553361,0.38420868972678213,62],[-0.92251021571727909,0.73382516201294512,245],[-0.24864757280251487,0.06505857434435551,28],[-0.0019317324254930074,0.32392623307303814,140],[-0.046249018274442985,0.68206015685653476,100],[0.0019317324254930074,0.67607376692696186,98],[-0.19551747397436808,0.26664874531710181,338],[0.24864757280251487,0.93494142565564453,281],[0.19551747397436808,0.73335125468289819,281],[0.046249018274442985,0.31793984314346524,41]],"learnOrder":[0,5,8,7,3,1,6,4,2,6,7,2,3,1,4,5,8,2,8,1,4,7,6,3,5]},"distEstPair":{"pairList":[[0,0],[7,8],[5,6],[2,1],[6,4],[3,1],[8,5],[2,4],[3,4],[2,7],[7,5],[1,3],[4,8],[4,3],[3,6],[1,5],[1,4],[6,7],[6,2],[3,5],[6,8],[2,8],[7,3],[1,2],[8,3],[5,2],[5,7],[2,3],[7,6],[8,7],[8,1],[5,4],[3,2],[5,8],[4,1],[8,6],[4,7],[6,5],[4,2],[1,6],[7,1]]},"distEstEgo":{"pairList":[[0,0],[3,2],[1,2],[5,6],[8,6],[2,1],[2,8],[7,3],[4,2],[2,3],[7,6],[6,7],[6,5]]},"distEst2AFC":{"triplet":[[0,0,0],[1,3,2],[8,7,5],[4,3,1],[7,3,5],[6,7,5],[5,7,6],[4,1,3],[2,3,1],[5,8,7],[8,5,7],[7,8,2],[6,5,7],[2,3,1],[4,3,1],[3,4,6],[3,7,1],[6,5,7],[8,7,5],[1,4,3],[4,1,3],[6,7,5],[2,1,3],[8,5,7],[2,1,3]]}}