{"objLoc":[[0,0,0],[0.1,0.9,314],[0.9,0.9,210],[0.9,0.1,101],[0.7,0.7,67],[-0.1,0.1,148],[-0.9,0.1,43],[-0.9,0.9,247],[-0.7,0.3,158]],"objIdentity":[0,4,7,2,3,5,8,1,6],"familiarise":{"path":[[0,0.5,51],[0.4095760221444959,0.21321178182447698,257],[-0.082827854361608111,0.12638769299101182,25],[-0.33282785436160811,0.55940039488323112,218],[0.095755795989448056,0.30188135742820404,22],[0.55934772327284177,0.11457806072024804,131],[0.06853413154900978,0.20998255840852043,94],[0.83457857466798779,0.85277016809505968,10],[0.83457857466798779,0.35277016809505968,264],[-0.1435690260658179,0.14485847727730033,163],[0.77693582738662248,0.53558960576657411,311],[-0.20787192562558554,0.3619414280996438,191],[-0.6860243036071032,0.21575557573827542,306],[-0.45128852221415783,0.65722937216773891,115],[0.0018653713041671405,0.44592024129738916,116],[0.49267896302799913,0.35051574360911675,94]]},"objlocLearn":{"learnOrder":[0,6,4,1,8,3,5,2,7],"startLoc":[[0,0,0],[0.1,0.5,190],[-0.5,0.5,50],[0.1,0.1,10],[0.5,0.5,60],[0.5,0.9,240],[-0.1,0.9,300],[-0.1,0.5,180],[-0.5,0.1,0]]},"objlocTestRun1":{"startLoc":[[0,0,0],[-0.60749963294108555,0.88623006234100932,212],[-0.56758097982905387,0.92466734234378622,334],[0.18722346144454988,0.2100048874107836,331],[-0.18722346144454988,0.7899951125892164,88],[-0.094045069325945738,0.45828587735523568,40],[0.56758097982905387,0.075332657656213775,83],[0.094045069325945738,0.54171412264476437,275],[0.60749963294108555,0.11376993765899066,201],[0.74781411566193978,0.49307178584586731,279],[-0.35412457334367681,0.53445542066977958,225],[0.048815694996600725,0.65354027990304531,20],[-0.74781411566193978,0.50692821415413269,14],[-0.048815694996600725,0.34645972009695469,327],[0.45399480525471642,0.72390746567707487,316],[-0.45399480525471642,0.27609253432292513,265],[0.35412457334367681,0.46554457933022048,345],[-0.46232125945211838,0.42921101426787245,30],[-0.23709180271989089,0.11768313687229137,196],[-0.12988629949538882,0.40413310544412856,78],[0.2805224730002957,0.66098922253652537,248],[0.23709180271989089,0.88231686312770863,192],[-0.2805224730002957,0.33901077746347463,49],[0.46232125945211838,0.57078898573212755,169],[0.12988629949538882,0.59586689455587138,146]],"learnOrder":[0,5,6,8,4,3,2,7,1,5,7,2,1,6,4,8,3,3,2,1,4,6,8,7,5]},"objlocTestRun2":{"startLoc":[[0,0,0],[0.27463540026593464,0.80165515373365115,238],[0.06867413747907429,0.510676207680721,164],[-0.3212225597542559,0.41870268975004377,291],[0.3212225597542559,0.58129731024995623,358],[0.15353744930451579,0.45373426603817257,34],[-0.15353744930451579,0.54626573396182743,298],[-0.27463540026593464,0.1983448462663488,132],[-0.06867413747907429,0.48932379231927897,333],[0.94254445420894517,0.51157272683591493,222],[-0.3002911080454817,0.699490256525706,147],[-0.94254445420894517,0.48842727316408507,110],[0.44579703210066896,0.380251473803128,166],[-0.34700736708806873,0.53331774306784852,198],[-0.44579703210066896,0.619748526196872,238],[0.3002911080454817,0.3005097434742941,305],[0.34700736708806873,0.46668225693215148,201],[0.48123595986854667,0.36667073676169837,323],[-0.48123595986854667,0.63332926323830163,197],[0.49457399463138846,0.82952683389323312,295],[0.2785672383322641,0.56859015682238134,194],[-0.49457399463138846,0.17047316610676688,184],[-0.2785672383322641,0.43140984317761866,291],[-0.18551494204319857,0.61603466130461515,139],[0.18551494204319857,0.38396533869538485,59]],"learnOrder":[0,8,5,6,2,7,3,4,1,4,7,8,2,1,6,3,5,7,3,1,4,5,8,2,6]},"distEstPair":{"pairList":[[0,0],[6,5],[7,6],[1,4],[5,4],[8,1],[2,4],[6,4],[6,7],[8,5],[7,1],[1,6],[2,3],[5,6],[3,4],[8,7],[2,8],[2,7],[4,8],[7,8],[1,2],[4,1],[3,5],[7,5],[5,8],[1,3],[1,5],[4,3],[5,2],[3,2],[6,2],[6,8],[5,7],[8,6],[4,7],[3,6],[7,3],[2,1],[8,3],[3,1],[4,2]]},"distEstEgo":{"pairList":[[0,0],[6,5],[7,6],[1,2],[8,6],[2,3],[4,2],[2,8],[7,3],[3,2],[6,7],[5,6],[2,1]]},"distEst2AFC":{"triplet":[[0,0,0],[8,5,7],[4,3,1],[6,5,7],[1,3,2],[7,3,5],[5,8,7],[3,7,1],[2,1,3],[1,4,3],[2,3,1],[6,7,5],[2,3,1],[6,7,5],[4,1,3],[6,5,7],[4,1,3],[3,4,6],[5,7,6],[8,5,7],[2,1,3],[8,7,5],[4,3,1],[8,7,5],[7,8,2]]}}