{"objLoc":[[0,0,0],[0.1,0.9,135],[0.9,0.9,343],[0.9,0.1,264],[0.7,0.7,216],[-0.1,0.1,57],[-0.9,0.1,57],[-0.9,0.9,21],[-0.7,0.3,312]],"objIdentity":[0,3,7,8,6,1,2,5,4],"familiarise":{"path":[[0,0.5,151],[-0.49384417029756889,0.42178276747988458,80],[-0.828409473476998,0.79335518021858165,44],[-0.35288121532942124,0.63884668303110792,122],[-0.85280506290761693,0.64757288624974962,340],[-0.42878101482940395,0.38261325413314717,117],[-0.2659969376008256,0.85537254193280554,187],[-0.746627785569985,0.717553864024306,254],[-0.58384370834140664,0.24479457622464756,131],[-0.085061683211494543,0.20991633935258491,350],[0.6580831422658997,0.87904694571144315,347],[0.54560761509396716,0.39186191331882553,91],[-0.35318643120519988,0.830233060107903,180],[-0.67458023604846951,0.447210838548414,109],[-0.233106439619006,0.68194661994135941,103],[-0.73188846474891811,0.6470683830692967,14]]},"objlocLearn":{"learnOrder":[0,3,7,6,4,8,2,1,5],"startLoc":[[0,0,0],[0.5,0.9,240],[-0.5,0.1,0],[0.1,0.5,190],[-0.5,0.5,50],[0.5,0.5,60],[-0.1,0.5,180],[0.1,0.1,10],[-0.1,0.9,300]]},"objlocTestRun1":{"startLoc":[[0,0,0],[0.92273586281014119,0.26784974436035036,338],[-0.34051787655370197,0.21786665935986882,251],[0.34051787655370197,0.78213334064013118,206],[0.30584339700746871,0.63571138284860518,35],[-0.30197393300450887,0.15212616911653015,222],[-0.92273586281014119,0.73215025563964964,357],[-0.30584339700746871,0.36428861715139482,51],[0.30197393300450887,0.8478738308834699,187],[-0.80691787472926935,0.16039458195711698,316],[0.32705754007116922,0.73545765379584593,267],[-0.4293157898534547,0.14260076604268057,251],[-0.3373722875003366,0.93507095396492945,253],[0.80691787472926935,0.839605418042883,130],[-0.32705754007116922,0.26454234620415407,106],[0.3373722875003366,0.064929046035070534,292],[0.4293157898534547,0.85739923395731943,292],[0.022976810768633851,0.25384619767814415,313],[-0.49848866641444062,0.70539471375067364,329],[0.26986012769314666,0.12572596849554396,185],[-0.26986012769314666,0.874274031504456,181],[-0.022976810768633851,0.74615380232185591,288],[0.45991090734120438,0.3560143585692388,234],[0.49848866641444062,0.29460528624932636,253],[-0.45991090734120438,0.6439856414307612,287]],"learnOrder":[0,1,2,6,8,3,5,4,7,7,1,8,6,3,5,2,4,2,1,4,8,6,7,5,3]},"objlocTestRun2":{"startLoc":[[0,0,0],[-0.27582830177795475,0.79307021389550769,321],[0.6429054432202338,0.14130123032562858,122],[0.60272218038231,0.54968073043951615,136],[0.25121204783341894,0.38092475246577839,34],[0.27582830177795475,0.20692978610449231,209],[-0.25121204783341894,0.61907524753422161,13],[-0.60272218038231,0.45031926956048385,168],[-0.6429054432202338,0.85869876967437142,196],[-0.25370645044569978,0.46780278433271738,104],[0.20221521335322085,0.058277346454966683,213],[-0.056336098876412291,0.73233293818959355,11],[0.056336098876412291,0.2676670618104065,14],[-0.36278170239468527,0.60193818832951629,297],[0.25370645044569978,0.53219721566728262,130],[0.36278170239468527,0.39806181167048366,46],[-0.20221521335322085,0.94172265354503337,189],[-0.76079430861032793,0.38020868845405875,278],[0.76079430861032793,0.61979131154594125,78],[-0.82978697859979555,0.826231150268606,225],[-0.75720406855453892,0.64715159219725027,31],[0.75720406855453892,0.35284840780274973,19],[0.77844943689662416,0.19822775396968573,192],[0.82978697859979555,0.17376884973139395,195],[-0.77844943689662416,0.80177224603031427,230]],"learnOrder":[0,6,8,3,5,2,1,7,4,5,4,7,3,6,1,2,8,7,3,6,4,8,5,2,1]},"distEstPair":{"pairList":[[0,0],[4,1],[8,1],[5,8],[5,2],[4,3],[1,6],[7,8],[6,8],[8,7],[3,5],[7,5],[3,4],[2,4],[1,2],[6,5],[7,3],[3,1],[2,7],[6,4],[2,8],[2,1],[7,1],[8,5],[2,3],[8,3],[6,7],[6,2],[7,6],[1,5],[5,4],[3,6],[4,2],[1,4],[8,6],[3,2],[5,6],[1,3],[5,7],[4,8],[4,7]]},"distEstEgo":{"pairList":[[0,0],[3,2],[2,3],[2,8],[4,2],[5,6],[1,2],[6,7],[8,6],[2,1],[7,6],[7,3],[6,5]]},"distEst2AFC":{"triplet":[[0,0,0],[8,5,7],[3,4,6],[6,5,7],[3,7,1],[5,7,6],[6,5,7],[8,7,5],[6,7,5],[2,3,1],[8,7,5],[4,1,3],[1,3,2],[5,8,7],[2,3,1],[8,5,7],[7,8,2],[4,1,3],[6,7,5],[1,4,3],[7,3,5],[2,1,3],[4,3,1],[2,1,3],[4,3,1]]}}