{"objLoc":[[0,0,0],[0.1,0.9,4],[0.9,0.9,181],[0.9,0.1,179],[0.7,0.7,49],[-0.1,0.1,52],[-0.9,0.1,79],[-0.9,0.9,151],[-0.7,0.3,90]],"objIdentity":[0,6,1,3,2,8,7,4,5],"familiarise":{"path":[[0,0.5,265],[0.35355339059327379,0.14644660940672621,129],[-0.6208166741919614,0.37139766375059124,204],[0.82807206524164112,0.75962623140437235,17],[0.7671373935390674,0.26335315558371136,231],[-0.13917039349758253,0.6859714173244108,246],[0.35323348300852148,0.59914732849094565,143],[-0.64615734401057434,0.63404682519344657,50],[0.32413838226542213,0.87596872079311427,150],[-0.11733541416404136,0.6412329394001689,266],[0.012074108387219007,0.15827002625563474,211],[-0.26024540912029454,0.57760531022834671,319],[-0.017840598997126006,0.14029545665864884,209],[-0.76098542447452022,0.80942606301750708,65],[-0.38363063436313422,0.48139654852225344,214],[-0.87876466873391945,0.55098309900228615,20]]},"objlocLearn":{"learnOrder":[0,6,2,5,4,1,7,3,8],"startLoc":[[0,0,0],[0.1,0.5,190],[-0.1,0.5,180],[-0.1,0.9,300],[-0.5,0.5,50],[0.1,0.1,10],[-0.5,0.1,0],[0.5,0.9,240],[0.5,0.5,60]]},"objlocTestRun1":{"startLoc":[[0,0,0],[-0.36971813490836708,0.34920998696694416,203],[-0.09303795568918112,0.45236194480110004,270],[-0.41992570124261125,0.82216437240522966,331],[-0.73192739103172377,0.698883538237941,298],[0.41992570124261125,0.17783562759477034,200],[0.36971813490836708,0.65079001303305584,297],[0.73192739103172377,0.301116461762059,11],[0.09303795568918112,0.5476380551989,288],[-0.32275836995154467,0.4330859910977774,72],[-0.24882400671075805,0.85909268781771841,247],[-0.80429941577112918,0.60257216106257738,298],[0.32275836995154467,0.56691400890222265,114],[0.24882400671075805,0.14090731218228159,144],[-0.39257375323357929,0.2796677588682861,355],[0.39257375323357929,0.7203322411317139,92],[0.80429941577112918,0.39742783893742262,272],[0.47147196782245376,0.76762838092503793,147],[-0.40071412062025474,0.39229113284661105,114],[-0.52651433096512656,0.11850286585054637,278],[-0.40773080217823682,0.8213337283322748,162],[0.52651433096512656,0.88149713414945363,256],[0.40071412062025474,0.607708867153389,80],[-0.47147196782245376,0.23237161907496212,297],[0.40773080217823682,0.17866627166772514,259]],"learnOrder":[0,5,7,2,4,6,1,8,3,3,2,8,7,6,5,1,4,7,2,8,5,4,6,3,1]},"objlocTestRun2":{"startLoc":[[0,0,0],[0.82362234015902192,0.21479647032569327,180],[0.52729847482522851,0.1756335646118195,285],[-0.52729847482522851,0.82436643538818055,332],[0.3160801009282232,0.86932165388457627,284],[-0.3160801009282232,0.13067834611542373,108],[-0.283750952387437,0.69014881890880342,259],[0.283750952387437,0.30985118109119653,222],[-0.82362234015902192,0.78520352967430673,303],[0.888392578161199,0.78366706265253627,146],[-0.092712958666741049,0.16027036178982257,164],[-0.65437944385341185,0.65003281855478112,34],[0.65437944385341185,0.34996718144521888,79],[0.092712958666741049,0.83972963821017743,191],[0.358722722992511,0.34276636105385616,191],[-0.888392578161199,0.21633293734746373,257],[-0.358722722992511,0.65723363894614384,104],[-0.80048329031106569,0.83175197266357492,42],[-0.60094321287169983,0.19085906410106346,68],[0.49846896033792304,0.087680074773881844,157],[-0.32950632427377641,0.39795097488504472,67],[0.80048329031106569,0.16824802733642502,45],[0.32950632427377641,0.60204902511495528,262],[-0.49846896033792304,0.91231992522611816,328],[0.60094321287169983,0.80914093589893654,22]],"learnOrder":[0,2,3,7,1,5,8,4,6,5,3,8,4,7,6,1,2,8,7,1,2,4,6,5,3]},"distEstPair":{"pairList":[[0,0],[5,4],[1,2],[1,6],[8,1],[2,7],[6,2],[4,2],[6,8],[5,6],[8,6],[3,4],[6,7],[7,5],[4,7],[1,5],[3,2],[8,7],[8,5],[1,3],[1,4],[6,4],[2,8],[5,2],[4,8],[7,6],[2,1],[5,8],[3,6],[7,1],[8,3],[7,3],[4,3],[2,4],[2,3],[7,8],[3,5],[5,7],[6,5],[3,1],[4,1]]},"distEstEgo":{"pairList":[[0,0],[7,3],[2,3],[5,6],[7,6],[3,2],[4,2],[1,2],[2,1],[6,5],[2,8],[8,6],[6,7]]},"distEst2AFC":{"triplet":[[0,0,0],[4,3,1],[8,5,7],[6,5,7],[2,3,1],[3,7,1],[7,3,5],[1,3,2],[2,1,3],[5,8,7],[8,7,5],[3,4,6],[7,8,2],[1,4,3],[4,1,3],[5,7,6],[4,3,1],[8,5,7],[2,1,3],[8,7,5],[6,5,7],[4,1,3],[6,7,5],[2,3,1],[6,7,5]]}}