{"objLoc":[[0,0,0],[0.1,0.9,186],[0.9,0.9,279],[0.9,0.1,314],[0.7,0.7,3],[-0.1,0.1,112],[-0.9,0.1,345],[-0.9,0.9,185],[-0.7,0.3,115]],"objIdentity":[0,6,8,2,4,5,1,7,3],"familiarise":{"path":[[0,0.5,341],[-0.49384417029756889,0.57821723252011548,171],[0.504785364457005,0.52588127627717163,55],[0.017600332064387325,0.63835680344910417,199],[-0.48232351551380831,0.62963060023046247,224],[0.0048615168788093133,0.742106127402395,306],[-0.48898265341875957,0.66388889488227953,155],[0.4926445300289044,0.4730798995057347,345],[0.098639153225543452,0.7809106371685639,71],[0.32563440309531688,0.33540737507437995,186],[0.57563440309531688,0.7684200769665992,145],[0.57563440309531688,0.2684200769665992,101],[0.081790232797748,0.34663730948671462,218],[-0.30678274793073745,0.66129750501163331,29],[0.001047989732091692,0.26729212820827236,179],[-0.068538560747941027,0.7624261625790576,171]]},"objlocLearn":{"learnOrder":[0,4,3,2,6,1,8,7,5],"startLoc":[[0,0,0],[-0.5,0.5,50],[0.5,0.9,240],[-0.1,0.5,180],[0.1,0.5,190],[0.1,0.1,10],[0.5,0.5,60],[-0.5,0.1,0],[-0.1,0.9,300]]},"objlocTestRun1":{"startLoc":[[0,0,0],[-0.135918744402248,0.33074943647574928,358],[-0.12218945957537937,0.57045382213264384,264],[0.12218945957537937,0.42954617786735622,67],[0.26462276134692048,0.5363302028813155,41],[-0.26462276134692048,0.4636697971186845,28],[0.11227663013895443,0.5810342095334875,223],[0.135918744402248,0.66925056352425072,115],[-0.11227663013895443,0.41896579046651256,190],[0.16724476147973649,0.75431927471911342,65],[-0.44539337304817267,0.32988064256248162,349],[0.575824789675293,0.35290698777549651,207],[0.44539337304817267,0.67011935743751838,302],[-0.30583192686677813,0.10941679548161942,121],[-0.575824789675293,0.64709301222450355,327],[-0.16724476147973649,0.24568072528088664,162],[0.30583192686677813,0.89058320451838058,145],[-0.19775960819264998,0.11159960124200316,286],[-0.57862025270634665,0.522972227746717,146],[0.57862025270634665,0.477027772253283,319],[0.10816485687885784,0.61083783888631027,148],[-0.10816485687885784,0.38916216111368979,35],[0.19775960819264998,0.88840039875799681,174],[0.33052114088243806,0.8465528799573917,278],[-0.33052114088243806,0.1534471200426083,52],[0.12790492168538176,0.42158765326975239,68],[-0.12790492168538176,0.57841234673024755,249],[0.57006391412142476,0.11185542777213356,355],[-0.57006391412142476,0.88814457222786647,59],[-0.011507133147983614,0.27985551117357083,359],[0.60373758404495526,0.14040437090581931,162],[0.011507133147983614,0.72014448882642923,279],[-0.60373758404495526,0.85959562909418064,234],[0.52766755300910306,0.71180964361753429,348],[0.86146365816711312,0.58701111403493134,306],[0.2042389006035143,0.10694216571004433,133],[0.76815743128661806,0.322689655105468,108],[-0.2042389006035143,0.89305783428995567,201],[-0.52766755300910306,0.28819035638246571,157],[-0.86146365816711312,0.41298888596506866,90],[-0.76815743128661806,0.677310344894532,182],[0.049236548619700324,0.054050415323817713,172],[-0.83312199901753692,0.86125396528675224,240],[0.34715907591213652,0.13851435496427023,358],[-0.34715907591213652,0.86148564503572977,191],[0.83312199901753692,0.13874603471324776,355],[-0.049236548619700324,0.94594958467618229,300],[0.13579956167136892,0.13233132093605174,128],[-0.13579956167136892,0.86766867906394829,198],[-0.36934879115124425,0.86731688403038154,328],[-0.39239372143391743,0.1671659963388665,130],[-0.039014883780289458,0.41211283416257516,80],[0.039014883780289458,0.58788716583742484,348],[0.39239372143391743,0.83283400366113347,92],[0.36934879115124425,0.1326831159696184,330],[-0.521751824126657,0.45888966282221727,29],[0.521751824126657,0.54111033717778279,64],[0.19441904535004556,0.43874698199889162,268],[-0.51801860135256561,0.47739917466012849,346],[-0.19441904535004556,0.56125301800110838,104],[0.51801860135256561,0.52260082533987151,149],[-0.1250244444284489,0.73450185191672213,178],[0.1250244444284489,0.26549814808327787,176],[-0.72171188041619638,0.54676766267908228,231],[0.72171188041619638,0.45323233732091778,358]],"learnOrder":[0,7,8,4,2,6,5,3,1,7,2,4,6,5,8,3,1,3,5,1,6,2,7,8,4,2,6,3,7,1,4,5,8,7,2,1,8,5,3,6,4,6,8,3,7,4,2,1,5,7,4,5,1,8,3,2,6,8,5,4,1,2,6,7,3]},"distEstPair":{"pairList":[[0,0],[1,5],[2,4],[6,7],[5,8],[3,7],[2,6],[3,5],[5,6],[2,3],[1,6],[4,8],[1,8],[1,4],[4,6],[4,7],[3,8],[2,5],[3,4],[1,2],[1,7],[6,8],[3,6],[2,7],[7,8],[2,8],[1,3],[4,5],[5,7],[6,4],[7,2],[6,2],[5,3],[8,1],[7,4],[8,7],[8,5],[7,3],[2,1],[5,1],[6,1],[8,2],[8,6],[5,4],[7,6],[4,3],[3,2],[4,1],[3,1],[6,5],[7,1],[8,3],[4,2],[7,5],[5,2],[6,3],[8,4]]},"distEst2AFC":{"triplet":[[0,0,0],[1,7,5],[2,4,6],[5,3,6],[5,1,3],[6,3,8],[2,1,3],[3,2,5],[1,5,7],[5,3,1],[5,4,3],[2,3,1],[5,3,1],[8,2,6],[7,1,6],[2,1,3],[3,5,2],[6,5,7],[2,6,1],[1,7,5],[7,6,1],[3,5,2],[5,3,4],[2,3,1],[5,6,3],[6,8,2],[6,7,5],[4,7,2],[6,5,7],[4,1,6],[5,3,4],[6,7,5],[5,6,3],[5,4,3],[8,6,4],[7,6,1],[5,3,6],[1,5,7],[3,2,5],[5,1,3],[7,1,6]]}}