{"objLoc":[[0,0,0],[0.1,0.9,263],[0.9,0.9,203],[0.9,0.1,45],[0.7,0.7,144],[-0.1,0.1,282],[-0.9,0.1,184],[-0.9,0.9,66],[-0.7,0.3,308]],"objIdentity":[0,6,3,5,8,7,1,4,2],"familiarise":{"path":[[0,0.5,184],[-0.45315389351832497,0.71130913087034975,235],[-0.72547341102583851,0.29197384689763772,256],[-0.22669138589592641,0.25709561002557507,139],[0.700492468670861,0.63170220344148709,98],[-0.799507531329139,0.63170220344148709,100],[-0.79078132811049728,0.13177835586329145,322],[0.19402642490171074,0.30542653353022176,320],[-0.23898627699050856,0.55542653353022176,21],[-0.64349477417798229,0.84931915967645832,215],[-0.59123054254415552,0.35205821199232168,187],[-0.46182101999289515,0.83502112513685578,64],[0.023326843145103082,0.71406017733702187,167],[0.35135635764035672,0.33670538722563587,69],[-0.1479584097369302,0.36287336534710779,244],[0.055409911800969908,0.81964609416840828,61]]},"objlocLearn":{"learnOrder":[0,7,3,8,4,1,2,6,5],"startLoc":[[0,0,0],[-0.5,0.1,0],[0.5,0.9,240],[0.5,0.5,60],[-0.5,0.5,50],[0.1,0.1,10],[-0.1,0.5,180],[0.1,0.5,190],[-0.1,0.9,300]]},"objlocTestRun1":{"startLoc":[[0,0,0],[-0.751638265133393,0.7571709772539752,72],[-0.46041783517244611,0.0704693024376708,4],[0.35206751911330686,0.80137690820831886,194],[0.46041783517244611,0.9295306975623292,294],[-0.087724517955998851,0.738733437776576,306],[0.751638265133393,0.2428290227460248,319],[0.087724517955998851,0.261266562223424,211],[-0.35206751911330686,0.19862309179168114,103],[-0.80905732657630192,0.92757632504082688,340],[-0.19940966074565553,0.11195418500044976,191],[0.19940966074565553,0.88804581499955026,63],[0.8207759878098726,0.67744767290518926,6],[-0.56829796427789958,0.91433846632596616,183],[-0.8207759878098726,0.32255232709481074,91],[0.56829796427789958,0.085661533674033841,248],[0.80905732657630192,0.072423674959173068,350],[-0.35405215582621313,0.69903762287451843,250],[0.078845508113990645,0.54834532112971757,23],[-0.14757193195819457,0.77838350600357165,269],[0.35405215582621313,0.30096237712548157,121],[0.305958198134804,0.27435574938591251,60],[-0.305958198134804,0.72564425061408744,57],[0.14757193195819457,0.22161649399642835,303],[-0.078845508113990645,0.45165467887028249,351]],"learnOrder":[0,4,6,1,2,7,8,3,5,5,4,8,3,2,7,6,1,4,6,3,8,1,5,7,2]},"objlocTestRun2":{"startLoc":[[0,0,0],[0.92350563722462686,0.89910826445391168,61],[-0.024352032382959285,0.21832829941243059,50],[-0.92350563722462686,0.10089173554608832,353],[0.024352032382959285,0.78167170058756941,279],[-0.18219882692597084,0.80060680251962124,310],[-0.3324868990499526,0.14119737140722571,72],[0.3324868990499526,0.85880262859277434,312],[0.18219882692597084,0.19939319748037876,316],[-0.74908847327848815,0.62341295324623736,188],[0.74908847327848815,0.3765870467537627,278],[0.21374339342850507,0.36764399264185732,174],[-0.34680392872394167,0.53715622609156677,331],[0.048121185192209717,0.52873389117900071,61],[-0.048121185192209717,0.47126610882099929,11],[-0.21374339342850507,0.63235600735814268,95],[0.34680392872394167,0.46284377390843323,304],[-0.38358970263572861,0.31126171937123942,8],[0.33731589244395538,0.18518453921780798,53],[0.0791832057444772,0.87897099481568164,283],[0.53542530720104131,0.44150352426972472,13],[-0.53542530720104131,0.55849647573027528,306],[0.38358970263572861,0.68873828062876052,213],[-0.0791832057444772,0.12102900518431836,178],[-0.33731589244395538,0.814815460782192,232]],"learnOrder":[0,1,2,5,6,4,3,7,8,8,4,3,5,2,6,7,1,2,8,3,1,5,6,7,4]},"distEstPair":{"pairList":[[0,0],[7,8],[4,7],[3,2],[6,2],[5,6],[3,5],[7,3],[2,7],[2,1],[2,4],[1,4],[2,3],[7,5],[4,1],[1,6],[5,8],[5,7],[4,2],[3,6],[7,6],[5,2],[2,8],[8,3],[1,3],[1,2],[8,1],[1,5],[6,4],[7,1],[3,1],[6,7],[8,5],[8,6],[4,3],[4,8],[3,4],[6,8],[8,7],[6,5],[5,4]]},"distEstEgo":{"pairList":[[0,0],[2,8],[7,6],[1,2],[2,3],[6,7],[2,1],[8,6],[7,3],[3,2],[6,5],[5,6],[4,2]]},"distEst2AFC":{"triplet":[[0,0,0],[2,1,3],[7,3,5],[2,3,1],[6,5,7],[4,3,1],[3,4,6],[1,4,3],[4,1,3],[2,3,1],[6,7,5],[8,5,7],[6,5,7],[2,1,3],[4,3,1],[5,7,6],[6,7,5],[3,7,1],[8,5,7],[7,8,2],[4,1,3],[5,8,7],[8,7,5],[1,3,2],[8,7,5]]}}