{"objLoc":[[0,0,0],[0,0.95,56],[0.9,0.95,267],[0.9,0.05,95],[0.7,0.75,193],[0,0.05,6],[-0.9,0.05,331],[-0.9,0.95,325],[-0.7,0.25,13]],"objIdentity":[0,7,2,3,8,4,6,5,1],"familiarise":{"path":[[0,0.5,199],[0.5,0.9,175],[0.9,0.1,277],[-0.9,0.2,58],[-0.7,0.7,276],[0.5,0.5,8],[0,0.2,49],[-0.2,0.8,42],[-0.5,0.1,112],[0.7,0.4,242],[0.9,0.9,170],[-0.5,0.5,294],[0.5,0.9,105],[0.5,0.1,264],[-0.6,0.8,253]]},"objlocLearn":{"learnOrder":[0,1,2,8,4,6,7,5,3],"startLoc":[[0,0,0],[0.1,0.1,10],[-0.1,0.5,180],[0.5,0.5,60],[-0.5,0.5,50],[0.1,0.5,190],[-0.5,0.1,0],[-0.1,0.9,300],[0.5,0.9,240]]},"objlocTestRun1":{"startLoc":[[0,0,0],[0.09251401829950294,0.58943153537449378,342],[-0.0441675344787545,0.57526730843485085,332],[0.180789667608572,0.07803596376658975,318],[-0.180789667608572,0.92196403623341028,19],[0.0441675344787545,0.42473269156514915,279],[-0.09251401829950294,0.41056846462550622,39],[0.79774325482841446,0.055318420281635861,326],[-0.79774325482841446,0.94468157971836408,212],[0.57668163628701508,0.1522415475858353,356],[0.27155968202810649,0.39669528221876676,155],[0.940762504643261,0.20980775834410037,227],[-0.57668163628701508,0.8477584524141647,280],[-0.940762504643261,0.79019224165589963,94],[-0.31398912180849931,0.37635305437312749,231],[-0.27155968202810649,0.60330471778123318,298],[0.31398912180849931,0.62364694562687251,188],[-0.87893411575291558,0.57267475676680446,153],[0.42347729259212724,0.37248971748311932,192],[0.87893411575291558,0.4273252432331956,341],[-0.181909599145122,0.40027365004603155,360],[0.181909599145122,0.59972634995396845,242],[0.6886838083654685,0.89747394110569123,285],[-0.42347729259212724,0.62751028251688068,354],[-0.6886838083654685,0.10252605889430877,51],[0.14430035155310245,0.5331660172453887,10],[0.10330859851981126,0.34703813080782042,269],[-0.14430035155310245,0.46683398275461135,222],[0.013799119670635115,0.49409953189871469,36],[-0.18927645795494169,0.66894440284107359,188],[-0.10330859851981126,0.65296186919217958,183],[0.18927645795494169,0.33105559715892641,103],[-0.013799119670635115,0.50590046810128531,90],[0.07326350587468515,0.14473123346489825,65],[-0.07326350587468515,0.85526876653510175,211],[-0.23992601723456092,0.46895729015525989,56],[-0.78172469525330635,0.7747928338617166,257],[0.78172469525330635,0.2252071661382834,310],[0.23992601723456092,0.53104270984474011,248],[0.80622832930078414,0.607481120090972,96],[-0.80622832930078414,0.392518879909028,143],[0.54984548617952056,0.61030329587541976,185],[-0.88318030320547092,0.1258454027586611,124],[0.88318030320547092,0.87415459724133893,197],[-0.54984548617952056,0.38969670412458024,248],[0.20097761695761135,0.59302004285079835,108],[-0.20097761695761135,0.40697995714920165,78],[0.33708710785325374,0.66247132015977694,284],[-0.33708710785325374,0.33752867984022306,280],[-0.4417893264697052,0.37742000555041921,16],[0.10664347323658911,0.51795789500579881,233],[0.17867914837667892,0.098099759873477188,47],[0.4417893264697052,0.62257999444958079,198],[0.18459030067192056,0.15334007501048452,105],[-0.18459030067192056,0.84665992498951548,298],[-0.10664347323658911,0.48204210499420119,36],[-0.17867914837667892,0.90190024012652281,324],[-0.896975201163088,0.32015305384158793,124],[0.56590674759686221,0.57288665526462457,48],[0.67866206178069288,0.67003489942921191,165],[0.73805030173641639,0.2376504396141621,31],[-0.67866206178069288,0.32996510057078809,267],[-0.73805030173641639,0.7623495603858379,131],[0.896975201163088,0.679846946158412,121],[-0.56590674759686221,0.42711334473537549,39]],"learnOrder":[0,5,6,3,7,2,1,4,8,2,4,1,6,5,7,8,3,5,6,1,8,4,3,2,7,5,7,1,6,8,3,4,2,6,2,1,8,4,5,3,7,8,1,5,4,2,6,7,3,5,6,7,1,8,4,2,3,1,8,3,2,7,6,5,4]},"distEstPair":{"pairList":[[0,0],[4,8],[1,4],[4,5],[2,6],[3,7],[5,6],[5,7],[1,8],[1,2],[3,5],[3,6],[6,7],[4,6],[7,8],[2,7],[3,4],[4,7],[1,7],[2,8],[1,5],[1,3],[2,5],[2,4],[3,8],[6,8],[5,8],[2,3],[1,6],[7,4],[5,2],[7,5],[8,3],[7,2],[6,1],[3,2],[8,1],[8,7],[7,6],[6,2],[4,1],[6,5],[6,4],[8,2],[8,5],[4,3],[5,1],[8,4],[3,1],[2,1],[4,2],[7,1],[8,6],[7,3],[5,4],[5,3],[6,3]]},"distEst2AFC":{"triplet":[[0,0,0],[3,5,2],[7,6,1],[5,3,6],[7,6,1],[3,2,5],[5,6,7],[2,4,5],[3,2,5],[1,7,2],[4,2,7],[6,8,1],[8,6,7],[7,1,6],[5,6,3],[6,2,8],[1,7,2],[2,3,4],[3,5,2],[1,2,7],[5,3,6],[7,1,6],[1,2,7],[4,1,7],[5,6,3]]}}