{"objLoc":[[0,0,0],[0.1,0.9,41],[0.9,0.9,351],[0.9,0.1,263],[0.7,0.7,127],[-0.1,0.1,255],[-0.9,0.1,288],[-0.9,0.9,233],[-0.7,0.3,150]],"objIdentity":[0,4,5,2,3,6,8,7,1],"familiarise":{"path":[[0,0.5,354],[0.43730985356969787,0.2575951898768315,71],[0.35909262104958245,0.75143936017440038,117],[0.73644741116096846,0.42340984567914675,352],[-0.24836034185123956,0.24976166801221641,257],[-0.56975414669450919,0.63278388957170539,272],[0.41187303675315479,0.44197489419516056,29],[-0.085387910930981858,0.3897106625613338,6],[-0.49496393307547776,0.10292244438581077,61],[0.36220336762663458,0.61796051929586493,14],[0.81160039077621815,0.39877494590132623,252],[-0.17002679267144583,0.20796595052478142,204],[0.31512107046655241,0.3289268983246153,232],[-0.16550977750260704,0.46674557623311486,55],[0.7957519184357118,0.19110822041611569,186],[-0.19679423320561018,0.31297756382126318,325]]},"objlocLearn":{"learnOrder":[0,1,3,7,6,5,8,2,4],"startLoc":[[0,0,0],[0.1,0.1,10],[0.5,0.9,240],[-0.5,0.1,0],[0.1,0.5,190],[-0.1,0.9,300],[0.5,0.5,60],[-0.1,0.5,180],[-0.5,0.5,50]]},"objlocTestRun1":{"startLoc":[[0,0,0],[0.16853586448190322,0.53731897699312547,331],[-0.01700225540694493,0.745212439405105,346],[-0.16853586448190322,0.46268102300687453,37],[0.01700225540694493,0.25478756059489505,307],[-0.57375080812095591,0.86215750811059655,30],[-0.33677023098385311,0.099477284372208707,103],[0.57375080812095591,0.13784249188940345,293],[0.33677023098385311,0.90052271562779129,349],[0.78784675610180677,0.32234843050524042,314],[0.34081083185039812,0.36668052414411328,118],[-0.34081083185039812,0.63331947585588666,113],[0.40090503145540085,0.797025838575713,131],[-0.78784675610180677,0.67765156949475958,52],[-0.36145725251970656,0.8969008491646473,75],[-0.40090503145540085,0.20297416142428709,344],[0.36145725251970656,0.10309915083535265,80],[-0.633602517624863,0.25545892146344129,247],[0.052257577536999958,0.70360458107763946,1],[-0.052257577536999958,0.29639541892236054,170],[-0.33068356770572732,0.618348404310574,109],[-0.58838963826273749,0.84210172313473386,184],[0.33068356770572732,0.38165159568942597,37],[0.633602517624863,0.74454107853655871,101],[0.58838963826273749,0.15789827686526614,256]],"learnOrder":[0,2,4,6,8,5,7,1,3,8,2,6,5,4,7,1,3,7,1,5,2,4,6,3,8]},"objlocTestRun2":{"startLoc":[[0,0,0],[0.47415261227685229,0.27389062943519737,297],[-0.61933994734451958,0.0874984916348196,213],[0.61933994734451958,0.9125015083651804,92],[0.68582976686173946,0.437665710238779,166],[0.69274928546038139,0.89231275055239923,273],[-0.69274928546038139,0.10768724944760077,193],[-0.47415261227685229,0.72610937056480263,16],[-0.68582976686173946,0.562334289761221,319],[-0.41423984984032775,0.79612184334655989,226],[-0.87945864309968846,0.15450400675205156,210],[-0.62334369379500432,0.75534699494034929,65],[0.19064093037931146,0.63179902490694917,145],[0.62334369379500432,0.24465300505965071,319],[0.41423984984032775,0.20387815665344011,281],[-0.19064093037931146,0.36820097509305089,90],[0.87945864309968846,0.84549599324794844,333],[0.074955584526451083,0.92511797033989851,295],[-0.074955584526451083,0.07488202966010149,359],[0.43370770200875447,0.19251970342922581,289],[-0.089856464147651985,0.39659927493367064,92],[0.089856464147651985,0.60340072506632936,334],[-0.53854900682861673,0.82227185606350939,87],[-0.43370770200875447,0.80748029657077414,231],[0.53854900682861673,0.17772814393649067,152]],"learnOrder":[0,6,8,4,3,1,5,2,7,1,7,4,6,8,5,2,3,4,8,3,6,2,5,7,1]},"distEstPair":{"pairList":[[0,0],[7,1],[8,6],[6,5],[6,2],[1,2],[3,2],[5,4],[4,7],[5,8],[8,3],[2,4],[4,1],[3,6],[7,3],[3,5],[1,4],[1,5],[6,7],[6,8],[7,5],[8,5],[8,7],[2,8],[5,6],[1,6],[4,8],[2,7],[8,1],[2,3],[6,4],[5,2],[4,3],[5,7],[3,4],[7,6],[2,1],[3,1],[7,8],[1,3],[4,2]]},"distEstEgo":{"pairList":[[0,0],[6,5],[6,7],[4,2],[3,2],[7,3],[8,6],[2,3],[7,6],[5,6],[2,8],[2,1],[1,2]]},"distEst2AFC":{"triplet":[[0,0,0],[6,5,7],[4,3,1],[1,3,2],[2,1,3],[7,3,5],[6,7,5],[5,7,6],[6,5,7],[8,5,7],[4,3,1],[7,8,2],[8,7,5],[2,1,3],[8,5,7],[3,7,1],[4,1,3],[5,8,7],[2,3,1],[3,4,6],[4,1,3],[1,4,3],[8,7,5],[2,3,1],[6,7,5]]}}