{"objLoc":[[0,0,0],[0.1,0.9,14],[0.9,0.9,281],[0.9,0.1,34],[0.7,0.7,228],[-0.1,0.1,6],[-0.9,0.1,338],[-0.9,0.9,154],[-0.7,0.3,92]],"objIdentity":[0,3,1,2,6,4,7,8,5],"familiarise":{"path":[[0,0.5,180],[0.32139380484326963,0.883022221559489,113],[-0.17586714284086702,0.83075798992566219,150],[-0.33037564002834074,0.35522973177808542,166],[0.15680939236427688,0.46770525895001791,271],[0.6439944247568945,0.58018078612195045,38],[0.82317839952954464,0.11339057287334958,20],[-0.66860444352286519,0.27018326777482982,312],[0.83116709921172183,0.24400465811890454,20],[-0.1198894170834317,0.55302165249385193,296],[0.36307349606110245,0.42361212994259156,253],[0.14388792266656372,0.87300915309217508,290],[0.63902195703734888,0.80342260261214238,47],[0.14274888121668788,0.8643572743147161,133],[0.5800587347863857,0.62195246419154759,246],[0.16072345081367367,0.34963294668403405,173]]},"objlocLearn":{"learnOrder":[0,1,8,2,4,5,7,3,6],"startLoc":[[0,0,0],[0.1,0.1,10],[0.5,0.5,60],[-0.1,0.5,180],[-0.5,0.5,50],[-0.1,0.9,300],[-0.5,0.1,0],[0.5,0.9,240],[0.1,0.5,190]]},"objlocTestRun1":{"startLoc":[[0,0,0],[0.036138026718238583,0.46514145573616067,181],[0.54969952086153273,0.052269794845209133,70],[0.17915804363538296,0.21082552838459312,206],[-0.036138026718238583,0.53485854426383939,163],[-0.17915804363538296,0.78917447161540688,155],[0.3437275099848926,0.75378730649643,239],[-0.3437275099848926,0.24621269350357006,105],[-0.54969952086153273,0.94773020515479089,318],[-0.067338184970654871,0.19016109492744115,78],[-0.095923544024952331,0.907719984596294,250],[0.82732007190725576,0.39216741177636222,91],[0.095923544024952331,0.092280015403706,301],[0.29674364974888517,0.82102180834666338,8],[-0.82732007190725576,0.60783258822363773,331],[-0.29674364974888517,0.17897819165333667,266],[0.067338184970654871,0.80983890507255885,218],[-0.18188233691611705,0.30287289056435274,308],[-0.32929330758441472,0.88595952622440188,65],[0.32929330758441472,0.11404047377559812,15],[0.18188233691611705,0.69712710943564726,122],[-0.20200720702225666,0.31234296361729152,138],[0.20200720702225666,0.68765703638270848,184],[-0.39661295175999783,0.82075160041979434,188],[0.39661295175999783,0.17924839958020572,149],[0.29303692375351581,0.39791683996508087,291],[-0.72506963622687559,0.86714438209857436,319],[0.72506963622687559,0.13285561790142567,118],[-0.37160588731957461,0.93927051150248719,273],[-0.22750090979977972,0.080808694866183584,288],[0.22750090979977972,0.91919130513381642,356],[-0.29303692375351581,0.60208316003491913,26],[0.37160588731957461,0.060729488497512807,233],[0.73422777017490959,0.37488448495091381,92],[-0.73422777017490959,0.62511551504908613,122],[0.93912385329711623,0.372337230465541,223],[-0.067058990776668256,0.18718202824774061,228],[-0.93912385329711623,0.627662769534459,36],[-0.084609441927222348,0.31871946168150128,244],[0.084609441927222348,0.68128053831849877,58],[0.067058990776668256,0.81281797175225945,22],[0.097893632583513621,0.46100739697210535,164],[-0.15863675193512677,0.37670723852041865,289],[0.42645270119944495,0.42905625940461845,19],[-0.39614308560286932,0.43679103178278067,272],[0.39614308560286932,0.56320896821721933,100],[0.15863675193512677,0.62329276147958135,39],[-0.097893632583513621,0.53899260302789465,127],[-0.42645270119944495,0.57094374059538155,347],[0.93199071178035053,0.45195487657279421,117],[-0.93199071178035053,0.54804512342720579,274],[0.24277391051128733,0.86668455653183962,177],[0.43421876510938345,0.63883615386007275,292],[-0.43421876510938345,0.36116384613992725,141],[-0.24277391051128733,0.13331544346816038,6],[-0.36236242048597406,0.27647017001916496,298],[0.36236242048597406,0.723529829980835,343],[-0.054520293442426884,0.3957264620244072,287],[-0.038457855013014644,0.39195289135952094,320],[-0.090775491272410511,0.22150998623668783,259],[-0.44692210425572093,0.85538655222166149,35],[0.038457855013014644,0.60804710864047906,290],[0.054520293442426884,0.6042735379755928,101],[0.44692210425572093,0.14461344777833854,3],[0.090775491272410511,0.77849001376331217,270]],"learnOrder":[0,3,1,6,7,2,8,4,5,7,2,4,6,5,8,1,3,7,1,5,3,6,2,8,4,8,6,2,1,7,3,4,5,2,6,5,3,1,4,8,7,6,5,4,7,3,1,2,8,5,1,2,7,3,6,8,4,6,5,3,8,1,2,4,7]},"distEstPair":{"pairList":[[0,0],[1,6],[3,7],[2,7],[2,4],[1,2],[3,5],[2,8],[6,8],[1,3],[1,4],[4,7],[3,6],[1,7],[7,8],[2,5],[1,5],[2,3],[1,8],[3,4],[4,5],[5,8],[4,8],[5,7],[2,6],[5,6],[4,6],[3,8],[6,7],[6,1],[8,3],[3,1],[5,4],[7,5],[5,1],[3,2],[6,5],[8,4],[6,2],[4,3],[7,6],[8,6],[8,7],[5,2],[8,5],[7,3],[6,3],[7,1],[7,4],[7,2],[2,1],[8,2],[4,2],[5,3],[8,1],[4,1],[6,4]]},"distEst2AFC":{"triplet":[[0,0,0],[3,2,5],[5,3,1],[2,1,3],[5,3,1],[8,2,6],[3,2,5],[6,5,7],[7,1,6],[5,1,3],[2,1,3],[3,5,2],[4,7,2],[1,5,7],[3,5,2],[1,7,5],[6,7,5],[4,1,6],[6,3,8],[6,5,7],[1,5,7],[8,6,4],[6,8,2],[2,3,1],[1,7,5],[7,1,6],[2,3,1],[6,7,5],[2,6,1],[5,1,3],[7,6,1],[2,4,6],[7,6,1]]}}