{"objLoc":[[0,0,0],[0,0.95,280],[0.9,0.95,86],[0.9,0.05,297],[0.7,0.75,348],[0,0.05,351],[-0.9,0.05,164],[-0.9,0.95,220],[-0.7,0.25,280]],"objIdentity":[0,3,5,4,7,1,8,2,6],"familiarise":{"path":[[0,0.5,93],[0.5,0.9,126],[0.9,0.1,4],[-0.9,0.2,130],[-0.7,0.7,342],[0.5,0.5,79],[0,0.2,115],[-0.2,0.8,331],[-0.5,0.1,12],[0.7,0.4,24],[0.9,0.9,227],[-0.5,0.5,315],[0.5,0.9,4],[0.5,0.1,269],[-0.6,0.8,293]]},"objlocLearn":{"learnOrder":[0,6,1,7,4,3,2,8,5],"startLoc":[[0,0,0],[0.1,0.5,190],[0.1,0.1,10],[-0.5,0.1,0],[-0.5,0.5,50],[0.5,0.9,240],[-0.1,0.5,180],[0.5,0.5,60],[-0.1,0.9,300]]},"objlocTestRun1":{"startLoc":[[0,0,0],[-0.33329410540524512,0.29929672074542857,59],[-0.64248316121989979,0.44225574902436993,38],[-0.30350447458915614,0.92052779770451243,177],[0.33329410540524512,0.70070327925457143,300],[-0.13088197985746469,0.44903115370903757,117],[0.30350447458915614,0.079472202295487571,215],[0.64248316121989979,0.55774425097563007,66],[0.13088197985746469,0.55096884629096243,116],[0.37134635985160153,0.876696573331354,251],[-0.2854137941580403,0.18050266656992009,181],[0.32187166596325939,0.14837441727159106,314],[0.2854137941580403,0.81949733343007991,299],[-0.37134635985160153,0.12330342666864602,108],[-0.32187166596325939,0.85162558272840894,11],[-0.17989296387355042,0.18038389014169259,232],[0.17989296387355042,0.81961610985830746,313],[-0.40284631107453123,0.063555388069092666,307],[-0.48549616582381844,0.46227723554908728,6],[0.76281375575764931,0.44583672351552728,55],[0.48549616582381844,0.53772276445091272,66],[-0.58083477809528761,0.12371005401651064,102],[-0.76281375575764931,0.55416327648447272,115],[0.40284631107453123,0.93644461193090733,30],[0.58083477809528761,0.87628994598348942,132],[0.399125191119821,0.90578392936353092,326],[-0.43816907896825913,0.63511746621182008,45],[-0.71209435329658444,0.50086248448919535,282],[0.71209435329658444,0.4991375155108046,21],[0.43816907896825913,0.36488253378817992,23],[0.4693139026391378,0.60860003766524051,155],[-0.4693139026391378,0.39139996233475954,348],[-0.399125191119821,0.094216070636469085,79],[-0.25665967431605857,0.25392908920948554,342],[0.25665967431605857,0.74607091079051446,16],[0.19862377440025097,0.74514088371250231,320],[-0.47129753103975619,0.6149785888182937,204],[0.088876766154855028,0.677052359467926,297],[-0.088876766154855028,0.32294764053207403,174],[0.47129753103975619,0.38502141118170624,91],[-0.19862377440025097,0.25485911628749769,304],[0.491106880636587,0.11396616121616732,123],[-0.82095675609061236,0.66747657126858218,263],[-0.491106880636587,0.88603383878383268,344],[0.70762053845631412,0.17272251658331417,330],[-0.8798863476355645,0.7000506232417214,184],[0.8798863476355645,0.29994937675827854,87],[-0.70762053845631412,0.82727748341668583,285],[0.82095675609061236,0.33252342873141782,17],[-0.52286617957328674,0.30151359828376179,324],[0.50087769570964147,0.41414067918285868,204],[0.091694185052068014,0.17418744748243153,6],[-0.23150620100685887,0.3013573724391696,188],[-0.091694185052068014,0.82581255251756847,178],[0.23150620100685887,0.6986426275608304,77],[-0.50087769570964147,0.58585932081714132,223],[0.52286617957328674,0.69848640171623821,1],[0.64345623543513575,0.70152522352010727,85],[-0.64345623543513575,0.29847477647989268,190],[-0.12145295724955858,0.086958741215032553,72],[0.32082394220042504,0.73392717255866735,88],[-0.762368883510655,0.27100319479219009,158],[0.762368883510655,0.72899680520781,21],[0.12145295724955858,0.91304125878496745,75],[-0.32082394220042504,0.26607282744133265,27],[-0.51964368570502528,0.32421553727457381,288],[0.661605341089502,0.11660496845880386,181],[0.78328656020537624,0.53744956545201228,95],[-0.0888452668751603,0.16606226712068645,287],[-0.661605341089502,0.88339503154119614,56],[0.0888452668751603,0.83393773287931361,312],[0.51964368570502528,0.67578446272542614,166],[-0.78328656020537624,0.46255043454798772,203],[0.49507858585804104,0.23147066760270374,113],[0.69115657586829249,0.3251749481613031,88],[-0.34219952964882,0.736106970308285,100],[-0.69115657586829249,0.6748250518386969,130],[0.23950432980522768,0.93811943699159039,206],[0.34219952964882,0.26389302969171496,12],[-0.23950432980522768,0.061880563008409585,139],[-0.49507858585804104,0.76852933239729626,123]],"learnOrder":[0,1,8,3,5,6,7,4,2,1,4,3,8,5,7,2,6,6,1,8,5,3,4,2,7,4,3,6,2,7,5,1,8,2,6,1,8,3,7,4,5,4,1,8,2,7,3,6,5,3,6,1,8,5,4,2,7,8,4,6,3,1,5,2,7,4,5,3,2,1,6,8,7,2,8,5,4,7,1,3,6]},"distEstPair":{"pairList":[[0,0],[4,8],[5,6],[5,7],[4,7],[7,8],[2,5],[1,7],[3,8],[2,7],[3,7],[6,7],[1,6],[2,8],[5,8],[4,5],[2,6],[1,2],[3,6],[3,5],[3,4],[4,6],[1,4],[2,3],[1,3],[2,4],[6,8],[1,8],[1,5],[8,1],[3,1],[3,2],[6,5],[4,3],[6,1],[6,2],[5,3],[8,7],[8,3],[2,1],[8,2],[5,2],[7,2],[7,6],[8,5],[8,4],[7,4],[7,1],[7,5],[4,2],[6,4],[5,1],[4,1],[6,3],[7,3],[8,6],[5,4]]},"distEst2AFC":{"triplet":[[0,0,0],[2,4,5],[1,7,2],[6,2,8],[5,6,3],[7,6,1],[2,3,4],[5,6,3],[3,2,5],[5,6,7],[6,8,1],[5,3,6],[7,1,6],[1,2,7],[3,5,2],[1,7,2],[8,6,7],[1,2,7],[3,2,5],[4,2,7],[7,6,1],[5,3,6],[4,1,7],[3,5,2],[7,1,6]]}}