{"objLoc":[[0,0,0],[0.1,0.9,28],[0.9,0.9,281],[0.9,0.1,158],[0.7,0.7,261],[-0.1,0.1,353],[-0.9,0.1,194],[-0.9,0.9,181],[-0.7,0.3,26]],"objIdentity":[0,6,1,7,5,2,3,4,8],"familiarise":{"path":[[0,0.5,309],[-0.47815237798151772,0.64618585236136838,13],[0.47815237798151772,0.35381414763863162,192],[0.0026241198339409522,0.19930565045115792,287],[-0.49669064754334596,0.22547362857262984,352],[0.50315704761304536,0.24292603500991336,99],[0.31585375090508938,0.7065179622933071,61],[-0.17133128148752824,0.81899348946523964,316],[0.18833861868179735,0.471664304235741,328],[-0.30679541568898783,0.54125085471577372,72],[-0.57175504780559028,0.11722680663756074,159],[-0.886415243330509,0.50579978736604625,259],[0.0532773774553994,0.84781993069171491,305],[-0.7238685840015715,0.21849953964187752,61],[-0.66293391229899779,0.71477261546253845,240],[-0.55897806689011809,0.22569881509563561,291]]},"objlocLearn":{"learnOrder":[0,7,3,6,2,4,8,1,5],"startLoc":[[0,0,0],[-0.5,0.1,0],[0.5,0.9,240],[0.1,0.5,190],[-0.1,0.5,180],[-0.5,0.5,50],[0.5,0.5,60],[0.1,0.1,10],[-0.1,0.9,300]]},"objlocTestRun1":{"startLoc":[[0,0,0],[0.89960357971243154,0.909845106638791,342],[0.20826811683566254,0.83536446482976845,33],[0.42499734619949264,0.49837379799341885,184],[-0.89960357971243154,0.090154893361208965,43],[-0.20826811683566254,0.16463553517023155,78],[-0.82911765717275143,0.1845376729918074,275],[-0.42499734619949264,0.50162620200658115,338],[0.82911765717275143,0.81546232700819266,170],[-0.802945990848118,0.60573997496314957,3],[0.78035556314765264,0.077395339999060828,360],[-0.14321148768828157,0.584273596467985,18],[-0.90593830061121183,0.52224785309176869,141],[0.14321148768828157,0.41572640353201495,195],[-0.78035556314765264,0.92260466000093921,322],[0.802945990848118,0.39426002503685043,297],[0.90593830061121183,0.47775214690823131,220],[-0.327865956092014,0.88579428146851347,144],[0.37372221415988455,0.43434814371235486,301],[-0.49606101402120312,0.7807730642756725,313],[0.49606101402120312,0.21922693572432755,314],[0.28524382439440193,0.5860590017183368,259],[-0.28524382439440193,0.4139409982816632,36],[0.327865956092014,0.11420571853148657,108],[-0.37372221415988455,0.56565185628764514,175],[-0.69431612857509339,0.34822148986616508,182],[0.36545627882358206,0.72824572014285116,300],[0.26451706180807982,0.57371041159019076,86],[0.47871176617019423,0.10549879715288177,240],[0.69431612857509339,0.65177851013383492,135],[-0.26451706180807982,0.42628958840980929,280],[-0.36545627882358206,0.27175427985714878,71],[-0.47871176617019423,0.8945012028471182,172],[0.93585966642801632,0.26744262498846483,38],[-0.0664843457630397,0.66466050625742346,77],[0.1824933282377858,0.13271436694739508,337],[0.46516497999543821,0.90164833445518511,114],[-0.1824933282377858,0.86728563305260487,322],[0.0664843457630397,0.33533949374257654,189],[-0.93585966642801632,0.73255737501153517,15],[-0.46516497999543821,0.098351665544814892,286],[0.45046731314935234,0.19418216955725259,19],[-0.45046731314935234,0.80581783044274746,298],[0.19676314822142421,0.30882194790791023,4],[-0.19676314822142421,0.69117805209208982,243],[-0.929898176817143,0.79757629339442426,60],[0.929898176817143,0.20242370660557574,124],[-0.75165897190838971,0.53395165208234507,343],[0.75165897190838971,0.46604834791765487,176],[0.23108534648030338,0.76434272914941115,237],[0.32750151501564412,0.69084390810325536,267],[0.81056458176310753,0.46274313179117238,40],[0.10485650658668048,0.85575982678408058,302],[-0.81056458176310753,0.53725686820882768,330],[-0.23108534648030338,0.23565727085058891,56],[-0.32750151501564412,0.30915609189674464,197],[-0.10485650658668048,0.14424017321591939,103],[-0.35131767041421619,0.21479540509179662,267],[-0.29725554442334373,0.81776271587581073,11],[0.29725554442334373,0.18223728412418921,185],[0.35131767041421619,0.78520459490820338,286],[-0.51574045467099627,0.17042086932404787,265],[0.50792491829924979,0.5440292573445118,39],[-0.50792491829924979,0.4559707426554882,300],[0.51574045467099627,0.82957913067595213,86]],"learnOrder":[0,4,2,7,8,6,1,3,5,7,2,4,1,8,6,3,5,6,1,8,4,3,7,2,5,1,8,6,3,5,2,4,7,1,6,4,3,8,2,5,7,2,6,3,7,1,5,8,4,6,3,1,8,5,2,7,4,8,7,3,4,5,6,2,1]},"distEstPair":{"pairList":[[0,0],[3,6],[2,5],[1,4],[4,7],[2,4],[2,3],[3,5],[3,8],[5,7],[6,8],[2,8],[2,7],[4,5],[3,4],[5,8],[3,7],[1,3],[2,6],[4,8],[5,6],[1,7],[7,8],[1,5],[1,2],[1,6],[4,6],[1,8],[6,7],[7,5],[8,2],[6,2],[5,3],[8,3],[7,2],[3,1],[7,3],[5,1],[6,3],[7,1],[4,2],[6,1],[8,4],[4,1],[5,2],[4,3],[8,5],[6,5],[2,1],[8,1],[7,6],[6,4],[5,4],[8,6],[7,4],[3,2],[8,7]]},"distEst2AFC":{"triplet":[[0,0,0],[1,7,5],[5,3,4],[4,1,6],[6,5,7],[2,4,6],[2,3,1],[7,6,1],[5,6,3],[5,1,3],[1,7,5],[5,3,4],[6,3,8],[5,4,3],[6,7,5],[5,3,1],[3,5,2],[5,3,6],[3,2,5],[7,6,1],[5,3,1],[2,6,1],[5,6,3],[8,6,4],[8,2,6],[2,1,3],[6,8,2],[1,5,7],[5,1,3],[6,7,5],[7,1,6],[5,3,6],[4,7,2],[2,3,1],[3,5,2],[6,5,7],[3,2,5],[2,1,3],[1,5,7],[5,4,3],[7,1,6]]}}