{"objLoc":[[0,0,0],[0,0.95,322],[0.9,0.95,120],[0.9,0.05,296],[0.7,0.75,16],[0,0.05,39],[-0.9,0.05,215],[-0.9,0.95,191],[-0.7,0.25,151]],"objIdentity":[0,1,3,5,6,2,7,4,8],"familiarise":{"path":[[0,0.5,296],[0.5,0.9,149],[0.9,0.1,316],[-0.9,0.2,297],[-0.7,0.7,20],[0.5,0.5,259],[0,0.2,289],[-0.2,0.8,266],[-0.5,0.1,256],[0.7,0.4,195],[0.9,0.9,45],[-0.5,0.5,345],[0.5,0.9,146],[0.5,0.1,79],[-0.6,0.8,259]]},"objlocLearn":{"learnOrder":[0,8,2,7,4,3,5,6,1],"startLoc":[[0,0,0],[0.5,0.5,60],[-0.1,0.5,180],[-0.5,0.1,0],[-0.5,0.5,50],[0.5,0.9,240],[-0.1,0.9,300],[0.1,0.5,190],[0.1,0.1,10]]},"objlocTestRun1":{"startLoc":[[0,0,0],[-0.53818767554124158,0.40280331124913649,163],[0.21854566521251456,0.84673767176363457,294],[-0.65441194052569962,0.40652009896360486,151],[0.53818767554124158,0.59719668875086351,69],[-0.18530223283013131,0.72185964546648651,304],[0.18530223283013131,0.27814035453351349,39],[0.65441194052569962,0.59347990103639514,104],[-0.21854566521251456,0.15326232823636543,79],[0.045393140780646088,0.58625901079454468,168],[-0.31946169617118975,0.10544665400007391,116],[-0.045393140780646088,0.41374098920545527,328],[-0.16570601285389691,0.84467026801882228,283],[-0.42573407808220759,0.58450298354744956,255],[0.31946169617118975,0.89455334599992609,51],[0.42573407808220759,0.41549701645255038,221],[0.16570601285389691,0.15532973198117767,307],[-0.45957900634311727,0.20666003974773473,333],[0.92982171173200445,0.4554493526706494,239],[0.399855637341276,0.23407093206061952,94],[-0.399855637341276,0.76592906793938043,100],[0.0056031459143487811,0.91154074851241007,229],[0.45957900634311727,0.79333996025226527,261],[-0.0056031459143487811,0.0884592514875899,111],[-0.92982171173200445,0.54455064732935066,245],[0.23976397520932952,0.311334254447718,183],[-0.23976397520932952,0.688665745552282,299],[-0.34813667792651909,0.82465555505812482,246],[-0.018301192811396791,0.082947677392409686,328],[0.60204824324691253,0.062261369772655187,44],[0.018301192811396791,0.91705232260759029,303],[0.34813667792651909,0.17534444494187518,342],[-0.60204824324691253,0.93773863022734483,207],[-0.35073320638133515,0.82672736638940769,2],[0.79332874870775383,0.59146437306984512,13],[-0.095078252858699489,0.43988290580745382,149],[-0.38536760905698125,0.89704643885227575,165],[0.38536760905698125,0.10295356114772428,172],[0.35073320638133515,0.17327263361059231,246],[-0.79332874870775383,0.40853562693015488,272],[0.095078252858699489,0.56011709419254618,296],[-0.11108657462592082,0.45796295635116291,125],[0.5839355979726899,0.11768561154032331,222],[0.11108657462592082,0.54203704364883709,142],[-0.5839355979726899,0.88231438845967669,262],[-0.14197602743734533,0.51306326078837916,203],[0.51467383598497141,0.73827588515042042,215],[0.14197602743734533,0.48693673921162078,140],[-0.51467383598497141,0.26172411484957958,229],[-0.18030533100841589,0.18346237934084886,313],[-0.25113314802518688,0.79534101658905243,235],[0.41066717124037505,0.77941202866665749,47],[0.18030533100841589,0.81653762065915114,32],[-0.41066717124037505,0.22058797133334251,244],[-0.37729801544323444,0.085816002241965644,129],[0.37729801544323444,0.91418399775803438,114],[0.25113314802518688,0.20465898341094757,321],[0.25439885930081479,0.16190211488048931,312],[-0.054623167002901526,0.35132544005236116,291],[0.34634554828170921,0.19713987568815661,129],[-0.25439885930081479,0.83809788511951067,231],[0.054623167002901526,0.6486745599476389,216],[-0.34634554828170921,0.80286012431184339,85],[0.42493412707798589,0.83690749250003837,213],[-0.42493412707798589,0.16309250749996163,359],[-0.37706347382109368,0.21228586835300983,19],[-0.28162795802637003,0.7235472711465698,86],[0.37706347382109368,0.78771413164699022,120],[0.11928405103608482,0.29060510483654944,289],[-0.44599658305593665,0.779803596018622,160],[0.44599658305593665,0.22019640398137796,23],[0.28162795802637003,0.27645272885343025,115],[-0.11928405103608482,0.70939489516345056,299],[0.32090225916993348,0.190194421259688,266],[0.18857789896619931,0.72876663382392248,101],[-0.32090225916993348,0.809805578740312,263],[0.30153647668215028,0.35599116321914193,116],[0.52256636378208077,0.21146571098558514,55],[-0.52256636378208077,0.78853428901441491,355],[-0.30153647668215028,0.64400883678085807,95],[-0.18857789896619931,0.27123336617607757,220]],"learnOrder":[0,8,2,7,4,1,5,3,6,6,8,2,7,5,4,1,3,6,1,3,7,8,2,4,5,5,1,6,3,4,7,2,8,3,5,8,6,2,7,1,4,7,6,3,2,8,1,4,5,2,3,5,6,1,4,8,7,4,1,2,8,5,6,7,3,4,6,8,3,5,1,2,7,5,8,1,6,3,7,2,4]},"distEstPair":{"pairList":[[0,0],[1,6],[1,7],[2,7],[2,4],[4,7],[2,8],[7,8],[1,5],[1,4],[3,4],[1,8],[4,6],[3,8],[6,7],[5,6],[4,5],[4,8],[3,6],[1,3],[6,8],[2,6],[3,7],[3,5],[5,7],[2,5],[1,2],[2,3],[5,8],[5,1],[4,3],[7,2],[4,1],[5,2],[7,1],[5,3],[8,4],[7,4],[6,5],[6,3],[8,1],[2,1],[8,3],[7,3],[6,2],[8,2],[8,7],[7,6],[7,5],[8,5],[8,6],[4,2],[3,2],[6,1],[6,4],[5,4],[3,1]]},"distEst2AFC":{"triplet":[[0,0,0],[8,6,7],[7,6,1],[5,6,3],[5,6,7],[1,2,7],[5,3,6],[1,2,7],[4,2,7],[1,7,2],[2,4,5],[7,1,6],[1,7,2],[5,6,3],[3,2,5],[7,1,6],[2,3,4],[5,3,6],[3,5,2],[7,6,1],[3,2,5],[6,8,1],[6,2,8],[4,1,7],[3,5,2]]}}