{"objLoc":[[0,0,0],[0,0.95,103],[0.9,0.95,345],[0.9,0.05,278],[0.7,0.75,356],[0,0.05,75],[-0.9,0.05,50],[-0.9,0.95,328],[-0.7,0.25,25]],"objIdentity":[0,7,1,3,8,4,6,2,5],"familiarise":{"path":[[0,0.5,161],[0.5,0.9,23],[0.9,0.1,108],[-0.9,0.2,340],[-0.7,0.7,102],[0.5,0.5,97],[0,0.2,147],[-0.2,0.8,298],[-0.5,0.1,183],[0.7,0.4,98],[0.9,0.9,123],[-0.5,0.5,351],[0.5,0.9,67],[0.5,0.1,88],[-0.6,0.8,249]]},"objlocLearn":{"learnOrder":[0,7,4,8,5,1,2,6,3],"startLoc":[[0,0,0],[-0.5,0.1,0],[-0.5,0.5,50],[0.5,0.5,60],[-0.1,0.9,300],[0.1,0.1,10],[-0.1,0.5,180],[0.1,0.5,190],[0.5,0.9,240]]},"objlocTestRun1":{"startLoc":[[0,0,0],[-0.041876101597868406,0.3501493895198064,37],[-0.79046106983166275,0.34052049742981882,40],[-0.27020251628597319,0.39834602280173753,190],[0.041876101597868406,0.64985061048019355,153],[0.27020251628597319,0.60165397719826252,336],[0.18448790427539169,0.2070030253685039,341],[0.79046106983166275,0.65947950257018118,240],[-0.18448790427539169,0.7929969746314961,302],[0.11582740668308127,0.46173578337134114,330],[-0.11582740668308127,0.53826421662865886,187],[-0.78071645973611559,0.20120898830773692,318],[-0.63562102655795882,0.78240630747074935,49],[0.63562102655795882,0.21759369252925065,110],[-0.48245476061154563,0.16930710810250316,339],[0.78071645973611559,0.79879101169226308,128],[0.48245476061154563,0.83069289189749684,64],[0.47428714518849419,0.40769224034950258,223],[-0.068160641884302084,0.33687007131879859,42],[-0.4751525124119344,0.52767156672759885,228],[-0.47428714518849419,0.59230775965049742,40],[-0.88084693403588332,0.533003014766759,314],[0.068160641884302084,0.66312992868120135,222],[0.4751525124119344,0.4723284332724012,171],[0.88084693403588332,0.4669969852332409,269],[-0.69791630380667313,0.69864088578261574,138],[0.69791630380667313,0.30135911421738426,323],[0.15184826214054109,0.45178177130186326,69],[0.22578073471094923,0.2579024725115529,356],[0.058826342964941089,0.062510089115788259,78],[-0.15184826214054109,0.54821822869813674,10],[-0.22578073471094923,0.74209752748844715,310],[-0.058826342964941089,0.93748991088421174,278],[-0.25381334897366042,0.62594786886981746,115],[0.06558234309990367,0.17458777707228645,230],[0.25381334897366042,0.37405213113018254,1],[0.79489141515120032,0.81570967076276468,331],[-0.06558234309990367,0.82541222292771355,84],[-0.36079464671491962,0.50933686396646716,199],[0.36079464671491962,0.49066313603353284,246],[-0.79489141515120032,0.18429032923723526,58],[0.098800413729143569,0.75403080286539781,89],[-0.0099416649586951261,0.32334073793348067,265],[-0.61509394080732593,0.88335996033186748,140],[-0.098800413729143569,0.24596919713460219,111],[0.49773674265118412,0.59412458923039324,297],[0.0099416649586951261,0.67665926206651927,261],[0.61509394080732593,0.11664003966813251,185],[-0.49773674265118412,0.4058754107696067,16],[-0.37664294113691005,0.056648230202303709,236],[-0.15278483526330716,0.66852257341981924,190],[0.34636062473494617,0.86396896858562366,247],[-0.34636062473494617,0.13603103141437634,285],[-0.34074793110235496,0.428347415248214,199],[0.37664294113691005,0.9433517697976963,305],[0.34074793110235496,0.57165258475178593,42],[0.15278483526330716,0.33147742658018076,222],[-0.515835018800836,0.63041386810155142,234],[-0.88571423596668364,0.067964036971624675,80],[-0.30655001058623793,0.38163809818413874,83],[-0.15098039687678128,0.30351374241447726,274],[0.30655001058623793,0.61836190181586126,47],[0.515835018800836,0.36958613189844863,55],[0.88571423596668364,0.93203596302837532,29],[0.15098039687678128,0.69648625758552274,267],[0.17619938431240373,0.8033322197401449,75],[0.66773253035567137,0.70828950935314239,162],[-0.92406231601510469,0.13381943237248428,44],[-0.028821286575655594,0.63180762712917615,342],[0.92406231601510469,0.86618056762751572,171],[-0.66773253035567137,0.29171049064685761,186],[-0.17619938431240373,0.19666778025985504,45],[0.028821286575655594,0.36819237287082385,232],[0.081380227886900844,0.91212008267932587,268],[-0.081380227886900844,0.087879917320674183,218],[0.55041731057733112,0.26588927652907124,108],[0.095370485095389326,0.57441672287037582,341],[0.53248733943050541,0.21220930015232431,36],[-0.095370485095389326,0.42558327712962418,125],[-0.55041731057733112,0.73411072347092876,268],[-0.53248733943050541,0.78779069984767569,152]],"learnOrder":[0,4,1,2,8,6,7,5,3,7,3,5,4,8,6,1,2,2,3,5,6,8,7,1,4,5,1,6,3,8,2,7,4,7,6,3,5,2,4,8,1,3,1,6,7,8,5,2,4,1,8,3,7,2,5,6,4,7,8,6,5,2,3,4,1,5,8,7,6,3,4,1,2,8,4,5,3,2,7,1,6]},"distEstPair":{"pairList":[[0,0],[3,8],[4,5],[6,8],[2,8],[1,8],[5,7],[5,6],[1,2],[2,3],[3,7],[4,6],[1,3],[2,6],[1,6],[3,5],[2,5],[1,4],[7,8],[3,6],[1,5],[5,8],[1,7],[6,7],[2,7],[2,4],[3,4],[4,7],[4,8],[8,7],[8,4],[8,3],[7,4],[4,1],[8,6],[5,1],[7,1],[5,4],[7,3],[6,2],[7,6],[4,2],[7,2],[8,1],[6,4],[3,1],[6,3],[8,2],[2,1],[5,3],[7,5],[5,2],[3,2],[8,5],[6,5],[4,3],[6,1]]},"distEst2AFC":{"triplet":[[0,0,0],[5,3,6],[3,5,2],[5,6,7],[7,1,6],[3,2,5],[1,7,2],[3,5,2],[6,2,8],[6,8,1],[1,2,7],[3,2,5],[4,1,7],[7,1,6],[2,4,5],[4,2,7],[1,7,2],[5,6,3],[1,2,7],[7,6,1],[8,6,7],[2,3,4],[5,3,6],[7,6,1],[5,6,3]]}}