{"objLoc":[[0,0,0],[0,0.95,179],[0.9,0.95,83],[0.9,0.05,92],[0.7,0.75,143],[0,0.05,136],[-0.9,0.05,359],[-0.9,0.95,147],[-0.7,0.25,278]],"objIdentity":[0,5,2,3,4,8,1,7,6],"familiarise":{"path":[[0,0.5,113],[0.5,0.9,320],[0.9,0.1,243],[-0.9,0.2,141],[-0.7,0.7,183],[0.5,0.5,189],[0,0.2,335],[-0.2,0.8,206],[-0.5,0.1,241],[0.7,0.4,19],[0.9,0.9,118],[-0.5,0.5,21],[0.5,0.9,65],[0.5,0.1,334],[-0.6,0.8,338]]},"objlocLearn":{"learnOrder":[0,5,3,8,7,6,1,2,4],"startLoc":[[0,0,0],[-0.1,0.9,300],[0.5,0.9,240],[0.5,0.5,60],[-0.5,0.1,0],[0.1,0.5,190],[0.1,0.1,10],[-0.1,0.5,180],[-0.5,0.5,50]]},"objlocTestRun1":{"startLoc":[[0,0,0],[0.5281251550486159,0.335878547777259,353],[-0.176639604996718,0.60723283363916192,280],[-0.5281251550486159,0.664121452222741,350],[0.076562835613801464,0.91226394419320844,190],[0.215151390544769,0.3182914863082702,86],[-0.076562835613801464,0.087736055806791557,175],[-0.215151390544769,0.6817085136917298,213],[0.176639604996718,0.39276716636083814,181],[-0.26360694316324812,0.49781428779357673,155],[-0.7183069749444575,0.23295446304703837,91],[0.26360694316324812,0.50218571220642327,21],[0.15920539170457876,0.5239976819764175,232],[-0.15920539170457876,0.4760023180235825,91],[0.19452042962116484,0.43310915564872854,69],[-0.19452042962116484,0.56689084435127146,184],[0.7183069749444575,0.76704553695296163,138],[-0.53548398768083616,0.2968247494856554,331],[0.62347404490573655,0.20791036912125688,19],[-0.0732343311863723,0.51194312856421276,136],[0.47118315695943497,0.33563065035546147,180],[-0.62347404490573655,0.79208963087874307,209],[-0.47118315695943497,0.66436934964453853,291],[0.53548398768083616,0.7031752505143446,322],[0.0732343311863723,0.48805687143578724,170],[-0.71277608236977374,0.87467760441762021,36],[-0.00020588763869215654,0.8757135342995126,262],[-0.88212462534329816,0.74573451767772969,177],[0.60939037071960134,0.80018727334757989,253],[0.00020588763869215654,0.1242864657004874,129],[0.71277608236977374,0.12532239558237979,70],[-0.60939037071960134,0.19981272665242017,122],[0.88212462534329816,0.25426548232227036,197],[0.41043267721700943,0.76798409674258217,346],[0.45053365870812673,0.90527208246123481,330],[-0.50273814072885337,0.41653393199333144,255],[-0.41043267721700943,0.23201590325741783,312],[0.21334911191243738,0.68456340902567447,83],[-0.45053365870812673,0.094727917538765222,289],[0.50273814072885337,0.58346606800666856,267],[-0.21334911191243738,0.31543659097432547,71],[0.14906296726576435,0.9451041180252614,54],[0.070885144076648962,0.58260287959231882,133],[-0.054795700948786094,0.79721061595802911,127],[-0.22178968797277693,0.52893839391684394,40],[0.22178968797277693,0.471061606083156,62],[-0.14906296726576435,0.054895881974738638,237],[-0.070885144076648962,0.41739712040768123,341],[0.054795700948786094,0.20278938404197089,92],[0.46485606274532959,0.19490370016623981,40],[-0.39518551806953711,0.20644567861949903,283],[0.16892886787865397,0.39469378664616245,176],[-0.024617386731427923,0.1134642005375025,221],[0.024617386731427923,0.8865357994624975,324],[0.39518551806953711,0.793554321380501,141],[-0.16892886787865397,0.60530621335383761,39],[-0.46485606274532959,0.80509629983376019,115],[0.07952809392480624,0.13781375324867107,8],[-0.61062351551661087,0.254402753627202,214],[0.61114835946988522,0.71374251641738773,211],[-0.61114835946988522,0.28625748358261227,249],[-0.15600636121461137,0.061680381479802149,242],[0.61062351551661087,0.745597246372798,85],[-0.07952809392480624,0.86218624675132893,211],[0.15600636121461137,0.93831961852019785,71],[0.64665392327733251,0.41137619312087703,236],[0.5527319336044727,0.758861493687685,234],[-0.30376524746518235,0.51879537946134235,73],[0.18038015699478377,0.42135199998913986,9],[-0.18038015699478377,0.57864800001086014,281],[0.30376524746518235,0.48120462053865765,5],[-0.5527319336044727,0.24113850631231509,231],[-0.64665392327733251,0.588623806879123,272],[0.47237800242108324,0.55366650068848366,232],[-0.81045004955836442,0.17506406414265158,307],[0.1792632195463722,0.6723642507376002,228],[-0.87615659406343194,0.31374133239091107,110],[-0.1792632195463722,0.32763574926239974,149],[-0.47237800242108324,0.44633349931151634,61],[0.81045004955836442,0.82493593585734848,291],[0.87615659406343194,0.68625866760908893,157]],"learnOrder":[0,5,8,1,2,3,6,7,4,8,5,4,2,6,3,7,1,5,4,7,6,8,2,1,3,1,3,6,8,7,5,4,2,2,7,4,6,5,3,8,1,6,7,4,5,1,2,3,8,5,4,2,3,7,8,6,1,8,1,2,6,7,5,4,3,2,7,5,4,8,1,3,6,2,1,8,7,4,6,5,3]},"distEstPair":{"pairList":[[0,0],[2,4],[3,6],[4,6],[5,7],[2,7],[1,7],[4,7],[2,5],[4,5],[5,8],[1,6],[5,6],[2,6],[1,2],[3,7],[6,8],[2,8],[1,3],[6,7],[7,8],[3,5],[1,8],[1,4],[3,4],[2,3],[4,8],[3,8],[1,5],[8,1],[8,4],[7,2],[7,4],[8,2],[4,2],[5,2],[5,1],[8,3],[8,7],[6,2],[7,1],[8,6],[5,4],[2,1],[8,5],[6,1],[3,1],[7,5],[7,6],[6,5],[7,3],[3,2],[4,3],[6,3],[4,1],[5,3],[6,4]]},"distEst2AFC":{"triplet":[[0,0,0],[6,8,1],[7,6,1],[1,2,7],[5,6,7],[4,2,7],[7,1,6],[2,3,4],[1,2,7],[5,6,3],[3,5,2],[1,7,2],[6,2,8],[7,1,6],[2,4,5],[3,2,5],[5,3,6],[7,6,1],[3,2,5],[8,6,7],[3,5,2],[1,7,2],[5,6,3],[4,1,7],[5,3,6]]}}