{"objLoc":[[0,0,0],[0,0.95,56],[0.9,0.95,267],[0.9,0.05,95],[0.7,0.75,193],[0,0.05,6],[-0.9,0.05,331],[-0.9,0.95,325],[-0.7,0.25,13]],"objIdentity":[0,7,2,3,8,4,6,5,1],"familiarise":{"path":[[0,0.5,199],[0.5,0.9,175],[0.9,0.1,277],[-0.9,0.2,58],[-0.7,0.7,276],[0.5,0.5,8],[0,0.2,49],[-0.2,0.8,42],[-0.5,0.1,112],[0.7,0.4,242],[0.9,0.9,170],[-0.5,0.5,294],[0.5,0.9,105],[0.5,0.1,264],[-0.6,0.8,253]]},"objlocLearn":{"learnOrder":[0,1,2,8,4,6,7,5,3],"startLoc":[[0,0,0],[0.1,0.1,10],[-0.1,0.5,180],[0.5,0.5,60],[-0.5,0.5,50],[0.1,0.5,190],[-0.5,0.1,0],[-0.1,0.9,300],[0.5,0.9,240]]},"objlocTestRun1":{"startLoc":[[0,0,0],[-0.6886838083654685,0.10252605889430877,103],[0.54984548617952056,0.61030329587541976,90],[0.6886838083654685,0.89747394110569123,65],[-0.57668163628701508,0.8477584524141647,211],[0.09251401829950294,0.58943153537449378,56],[-0.54984548617952056,0.38969670412458024,257],[-0.09251401829950294,0.41056846462550622,310],[0.57668163628701508,0.1522415475858353,248],[-0.42347729259212724,0.62751028251688068,96],[0.10330859851981126,0.34703813080782042,143],[-0.10330859851981126,0.65296186919217958,185],[0.18459030067192056,0.15334007501048452,124],[0.940762504643261,0.20980775834410037,197],[-0.940762504643261,0.79019224165589963,248],[0.42347729259212724,0.37248971748311932,108],[-0.18459030067192056,0.84665992498951548,78],[0.56590674759686221,0.57288665526462457,284],[0.87893411575291558,0.4273252432331956,280],[-0.56590674759686221,0.42711334473537549,16],[-0.013799119670635115,0.50590046810128531,233],[0.80622832930078414,0.607481120090972,47],[0.013799119670635115,0.49409953189871469,198],[-0.80622832930078414,0.392518879909028,105],[-0.87893411575291558,0.57267475676680446,298],[-0.33708710785325374,0.33752867984022306,36],[0.33708710785325374,0.66247132015977694,324],[0.07326350587468515,0.14473123346489825,124],[0.28112242934459658,0.510478657513998,48],[-0.28112242934459658,0.489521342486002,165],[-0.07326350587468515,0.85526876653510175,31],[-0.14430035155310245,0.46683398275461135,267],[0.14430035155310245,0.5331660172453887,131],[0.20097761695761135,0.59302004285079835,121],[0.17867914837667892,0.098099759873477188,39],[0.31571827752225418,0.24937390952658978,68],[-0.17867914837667892,0.90190024012652281,187],[-0.23992601723456092,0.46895729015525989,41],[-0.20097761695761135,0.40697995714920165,175],[-0.31571827752225418,0.75062609047341022,336],[0.23992601723456092,0.53104270984474011,144],[0.67866206178069288,0.67003489942921191,65],[0.88318030320547092,0.87415459724133893,290],[-0.69267324432153943,0.22253969503000021,238],[-0.88318030320547092,0.1258454027586611,221],[-0.10664347323658911,0.48204210499420119,45],[0.69267324432153943,0.77746030496999974,127],[-0.67866206178069288,0.32996510057078809,171],[0.10664347323658911,0.51795789500579881,137],[-0.73805030173641639,0.7623495603858379,80],[0.18508061899766698,0.24183998127704776,82],[0.73805030173641639,0.2376504396141621,52],[0.4417893264697052,0.62257999444958079,263],[-0.27155968202810649,0.60330471778123318,45],[-0.4417893264697052,0.37742000555041921,116],[-0.18508061899766698,0.75816001872295224,141],[0.27155968202810649,0.39669528221876676,14],[-0.181909599145122,0.40027365004603155,56],[-0.46776443153739017,0.14853687919836694,62],[0.84470477809701716,0.11612303954803899,278],[0.896975201163088,0.679846946158412,87],[0.46776443153739017,0.851463120801633,269],[-0.84470477809701716,0.883876960451961,126],[-0.896975201163088,0.32015305384158793,239],[0.181909599145122,0.59972634995396845,236],[0.18927645795494169,0.33105559715892641,84],[0.180789667608572,0.07803596376658975,152],[0.81828442732558382,0.16374855539713767,244],[-0.18927645795494169,0.66894440284107359,218],[-0.81828442732558382,0.83625144460286238,220],[-0.53038021042511752,0.099517994006180124,15],[0.53038021042511752,0.90048200599381989,326],[-0.180789667608572,0.92196403623341028,321],[0.78172469525330635,0.2252071661382834,65],[-0.31398912180849931,0.37635305437312749,140],[0.31398912180849931,0.62364694562687251,327],[-0.19951024169077075,0.68889025707095564,163],[-0.78172469525330635,0.7747928338617166,156],[-0.0441675344787545,0.57526730843485085,256],[0.19951024169077075,0.31110974292904442,58],[0.0441675344787545,0.42473269156514915,311]],"learnOrder":[0,7,8,3,6,5,4,1,2,2,7,3,8,1,5,6,4,8,1,4,2,3,6,7,5,3,7,6,4,8,2,1,5,2,7,8,3,1,6,4,5,3,5,4,1,2,8,7,6,6,8,2,1,7,5,4,3,7,4,2,5,8,6,1,3,3,2,4,7,8,1,5,6,3,6,2,8,7,5,4,1]},"distEstPair":{"pairList":[[0,0],[1,2],[1,3],[3,5],[1,7],[6,7],[5,7],[2,6],[2,8],[1,5],[2,5],[1,4],[5,8],[3,4],[7,8],[1,6],[4,7],[2,7],[2,3],[6,8],[4,6],[3,6],[1,8],[5,6],[4,8],[2,4],[3,7],[3,8],[4,5],[5,4],[7,4],[8,3],[4,1],[6,2],[7,2],[7,1],[8,1],[8,5],[8,2],[7,5],[6,3],[8,7],[6,4],[7,6],[2,1],[4,3],[4,2],[8,6],[8,4],[6,5],[5,1],[5,3],[6,1],[3,2],[5,2],[3,1],[7,3]]},"distEst2AFC":{"triplet":[[0,0,0],[5,6,3],[3,5,2],[5,3,6],[2,3,4],[4,2,7],[6,8,1],[5,6,3],[3,2,5],[5,6,7],[1,7,2],[2,4,5],[3,5,2],[5,3,6],[1,2,7],[7,6,1],[4,1,7],[1,7,2],[8,6,7],[7,1,6],[1,2,7],[7,6,1],[3,2,5],[7,1,6],[6,2,8]]}}