{"objLoc":[[0,0,0],[0.1,0.9,7],[0.9,0.9,321],[0.9,0.1,103],[0.7,0.7,108],[-0.1,0.1,286],[-0.9,0.1,117],[-0.9,0.9,312],[-0.7,0.3,162]],"objIdentity":[0,3,4,2,5,7,1,8,6],"familiarise":{"path":[[0,0.5,138],[-0.424024048078213,0.76495963211660245,228],[0.061123815059785258,0.88592057991643636,351],[-0.82988270912858264,0.43193008017688955,170],[-0.62651438759068256,0.88870280899819,150],[-0.20717910361797054,0.61638329149067639,18],[0.21215618035474149,0.88870280899818987,351],[-0.596860814020206,0.30091755670571674,353],[-0.69226531170847838,0.79173114842954873,236],[-0.1984211414109095,0.8699483809496642,53],[0.3003608837190026,0.83507014407760161,323],[0.3003608837190026,0.33507014407760161,177],[0.20495638603073019,0.82588373580143359,224],[0.66520881275695043,0.63051817155679668,37],[-0.28030976284236642,0.30495001709964,263],[-0.60833927733762,0.682304807211026,46]]},"objlocLearn":{"learnOrder":[0,4,5,6,1,7,2,3,8],"startLoc":[[0,0,0],[-0.5,0.5,50],[-0.1,0.9,300],[0.1,0.5,190],[0.1,0.1,10],[-0.5,0.1,0],[-0.1,0.5,180],[0.5,0.9,240],[0.5,0.5,60]]},"objlocTestRun1":{"startLoc":[[0,0,0],[-0.3918193561742927,0.49789377598950513,234],[0.3918193561742927,0.50210622401049487,188],[0.65961997554373331,0.38692950124209091,159],[-0.65961997554373331,0.61307049875790909,86],[-0.10864239761716536,0.37660958279853463,37],[0.10864239761716536,0.62339041720146537,276],[0.10563797677538471,0.16433106379355478,87],[-0.10563797677538471,0.83566893620644522,352],[0.81033492162294185,0.51190779550315968,3],[-0.81033492162294185,0.48809220449684032,136],[0.648886613361501,0.6374976979589605,346],[0.55965169526937686,0.12138909096371872,129],[-0.55965169526937686,0.87861090903628125,180],[-0.648886613361501,0.3625023020410395,64],[0.258316124574371,0.91707525205367557,241],[-0.258316124574371,0.082924747946324429,30],[-0.88964859257574513,0.11357042929820371,333],[0.4609149381517374,0.39006733996579013,345],[-0.46513482435771863,0.51021136436195746,80],[0.88964859257574513,0.88642957070179629,140],[-0.4609149381517374,0.60993266003420987,313],[0.9301862856952261,0.27617338982070749,283],[0.46513482435771863,0.48978863563804254,205],[-0.9301862856952261,0.72382661017929251,150]],"learnOrder":[0,2,6,4,8,3,7,5,1,3,7,8,1,5,4,2,6,5,2,7,1,6,4,3,8]},"objlocTestRun2":{"startLoc":[[0,0,0],[0.5615083433679946,0.35509348508941524,292],[0.78310540785833815,0.476411905856993,218],[-0.5615083433679946,0.64490651491058482,184],[-0.76163550609043962,0.60433795289799741,181],[-0.079767404893639468,0.36314338534453089,180],[-0.78310540785833815,0.523588094143007,111],[0.079767404893639468,0.636856614655469,283],[0.76163550609043962,0.39566204710200259,236],[-0.34169437451584933,0.6572655046805187,219],[-0.54949244084422255,0.12172952526683156,5],[0.54949244084422255,0.87827047473316844,259],[-0.57546773324184142,0.83790275245880352,204],[0.34169437451584933,0.34273449531948125,136],[0.94566004796953929,0.503047915378267,170],[-0.94566004796953929,0.49695208462173296,312],[0.57546773324184142,0.16209724754119648,307],[-0.16746232708581826,0.49462938859337147,195],[-0.822886077390806,0.36401723812576681,186],[0.16457583393951286,0.91682868127495076,200],[0.0025664257703893883,0.50035225501214886,102],[-0.16457583393951286,0.083171318725049237,253],[0.16746232708581826,0.50537061140662853,282],[0.822886077390806,0.63598276187423319,84],[-0.0025664257703893883,0.49964774498785119,233]],"learnOrder":[0,2,5,6,7,4,1,8,3,6,7,3,4,2,5,1,8,4,5,7,6,3,8,1,2]},"distEstPair":{"pairList":[[0,0],[2,4],[6,8],[5,8],[8,6],[6,5],[2,8],[4,2],[7,8],[7,6],[3,1],[7,5],[4,1],[8,7],[8,1],[1,2],[4,3],[6,4],[5,2],[2,3],[7,3],[6,7],[5,4],[5,7],[4,7],[3,2],[1,5],[4,8],[3,6],[8,5],[3,5],[2,1],[3,4],[8,3],[7,1],[1,6],[2,7],[1,3],[5,6],[6,2],[1,4]]},"distEstEgo":{"pairList":[[0,0],[2,1],[8,6],[7,6],[2,3],[7,3],[4,2],[2,8],[1,2],[6,7],[5,6],[3,2],[6,5]]},"distEst2AFC":{"triplet":[[0,0,0],[8,7,5],[6,7,5],[2,1,3],[5,7,6],[8,5,7],[5,8,7],[4,3,1],[7,3,5],[2,1,3],[8,5,7],[2,3,1],[1,3,2],[6,5,7],[1,4,3],[6,5,7],[7,8,2],[4,1,3],[3,4,6],[8,7,5],[2,3,1],[4,3,1],[3,7,1],[6,7,5],[4,1,3]]}}