{"objLoc":[[0,0,0],[0,0.95,107],[0.9,0.95,192],[0.9,0.05,69],[0.7,0.75,25],[0,0.05,284],[-0.9,0.05,237],[-0.9,0.95,230],[-0.7,0.25,208]],"objIdentity":[0,1,7,4,2,8,5,6,3],"familiarise":{"path":[[0,0.5,199],[0.5,0.9,216],[0.9,0.1,175],[-0.9,0.2,102],[-0.7,0.7,108],[0.5,0.5,203],[0,0.2,143],[-0.2,0.8,284],[-0.5,0.1,151],[0.7,0.4,52],[0.9,0.9,55],[-0.5,0.5,20],[0.5,0.9,259],[0.5,0.1,106],[-0.6,0.8,72]]},"objlocLearn":{"learnOrder":[0,3,7,5,8,4,2,6,1],"startLoc":[[0,0,0],[0.5,0.9,240],[-0.5,0.1,0],[-0.1,0.9,300],[0.5,0.5,60],[-0.5,0.5,50],[-0.1,0.5,180],[0.1,0.5,190],[0.1,0.1,10]]},"objlocTestRun1":{"startLoc":[[0,0,0],[0.013541919085200124,0.83261364601224286,5],[0.16518100661787044,0.48676519951194563,214],[-0.013541919085200124,0.16738635398775714,6],[0.36650407982136141,0.75657532213753664,211],[-0.73716662489867812,0.23245904300422082,148],[-0.16518100661787044,0.51323480048805437,83],[-0.36650407982136141,0.24342467786246336,69],[0.73716662489867812,0.76754095699577918,329],[0.36004313350793621,0.842552245419302,213],[0.82084041629910987,0.085291019179899563,62],[-0.27876562161682289,0.24817286213936374,258],[0.92032870888949714,0.1091320897262768,86],[0.27876562161682289,0.75182713786063626,332],[-0.82084041629910987,0.91470898082010044,260],[-0.92032870888949714,0.89086791027372314,244],[-0.36004313350793621,0.15744775458069799,356],[0.039823014527951409,0.4540550614673256,195],[-0.15063974771373284,0.42730265742194473,180],[-0.039823014527951409,0.54594493853267445,324],[-0.30249024551444109,0.30310152509800881,347],[-0.023413074009758159,0.62678734650004542,1],[0.15063974771373284,0.57269734257805527,300],[0.023413074009758159,0.37321265349995458,201],[0.30249024551444109,0.69689847490199119,337],[-0.75484582237043729,0.50620789527212606,259],[-0.86324194455815606,0.7723006002376922,345],[0.46279585375478333,0.84896271669707335,274],[0.87465700864568441,0.51411252217778591,96],[0.86324194455815606,0.22769939976230774,49],[-0.87465700864568441,0.48588747782221409,325],[-0.46279585375478333,0.15103728330292665,186],[0.75484582237043729,0.493792104727874,306],[-0.69550323160599337,0.74927712254502221,20],[0.69550323160599337,0.25072287745497779,155],[-0.50956183491379314,0.16516059264214655,75],[0.0085072841840230923,0.37861128445136549,314],[-0.0085072841840230923,0.62138871554863451,250],[0.50956183491379314,0.83483940735785345,23],[0.13266758720020894,0.93920599541428373,222],[-0.13266758720020894,0.060794004585716266,303],[-0.79060916414015492,0.70356812637399413,13],[0.53771163007506728,0.903130717287709,221],[-0.64218387317111758,0.20362571248241457,334],[0.64218387317111758,0.79637428751758543,55],[0.63245477663121918,0.49832931389359658,263],[0.79060916414015492,0.29643187362600587,55],[-0.63245477663121918,0.50167068610640342,303],[-0.53771163007506728,0.096869282712291,66],[0.40486417707610628,0.70890083918117064,141],[0.89460170661236316,0.59866295785107393,130],[-0.40972219194510057,0.875538059671937,144],[-0.70297147515986658,0.64500140617346369,357],[-0.40486417707610628,0.29109916081882936,72],[0.70297147515986658,0.35499859382653631,133],[0.40972219194510057,0.12446194032806301,277],[-0.89460170661236316,0.40133704214892607,161],[0.11922121488072239,0.48142844283980135,201],[0.63890861386868125,0.67195511203329683,275],[0.33342424170841028,0.82267220198977442,360],[-0.33342424170841028,0.17732779801022558,295],[0.6148779753380289,0.72048129009512574,159],[-0.6148779753380289,0.27951870990487426,124],[-0.63890861386868125,0.32804488796670317,121],[-0.11922121488072239,0.51857155716019865,317]],"learnOrder":[0,6,8,2,3,5,4,7,1,8,5,3,2,7,1,6,4,4,6,8,5,3,2,7,1,8,6,1,3,2,7,5,4,1,5,6,4,8,2,3,7,6,4,5,1,3,2,7,8,3,5,6,4,7,8,2,1,5,8,2,6,3,7,4,1]},"distEstPair":{"pairList":[[0,0],[1,3],[2,4],[7,8],[4,7],[5,8],[6,8],[3,7],[2,3],[5,7],[3,6],[1,6],[4,6],[1,7],[1,4],[4,5],[2,5],[4,8],[2,6],[1,5],[5,6],[3,8],[1,2],[3,4],[2,8],[1,8],[3,5],[2,7],[6,7],[4,3],[8,1],[6,1],[7,4],[6,4],[7,2],[7,3],[8,3],[4,1],[6,3],[3,1],[4,2],[7,5],[8,4],[7,1],[5,3],[8,7],[7,6],[5,1],[2,1],[6,2],[8,5],[5,4],[8,6],[6,5],[3,2],[5,2],[8,2]]},"distEst2AFC":{"triplet":[[0,0,0],[7,1,6],[5,6,3],[3,5,2],[1,7,2],[3,2,5],[1,7,2],[8,6,7],[1,2,7],[4,1,7],[2,3,4],[7,1,6],[5,3,6],[1,2,7],[5,6,7],[4,2,7],[3,5,2],[5,3,6],[2,4,5],[3,2,5],[6,8,1],[7,6,1],[6,2,8],[5,6,3],[7,6,1]]}}