{"objLoc":[[0,0,0],[0,0.95,322],[0.9,0.95,120],[0.9,0.05,296],[0.7,0.75,16],[0,0.05,39],[-0.9,0.05,215],[-0.9,0.95,191],[-0.7,0.25,151]],"objIdentity":[0,1,3,5,6,2,7,4,8],"familiarise":{"path":[[0,0.5,296],[0.5,0.9,149],[0.9,0.1,316],[-0.9,0.2,297],[-0.7,0.7,20],[0.5,0.5,259],[0,0.2,289],[-0.2,0.8,266],[-0.5,0.1,256],[0.7,0.4,195],[0.9,0.9,45],[-0.5,0.5,345],[0.5,0.9,146],[0.5,0.1,79],[-0.6,0.8,259]]},"objlocLearn":{"learnOrder":[0,8,2,7,4,3,5,6,1],"startLoc":[[0,0,0],[0.5,0.5,60],[-0.1,0.5,180],[-0.5,0.1,0],[-0.5,0.5,50],[0.5,0.9,240],[-0.1,0.9,300],[0.1,0.5,190],[0.1,0.1,10]]},"objlocTestRun1":{"startLoc":[[0,0,0],[-0.44599658305593665,0.779803596018622,305],[-0.35073320638133515,0.82672736638940769,181],[-0.18030533100841589,0.18346237934084886,175],[0.18030533100841589,0.81653762065915114,326],[0.35073320638133515,0.17327263361059231,330],[0.44599658305593665,0.22019640398137796,87],[-0.18530223283013131,0.72185964546648651,7],[0.18530223283013131,0.27814035453351349,242],[0.32090225916993348,0.190194421259688,98],[-0.32090225916993348,0.809805578740312,6],[0.42573407808220759,0.41549701645255038,35],[-0.11108657462592082,0.45796295635116291,151],[-0.42573407808220759,0.58450298354744956,44],[0.11108657462592082,0.54203704364883709,75],[0.34634554828170921,0.19713987568815661,269],[-0.34634554828170921,0.80286012431184339,165],[0.92982171173200445,0.4554493526706494,41],[-0.92982171173200445,0.54455064732935066,78],[-0.25113314802518688,0.79534101658905243,335],[0.25113314802518688,0.20465898341094757,3],[0.21854566521251456,0.84673767176363457,232],[0.28162795802637003,0.27645272885343025,233],[-0.28162795802637003,0.7235472711465698,245],[-0.21854566521251456,0.15326232823636543,209],[0.42493412707798589,0.83690749250003837,283],[-0.045393140780646088,0.41374098920545527,296],[0.30153647668215028,0.35599116321914193,233],[-0.42493412707798589,0.16309250749996163,65],[-0.23976397520932952,0.688665745552282,262],[0.23976397520932952,0.311334254447718,103],[-0.30153647668215028,0.64400883678085807,303],[0.045393140780646088,0.58625901079454468,206],[-0.45957900634311727,0.20666003974773473,31],[-0.11928405103608482,0.70939489516345056,328],[0.45957900634311727,0.79333996025226527,167],[-0.65441194052569962,0.40652009896360486,340],[0.79332874870775383,0.59146437306984512,15],[0.11928405103608482,0.29060510483654944,39],[-0.79332874870775383,0.40853562693015488,273],[0.65441194052569962,0.59347990103639514,16],[-0.34813667792651909,0.82465555505812482,163],[0.51467383598497141,0.73827588515042042,294],[0.16570601285389691,0.15532973198117767,151],[-0.16570601285389691,0.84467026801882228,69],[-0.52256636378208077,0.78853428901441491,304],[0.34813667792651909,0.17534444494187518,39],[0.52256636378208077,0.21146571098558514,104],[-0.51467383598497141,0.26172411484957958,79],[0.41066717124037505,0.77941202866665749,168],[-0.41066717124037505,0.22058797133334251,116],[-0.38536760905698125,0.89704643885227575,328],[0.399855637341276,0.23407093206061952,283],[0.53818767554124158,0.59719668875086351,255],[-0.399855637341276,0.76592906793938043,51],[0.38536760905698125,0.10295356114772428,221],[-0.53818767554124158,0.40280331124913649,307],[-0.018301192811396791,0.082947677392409686,333],[0.054623167002901526,0.6486745599476389,239],[-0.31946169617118975,0.10544665400007391,94],[0.5839355979726899,0.11768561154032331,100],[-0.5839355979726899,0.88231438845967669,229],[0.018301192811396791,0.91705232260759029,261],[-0.054623167002901526,0.35132544005236116,111],[0.31946169617118975,0.89455334599992609,245]],"learnOrder":[0,6,4,3,7,8,2,1,5,6,2,1,8,5,4,3,7,1,5,4,8,2,3,7,6,8,2,7,4,1,5,3,6,6,8,2,7,5,4,1,3,6,1,3,7,8,2,4,5,5,1,6,3,4,7,2,8,3,5,8,6,2,7,1,4]},"distEstPair":{"pairList":[[0,0],[2,4],[2,5],[7,8],[1,6],[6,8],[3,7],[5,6],[4,5],[2,6],[2,7],[2,8],[1,2],[4,7],[2,3],[4,8],[3,8],[5,7],[6,7],[3,4],[1,4],[4,6],[3,5],[3,6],[1,3],[1,7],[5,8],[1,5],[1,8],[6,3],[7,3],[8,4],[5,4],[6,4],[8,6],[8,1],[3,2],[7,4],[8,3],[6,5],[3,1],[5,1],[7,2],[6,1],[5,3],[8,7],[5,2],[2,1],[8,2],[7,6],[7,1],[4,3],[7,5],[4,2],[4,1],[8,5],[6,2]]},"distEst2AFC":{"triplet":[[0,0,0],[7,6,1],[1,2,7],[2,4,5],[5,3,6],[8,6,7],[4,1,7],[1,7,2],[5,6,3],[1,2,7],[3,2,5],[1,7,2],[5,6,3],[5,6,7],[4,2,7],[6,8,1],[3,2,5],[7,6,1],[3,5,2],[6,2,8],[7,1,6],[5,3,6],[7,1,6],[2,3,4],[3,5,2]]}}