{"objLoc":[[0,0,0],[0.1,0.9,14],[0.9,0.9,281],[0.9,0.1,34],[0.7,0.7,228],[-0.1,0.1,6],[-0.9,0.1,338],[-0.9,0.9,154],[-0.7,0.3,92]],"objIdentity":[0,3,1,2,6,4,7,8,5],"familiarise":{"path":[[0,0.5,180],[0.32139380484326963,0.883022221559489,113],[-0.17586714284086702,0.83075798992566219,150],[-0.33037564002834074,0.35522973177808542,166],[0.15680939236427688,0.46770525895001791,271],[0.6439944247568945,0.58018078612195045,38],[0.82317839952954464,0.11339057287334958,20],[-0.66860444352286519,0.27018326777482982,312],[0.83116709921172183,0.24400465811890454,20],[-0.1198894170834317,0.55302165249385193,296],[0.36307349606110245,0.42361212994259156,253],[0.14388792266656372,0.87300915309217508,290],[0.63902195703734888,0.80342260261214238,47],[0.14274888121668788,0.8643572743147161,133],[0.5800587347863857,0.62195246419154759,246],[0.16072345081367367,0.34963294668403405,173]]},"objlocLearn":{"learnOrder":[0,1,8,2,4,5,7,3,6],"startLoc":[[0,0,0],[0.1,0.1,10],[0.5,0.5,60],[-0.1,0.5,180],[-0.5,0.5,50],[-0.1,0.9,300],[-0.5,0.1,0],[0.5,0.9,240],[0.1,0.5,190]]},"objlocTestRun1":{"startLoc":[[0,0,0],[0.067338184970654871,0.80983890507255885,83],[0.75050476393804644,0.83160280802273778,322],[-0.067338184970654871,0.19016109492744115,175],[-0.54969952086153273,0.94773020515479089,174],[-0.038457855013014644,0.39195289135952094,292],[-0.75050476393804644,0.16839719197726222,310],[0.038457855013014644,0.60804710864047906,348],[0.54969952086153273,0.052269794845209133,65],[0.17915804363538296,0.21082552838459312,200],[-0.17915804363538296,0.78917447161540688,48],[-0.29674364974888517,0.17897819165333667,178],[0.097893632583513621,0.46100739697210535,13],[0.75766021039170406,0.12906417958585037,152],[-0.75766021039170406,0.87093582041414963,180],[0.29674364974888517,0.82102180834666338,104],[-0.097893632583513621,0.53899260302789465,70],[-0.095923544024952331,0.907719984596294,346],[0.18188233691611705,0.69712710943564726,235],[-0.32929330758441472,0.88595952622440188,269],[0.095923544024952331,0.092280015403706,294],[-0.92536479973983732,0.083599286681130924,219],[0.92536479973983732,0.91640071331886908,139],[-0.18188233691611705,0.30287289056435274,77],[0.32929330758441472,0.11404047377559812,15]],"learnOrder":[0,4,3,8,5,6,7,2,1,6,2,1,7,4,8,5,3,2,4,1,6,7,3,8,5]},"objlocTestRun2":{"startLoc":[[0,0,0],[0.37160588731957461,0.060729488497512807,209],[0.20200720702225666,0.68765703638270848,315],[0.24277391051128733,0.86668455653183962,12],[-0.22750090979977972,0.080808694866183584,28],[0.22750090979977972,0.91919130513381642,161],[-0.37160588731957461,0.93927051150248719,247],[-0.20200720702225666,0.31234296361729152,1],[-0.24277391051128733,0.13331544346816038,162],[-0.067058990776668256,0.18718202824774061,119],[-0.72506963622687559,0.86714438209857436,170],[-0.93912385329711623,0.627662769534459,134],[0.067058990776668256,0.81281797175225945,258],[-0.054520293442426884,0.3957264620244072,112],[0.054520293442426884,0.6042735379755928,266],[0.72506963622687559,0.13285561790142567,61],[0.93912385329711623,0.372337230465541,2],[0.15863675193512677,0.62329276147958135,327],[0.036138026718238583,0.46514145573616067,117],[-0.036138026718238583,0.53485854426383939,181],[-0.15863675193512677,0.37670723852041865,70],[0.73422777017490959,0.37488448495091381,206],[0.61391575393648357,0.511422619234753,163],[-0.61391575393648357,0.48857738076524704,155],[-0.73422777017490959,0.62511551504908613,239]],"learnOrder":[0,5,2,3,8,4,1,6,7,4,6,1,8,7,3,2,5,1,3,7,5,2,8,4,6]},"distEstPair":{"pairList":[[0,0],[2,1],[3,1],[4,7],[3,6],[1,5],[5,2],[6,4],[3,5],[6,8],[1,3],[1,4],[7,1],[5,4],[1,2],[4,2],[7,5],[8,1],[3,2],[7,8],[7,3],[7,6],[3,4],[6,7],[2,7],[2,8],[1,6],[6,2],[5,7],[2,3],[4,8],[8,6],[4,3],[8,3],[4,1],[5,8],[2,4],[5,6],[8,5],[6,5],[8,7]]},"distEstEgo":{"pairList":[[0,0],[5,6],[2,3],[1,2],[6,5],[6,7],[3,2],[2,8],[7,6],[4,2],[7,3],[8,6],[2,1]]},"distEst2AFC":{"triplet":[[0,0,0],[8,7,5],[4,1,3],[1,4,3],[2,1,3],[3,7,1],[4,3,1],[2,3,1],[5,8,7],[7,3,5],[4,1,3],[8,5,7],[3,4,6],[6,7,5],[1,3,2],[8,7,5],[6,5,7],[4,3,1],[7,8,2],[6,7,5],[2,1,3],[5,7,6],[2,3,1],[8,5,7],[6,5,7]]}}