{"objLoc":[[0,0,0],[0,0.95,212],[0.9,0.95,324],[0.9,0.05,321],[0.7,0.75,294],[0,0.05,13],[-0.9,0.05,250],[-0.9,0.95,137],[-0.7,0.25,187]],"objIdentity":[0,8,2,3,1,4,7,5,6],"familiarise":{"path":[[0,0.5,43],[0.5,0.9,271],[0.9,0.1,87],[-0.9,0.2,92],[-0.7,0.7,309],[0.5,0.5,342],[0,0.2,203],[-0.2,0.8,65],[-0.5,0.1,278],[0.7,0.4,178],[0.9,0.9,228],[-0.5,0.5,303],[0.5,0.9,166],[0.5,0.1,180],[-0.6,0.8,245]]},"objlocLearn":{"learnOrder":[0,3,8,2,6,5,7,1,4],"startLoc":[[0,0,0],[0.5,0.9,240],[0.5,0.5,60],[-0.1,0.5,180],[0.1,0.5,190],[-0.1,0.9,300],[-0.5,0.1,0],[0.1,0.1,10],[-0.5,0.5,50]]},"objlocTestRun1":{"startLoc":[[0,0,0],[0.025779834139712146,0.50113205934448757,229],[-0.360028054912035,0.614168093944715,24],[-0.028675245061162438,0.11802288953420492,314],[0.072342914744643758,0.26126704586454741,130],[-0.072342914744643758,0.73873295413545259,231],[-0.025779834139712146,0.49886794065551243,327],[0.028675245061162438,0.88197711046579508,183],[0.360028054912035,0.38583190605528495,310],[-0.22881814041231813,0.24997231884448134,359],[-0.89775629720966466,0.12564770176736428,360],[-0.10915464008733662,0.6632783963781782,107],[-0.15436099644996543,0.25406925142423631,92],[0.10915464008733662,0.3367216036218218,79],[0.89775629720966466,0.87435229823263572,168],[0.22881814041231813,0.75002768115551866,316],[0.15436099644996543,0.74593074857576369,158],[-0.199797880368988,0.28217712727866667,78],[0.199797880368988,0.71782287272133338,178],[-0.077122015269029329,0.39182499923227759,334],[0.077122015269029329,0.60817500076772246,41],[0.16614888399440914,0.449937795287282,140],[-0.16614888399440914,0.55006220471271794,144],[-0.14691390074458427,0.792918276137713,111],[0.14691390074458427,0.20708172386228696,20],[-0.2177313327177744,0.36891136602670876,77],[-0.39540481324792992,0.551505976238293,338],[0.39540481324792992,0.448494023761707,87],[-0.15625813424190954,0.80453416060059135,6],[0.2177313327177744,0.63108863397329129,154],[0.11195571372798656,0.32540776573182939,224],[0.15625813424190954,0.19546583939940865,130],[-0.11195571372798656,0.67459223426817061,346],[-0.71930690155044363,0.6397235356937041,55],[-0.18645425755353745,0.20675878046959073,343],[0.71930690155044363,0.3602764643062959,173],[-0.43061785004822245,0.28874051827869884,291],[0.43061785004822245,0.71125948172130116,228],[0.18645425755353745,0.79324121953040927,65],[-0.13665080733016949,0.40555866339849855,14],[0.13665080733016949,0.59444133660150145,341],[0.38589101087974237,0.52460384426139639,321],[0.219980993703159,0.0991436797004771,264],[-0.219980993703159,0.90085632029952289,166],[-0.65285573482920023,0.71087046738534787,152],[0.6547964568802227,0.38644142824666838,303],[0.65285573482920023,0.28912953261465213,175],[-0.6547964568802227,0.61355857175333162,145],[-0.38589101087974237,0.47539615573860361,137],[0.3027022156030818,0.29146157030759279,341],[-0.55797160313906491,0.71796680108321986,236],[0.17357747905023774,0.24918088607300282,61],[-0.3027022156030818,0.70853842969240721,267],[-0.24399614524676255,0.4243486622067934,137],[0.55797160313906491,0.28203319891678008,291],[-0.17357747905023774,0.75081911392699718,135],[0.24399614524676255,0.57565133779320665,75],[0.25932518976140123,0.81062647101431973,177],[-0.57754407846091627,0.2425357008258342,70],[-0.20475745089474534,0.906658366986842,67],[-0.25932518976140123,0.18937352898568027,109],[0.20475745089474534,0.093341633013157954,214],[0.57754407846091627,0.7574642991741658,179],[-0.14336549490987677,0.64652435855043444,330],[0.14336549490987677,0.35347564144956556,233],[-0.37145121490622163,0.68065531011377534,47],[0.37145121490622163,0.31934468988622466,294],[0.17534533544604453,0.648040282543043,77],[-0.27550864425426164,0.12617447432056045,16],[-0.17534533544604453,0.351959717456957,126],[0.92990776406111486,0.7618685110100627,252],[0.27550864425426164,0.87382552567943961,95],[-0.92990776406111486,0.2381314889899373,116],[0.27847784487365707,0.43307283106764577,345],[0.43922067384675784,0.94694076909806713,355],[0.45008602257793079,0.82975086117529062,230],[-0.27847784487365707,0.56692716893235429,272],[0.64389947057213393,0.081983324004357441,347],[-0.43922067384675784,0.053059230901932875,298],[-0.64389947057213393,0.91801667599564252,80],[-0.45008602257793079,0.17024913882470938,86]],"learnOrder":[0,2,1,7,8,4,6,3,5,6,8,5,7,1,4,2,3,1,5,2,6,4,8,3,7,3,2,6,5,7,8,1,4,6,5,2,8,4,1,3,7,2,8,4,1,3,5,7,6,2,8,5,6,3,4,1,7,4,5,6,8,2,1,3,7,6,2,1,3,5,4,7,8,1,3,4,5,2,7,6,8]},"distEstPair":{"pairList":[[0,0],[1,8],[2,4],[1,6],[3,6],[2,3],[3,8],[4,5],[2,5],[7,8],[4,7],[1,2],[2,6],[6,7],[5,6],[3,4],[1,4],[5,8],[5,7],[6,8],[3,7],[1,7],[4,8],[3,5],[1,5],[2,8],[4,6],[2,7],[1,3],[7,1],[3,2],[8,3],[5,2],[8,2],[8,7],[8,6],[4,2],[4,3],[4,1],[6,2],[6,1],[2,1],[7,4],[5,3],[6,5],[7,6],[6,3],[5,4],[7,5],[5,1],[8,1],[3,1],[6,4],[7,3],[8,5],[7,2],[8,4]]},"distEst2AFC":{"triplet":[[0,0,0],[5,3,6],[3,2,5],[7,1,6],[3,5,2],[7,1,6],[6,8,1],[6,2,8],[2,4,5],[8,6,7],[3,2,5],[4,1,7],[5,6,7],[5,6,3],[4,2,7],[1,2,7],[2,3,4],[5,6,3],[1,7,2],[7,6,1],[1,2,7],[5,3,6],[1,7,2],[7,6,1],[3,5,2]]}}