{"objLoc":[[0,0,0],[0.1,0.9,199],[0.9,0.9,255],[0.9,0.1,105],[0.7,0.7,184],[-0.1,0.1,322],[-0.9,0.1,323],[-0.9,0.9,46],[-0.7,0.3,75]],"objIdentity":[0,3,1,6,2,4,8,5,7],"familiarise":{"path":[[0,0.5,283],[-0.46359192728339371,0.312696703292044,350],[-0.896604629175613,0.562696703292044,307],[0.030579225391174414,0.188090109876132,196],[0.859616797946216,0.74728301334687885,33],[-0.0739636285509857,0.38891506380157859,176],[-0.21178230645948529,0.869545911770738,335],[0.431005303227054,0.10350146865176002,284],[-0.049625544742105454,0.2413201465602596,175],[0.096560307619262931,0.71947252454177735,164],[-0.794446216569105,0.26548202480223054,79],[-0.77699646821785451,0.76517743831177842,64],[-0.29884409023633679,0.61899158595041,27],[0.56718131354810186,0.11899158595041004,322],[-0.10194929281075638,0.86213641142780428,231],[-0.17153584329078908,0.3670023770570191,52]]},"objlocLearn":{"learnOrder":[0,2,3,7,1,6,5,8,4],"startLoc":[[0,0,0],[-0.1,0.5,180],[0.5,0.9,240],[-0.5,0.1,0],[0.1,0.1,10],[0.1,0.5,190],[-0.1,0.9,300],[0.5,0.5,60],[-0.5,0.5,50]]},"objlocTestRun1":{"startLoc":[[0,0,0],[-0.40460544710584762,0.80031909590884376,209],[-0.71670287399420252,0.8116338122859712,251],[0.69182737188022325,0.31178520124652842,141],[-0.69182737188022325,0.68821479875347158,17],[0.71670287399420252,0.18836618771402874,159],[0.86725407150302281,0.4419685005576735,134],[0.40460544710584762,0.19968090409115624,215],[-0.86725407150302281,0.55803149944232655,49],[0.72223710147369946,0.76906788729872355,82],[0.70714106595890924,0.13291843262053243,294],[-0.70714106595890924,0.86708156737946762,96],[-0.4580565721591689,0.80776971076865545,148],[-0.72223710147369946,0.23093211270127645,337],[-0.81674824033342652,0.10195833904067081,100],[0.81674824033342652,0.89804166095932914,53],[0.4580565721591689,0.19223028923134461,253],[-0.37043052676766414,0.19272234287196666,205],[-0.53969600506242421,0.7985849814120799,221],[0.53969600506242421,0.2014150185879201,16],[0.79254506428464089,0.086263531472100974,151],[0.37043052676766414,0.80727765712803334,2],[0.89608616444816325,0.38093268497311439,89],[-0.89608616444816325,0.61906731502688561,255],[-0.79254506428464089,0.913736468527899,23]],"learnOrder":[0,4,7,2,6,3,1,8,5,3,4,8,6,7,1,5,2,6,4,8,5,2,3,7,1]},"objlocTestRun2":{"startLoc":[[0,0,0],[-0.62693626594944407,0.28431056545602368,107],[0.66177740445104249,0.33318769888759758,356],[0.43158894961874766,0.37319677237714227,350],[0.62693626594944407,0.71568943454397638,174],[-0.43158894961874766,0.62680322762285767,265],[0.56061443907521968,0.73348671169886082,228],[-0.56061443907521968,0.26651328830113913,168],[-0.66177740445104249,0.66681230111240242,309],[-0.62293932270069963,0.0812946662654761,63],[-0.419340265990973,0.437733519816614,299],[0.419340265990973,0.562266480183386,16],[-0.36475727255840112,0.14398670467221475,313],[0.43071052783137581,0.17552041176421429,244],[0.62293932270069963,0.9187053337345239,161],[0.36475727255840112,0.85601329532778525,242],[-0.43071052783137581,0.82447958823578571,166],[0.3777389969228046,0.48424733759644689,281],[0.074948350502866926,0.1360101335059522,41],[0.3537436810568782,0.57237551898534988,183],[-0.30269187952569693,0.10820587819125493,314],[0.30269187952569693,0.89179412180874507,334],[-0.3537436810568782,0.42762448101465006,80],[-0.3777389969228046,0.51575266240355311,91],[-0.074948350502866926,0.86398986649404774,326]],"learnOrder":[0,1,4,2,5,6,7,3,8,7,4,8,5,2,3,1,6,3,4,6,1,5,2,7,8]},"distEstPair":{"pairList":[[0,0],[5,6],[8,7],[2,8],[6,4],[4,1],[4,3],[4,2],[7,5],[2,3],[1,2],[5,7],[6,5],[4,7],[5,8],[1,6],[2,1],[3,4],[8,6],[4,8],[3,6],[7,3],[7,8],[6,2],[1,5],[5,2],[3,5],[2,4],[7,1],[5,4],[1,3],[1,4],[8,5],[6,8],[8,1],[7,6],[8,3],[3,1],[6,7],[3,2],[2,7]]},"distEstEgo":{"pairList":[[0,0],[3,2],[2,1],[2,3],[6,7],[7,6],[7,3],[1,2],[8,6],[6,5],[5,6],[4,2],[2,8]]},"distEst2AFC":{"triplet":[[0,0,0],[7,3,5],[8,5,7],[2,1,3],[8,7,5],[4,3,1],[2,3,1],[6,7,5],[2,3,1],[4,3,1],[6,5,7],[7,8,2],[8,5,7],[5,7,6],[2,1,3],[6,5,7],[1,4,3],[1,3,2],[6,7,5],[4,1,3],[3,4,6],[3,7,1],[8,7,5],[4,1,3],[5,8,7]]}}