{"objLoc":[[0,0,0],[0.1,0.9,81],[0.9,0.9,189],[0.9,0.1,199],[0.7,0.7,17],[-0.1,0.1,130],[-0.9,0.1,81],[-0.9,0.9,248],[-0.7,0.3,59]],"objIdentity":[0,1,4,6,7,8,3,5,2],"familiarise":{"path":[[0,0.5,150],[-0.47275928779965842,0.66278407722857835,49],[-0.035449434229960552,0.42037926710540985,187],[0.44518141373919889,0.5581979450139094,24],[0.18022178162259644,0.13417389693569642,324],[-0.80140540182506759,0.3249828923122412,34],[-0.30330805277919481,0.36856076368607027,311],[-0.74061790634889269,0.12615595356290174,266],[-0.81020445682892539,0.621289987933687,42],[0.18234169481239659,0.74315933133883449,196],[0.13007746317856986,0.24589838365469785,350],[0.28458596036604356,0.72142664180227456,89],[0.52699077048921206,0.28411678823257669,207],[0.45740422000917935,0.77925082260336187,205],[0.85672197503282577,0.47834331102733774,123],[0.41524817860336227,0.24360752963439233,43]]},"objlocLearn":{"learnOrder":[0,6,7,5,1,2,8,4,3],"startLoc":[[0,0,0],[0.1,0.5,190],[-0.5,0.1,0],[-0.1,0.9,300],[0.1,0.1,10],[-0.1,0.5,180],[0.5,0.5,60],[-0.5,0.5,50],[0.5,0.9,240]]},"objlocTestRun1":{"startLoc":[[0,0,0],[0.83885133996111749,0.49524308193904604,291],[-0.28280411188101467,0.87223338838071329,267],[0.59039631573090989,0.59163256991778246,120],[-0.59039631573090989,0.40836743008221754,27],[-0.83885133996111749,0.50475691806095391,26],[0.43185459141402521,0.93896011969865978,58],[0.28280411188101467,0.12776661161928671,210],[-0.43185459141402521,0.061039880301340221,108],[0.5856016563217179,0.34431439818263121,226],[0.3057472411778232,0.35728270126534023,28],[-0.035601651937174392,0.7863153192123562,234],[0.035601651937174392,0.2136846807876438,101],[0.45040024801095874,0.54699521138940566,54],[-0.5856016563217179,0.65568560181736879,347],[-0.45040024801095874,0.45300478861059434,303],[-0.3057472411778232,0.64271729873465977,41],[-0.49265815514103323,0.86855831764960312,144],[-0.16086575234288109,0.62285735789541186,26],[0.6277880003468348,0.22006279258064393,338],[-0.11362252489464515,0.20096456543413932,295],[-0.6277880003468348,0.779937207419356,209],[0.11362252489464515,0.79903543456586068,336],[0.49265815514103323,0.13144168235039688,174],[0.16086575234288109,0.37714264210458814,37]],"learnOrder":[0,3,6,8,4,7,1,2,5,5,6,3,7,4,1,8,2,4,1,2,7,6,3,8,5]},"objlocTestRun2":{"startLoc":[[0,0,0],[0.21126451183708345,0.38435702694256579,133],[0.93865630564121871,0.29003395785614405,347],[0.5320823507329524,0.053675923802669862,10],[0.56882996371738359,0.62171876838361251,150],[-0.56882996371738359,0.37828123161638744,89],[-0.21126451183708345,0.61564297305743421,35],[-0.5320823507329524,0.94632407619733017,224],[-0.93865630564121871,0.709966042143856,49],[0.68449588826353946,0.78120112834424926,22],[0.616930864456557,0.091230582838408764,74],[0.36084956085256742,0.23881317038598726,62],[0.550776626703174,0.57302574974348008,283],[-0.36084956085256742,0.76118682961401274,348],[-0.550776626703174,0.42697425025651992,48],[-0.68449588826353946,0.21879887165575068,87],[-0.616930864456557,0.90876941716159121,60],[-0.60992981704539417,0.33086064235232016,210],[-0.62460885728696591,0.22287294155105097,24],[0.27294912795638321,0.75161872275589292,91],[-0.27294912795638321,0.24838127724410708,345],[-0.37708197304828633,0.89623246193632744,359],[0.37708197304828633,0.10376753806367253,212],[0.60992981704539417,0.66913935764767984,273],[0.62460885728696591,0.777127058448949,307]],"learnOrder":[0,3,5,2,8,4,7,6,1,8,1,2,3,6,7,4,5,4,6,5,1,7,3,8,2]},"distEstPair":{"pairList":[[0,0],[4,1],[6,2],[6,8],[4,7],[4,8],[1,4],[1,6],[6,5],[3,6],[7,3],[5,4],[3,4],[8,3],[8,7],[7,5],[4,2],[8,5],[7,6],[2,8],[7,8],[3,1],[6,7],[5,6],[8,1],[5,2],[5,7],[3,5],[4,3],[2,3],[2,1],[2,4],[7,1],[1,2],[6,4],[5,8],[8,6],[3,2],[1,5],[1,3],[2,7]]},"distEstEgo":{"pairList":[[0,0],[7,6],[6,5],[4,2],[8,6],[2,3],[5,6],[6,7],[3,2],[2,8],[7,3],[2,1],[1,2]]},"distEst2AFC":{"triplet":[[0,0,0],[6,7,5],[4,3,1],[5,7,6],[1,3,2],[2,1,3],[1,4,3],[7,3,5],[3,7,1],[4,3,1],[6,5,7],[8,5,7],[2,3,1],[8,7,5],[2,1,3],[8,5,7],[4,1,3],[5,8,7],[3,4,6],[8,7,5],[4,1,3],[6,7,5],[7,8,2],[6,5,7],[2,3,1]]}}