{"objLoc":[[0,0,0],[0.1,0.9,151],[0.9,0.9,260],[0.9,0.1,1],[0.7,0.7,109],[-0.1,0.1,53],[-0.9,0.1,34],[-0.9,0.9,68],[-0.7,0.3,125]],"objIdentity":[0,7,5,1,3,2,8,4,6],"familiarise":{"path":[[0,0.5,224],[0.48296291314453416,0.62940952255126037,299],[0.84863976395411944,0.28841034252001108,57],[0.40716596752465595,0.52314612391295645,7],[-0.068362290622920818,0.67765462110043018,26],[-0.27967142149327051,0.22450072758210521,176],[-0.33193565312709727,0.72176167526624191,219],[-0.81912068551971484,0.60928614809430937,205],[-0.63993671074706471,0.14249593484570849,115],[0.86006328925293529,0.14249593484570849,356],[0.868789492471577,0.64241978242390418,209],[-0.58665409694241777,0.27953693902440258,137],[-0.68205859463069018,0.77035053074823456,199],[0.30274915838151784,0.59670235308130426,269],[0.19027363120958535,0.10951732068868664,241],[-0.30942178229996253,0.12696706903993712,96]]},"objlocLearn":{"learnOrder":[0,1,6,4,7,2,3,5,8],"startLoc":[[0,0,0],[0.1,0.1,10],[0.1,0.5,190],[-0.5,0.5,50],[-0.5,0.1,0],[-0.1,0.5,180],[0.5,0.9,240],[-0.1,0.9,300],[0.5,0.5,60]]},"objlocTestRun1":{"startLoc":[[0,0,0],[0.5824748630156773,0.37448520720805378,117],[0.018518307022137345,0.41080072311870941,315],[-0.19818991754794907,0.45540687064229368,305],[0.19818991754794907,0.54459312935770632,194],[-0.5824748630156773,0.62551479279194622,312],[0.14195185894539425,0.61526857847661542,342],[-0.14195185894539425,0.38473142152338458,298],[-0.018518307022137345,0.58919927688129059,308],[0.4497361360744892,0.89063501838437853,36],[-0.40740506477818156,0.57815000659047466,235],[0.12601493692002935,0.22337552400364269,254],[-0.12601493692002935,0.77662447599635731,220],[0.40740506477818156,0.42184999340952534,288],[0.19973633544524577,0.0830637244033593,13],[-0.4497361360744892,0.10936498161562141,278],[-0.19973633544524577,0.9169362755966407,264],[-0.4750413510350539,0.17751754721386181,94],[0.35103487411879147,0.14640016232736375,93],[-0.62151939522439159,0.93648291733208988,228],[-0.35103487411879147,0.85359983767263625,125],[-0.4466253302484719,0.25503977341107786,287],[0.4466253302484719,0.74496022658892214,161],[0.62151939522439159,0.063517082667910146,282],[0.4750413510350539,0.82248245278613819,357],[-0.2950003599017425,0.89609673410003055,109],[0.48465615808859214,0.67825152360257279,52],[0.77485011975669571,0.88877486227715363,325],[-0.48465615808859214,0.32174847639742721,195],[-0.14792870904061733,0.78439081853528148,351],[-0.77485011975669571,0.11122513772284637,230],[0.2950003599017425,0.10390326589996945,358],[0.14792870904061733,0.21560918146471858,197],[-0.9234920113463656,0.26092587750927848,190],[0.69251091710373958,0.34041289715307183,49],[-0.15582694189945195,0.1590512140293403,129],[0.54706554426845821,0.60082805934044059,10],[0.15582694189945195,0.8409487859706597,58],[0.9234920113463656,0.73907412249072157,269],[-0.69251091710373958,0.65958710284692823,11],[-0.54706554426845821,0.39917194065955941,132],[0.65499544624522144,0.86485308683778439,311],[0.34023078947431612,0.87674160017977332,250],[-0.65499544624522144,0.13514691316221561,249],[-0.34023078947431612,0.12325839982022668,68],[0.85533462656945125,0.55098786937564082,160],[0.3244987024964156,0.45578654277201425,210],[-0.85533462656945125,0.44901213062435918,357],[-0.3244987024964156,0.54421345722798575,74],[-0.22400477114011735,0.41973021492996704,90],[0.23449740198302854,0.073594815477509679,95],[-0.23449740198302854,0.92640518452249032,271],[0.78965206455592152,0.62740958805170388,165],[0.07622749494806684,0.458287865581664,21],[-0.78965206455592152,0.37259041194829612,184],[-0.07622749494806684,0.541712134418336,77],[0.22400477114011735,0.58026978507003291,288],[0.18718879140787287,0.66435444863755078,108],[0.19896059185070064,0.79596122718262374,10],[0.20898534313163214,0.51260839961278126,214],[-0.56734682318887475,0.69285303343926719,304],[-0.20898534313163214,0.48739160038721879,138],[0.56734682318887475,0.30714696656073281,270],[-0.18718879140787287,0.33564555136244922,185],[-0.19896059185070064,0.20403877281737626,195]],"learnOrder":[0,5,7,6,2,1,4,8,3,5,4,7,3,8,6,1,2,8,7,6,3,5,1,2,4,2,4,1,8,7,5,6,3,1,4,6,3,2,5,8,7,2,3,6,7,1,4,5,8,4,7,3,1,6,5,2,8,8,3,5,6,1,2,4,7]},"distEstPair":{"pairList":[[0,0],[5,6],[6,8],[1,4],[5,7],[4,8],[2,4],[2,6],[6,7],[4,7],[1,8],[2,3],[3,6],[2,5],[3,8],[5,8],[1,6],[4,6],[2,7],[3,4],[1,5],[7,8],[3,5],[2,8],[1,3],[4,5],[3,7],[1,7],[1,2],[7,1],[6,4],[5,4],[6,2],[7,6],[8,1],[8,2],[2,1],[5,2],[4,1],[3,2],[4,3],[4,2],[6,5],[6,3],[8,3],[8,6],[8,7],[3,1],[6,1],[7,4],[5,1],[5,3],[7,3],[8,4],[7,5],[7,2],[8,5]]},"distEst2AFC":{"triplet":[[0,0,0],[7,1,6],[3,5,2],[2,6,1],[1,5,7],[5,3,6],[3,5,2],[4,1,6],[1,5,7],[5,4,3],[2,1,3],[7,1,6],[6,5,7],[1,7,5],[5,6,3],[2,1,3],[5,3,1],[5,3,4],[5,1,3],[4,7,2],[5,6,3],[5,4,3],[2,3,1],[6,5,7],[7,6,1],[6,3,8],[1,7,5],[5,3,6],[8,2,6],[6,7,5],[2,4,6],[5,3,1],[3,2,5],[8,6,4],[5,1,3],[2,3,1],[3,2,5],[6,7,5],[7,6,1],[5,3,4],[6,8,2]]}}