{"objLoc":[[0,0,0],[0,0.95,111],[0.9,0.95,187],[0.9,0.05,277],[0.7,0.75,285],[0,0.05,314],[-0.9,0.05,68],[-0.9,0.95,98],[-0.7,0.25,179]],"objIdentity":[0,3,2,7,5,8,4,1,6],"familiarise":{"path":[[0,0.5,347],[0.5,0.9,329],[0.9,0.1,205],[-0.9,0.2,175],[-0.7,0.7,236],[0.5,0.5,194],[0,0.2,359],[-0.2,0.8,52],[-0.5,0.1,352],[0.7,0.4,224],[0.9,0.9,260],[-0.5,0.5,107],[0.5,0.9,217],[0.5,0.1,271],[-0.6,0.8,231]]},"objlocLearn":{"learnOrder":[0,7,6,4,8,3,5,2,1],"startLoc":[[0,0,0],[-0.5,0.1,0],[0.1,0.5,190],[-0.5,0.5,50],[0.5,0.5,60],[0.5,0.9,240],[-0.1,0.9,300],[-0.1,0.5,180],[0.1,0.1,10]]},"objlocTestRun1":{"startLoc":[[0,0,0],[-0.044155571145348585,0.82952677601247859,142],[-0.0734704827099411,0.68053713295130169,314],[-0.172786960913132,0.5543646325565329,108],[0.11822695245436925,0.41973113216996938,282],[0.172786960913132,0.4456353674434671,358],[0.0734704827099411,0.31946286704869831,108],[0.044155571145348585,0.17047322398752141,307],[-0.11822695245436925,0.58026886783003062,327],[-0.67325249856651759,0.86295299255165181,314],[0.67325249856651759,0.13704700744834816,191],[0.54197629898624933,0.5485244987166884,65],[0.25217792862388272,0.906726471653246,264],[-0.25217792862388272,0.093273528346753953,16],[-0.54197629898624933,0.4514755012833116,183],[0.087571844697107035,0.27923198325708964,28],[-0.087571844697107035,0.72076801674291036,112],[0.38685763694415159,0.39897994206203036,276],[-0.22971603729041207,0.43378857820024463,227],[0.22971603729041207,0.56621142179975537,289],[-0.38685763694415159,0.60102005793796964,224],[0.05008368269861925,0.353135514698033,123],[-0.05008368269861925,0.64686448530196694,81],[-0.27674854104139274,0.92625959413544123,8],[0.27674854104139274,0.073740405864558767,126],[0.80173564233333838,0.92179983957403788,334],[-0.34127846979491622,0.12782730083755989,227],[-0.015785085187629069,0.0585770665058889,184],[0.34127846979491622,0.87217269916244011,281],[0.015785085187629069,0.9414229334941111,45],[0.44889322596625386,0.93927077414981042,171],[-0.44889322596625386,0.060729225850189583,262],[-0.80173564233333838,0.078200160425962117,288],[0.85318286863175519,0.15479970787158204,42],[0.38304466076752791,0.10257650486282976,147],[-0.38304466076752791,0.89742349513717024,19],[-0.25320112378762255,0.62175231719719881,327],[-0.46164627423272858,0.14333836113299669,171],[-0.85318286863175519,0.845200292128418,63],[0.46164627423272858,0.85666163886700331,282],[0.25320112378762255,0.37824768280280124,310],[0.63432819636723692,0.54997887639404719,181],[-0.11312007673768294,0.51296847292627268,230],[0.11312007673768294,0.48703152707372732,236],[0.51295190474645147,0.26565388672202683,26],[-0.28106261546622141,0.30006704557583247,85],[-0.51295190474645147,0.73434611327797317,93],[-0.63432819636723692,0.45002112360595281,130],[0.28106261546622141,0.69993295442416747,11],[-0.76792923267221269,0.77041954511448063,317],[-0.75275197444265085,0.21766758918166318,118],[0.76792923267221269,0.22958045488551937,221],[-0.3539166746949956,0.62615636888852622,354],[0.3539166746949956,0.37384363111147378,339],[0.75275197444265085,0.78233241081833682,335],[0.5119816197832161,0.29806467135227332,235],[-0.5119816197832161,0.70193532864772668,331],[0.48016850456193322,0.90760750332136608,162],[0.13329673382690405,0.71135287973531636,284],[-0.024894183969125613,0.2943056362958395,50],[0.024894183969125613,0.7056943637041605,212],[-0.3942913369783298,0.12675038744538547,191],[-0.13329673382690405,0.2886471202646837,135],[-0.48016850456193322,0.092392496678633917,184],[0.3942913369783298,0.87324961255461453,54],[-0.27558835108837426,0.745595358112375,225],[-0.55210584564490817,0.782051677067787,174],[-0.013794087840755018,0.11336867411954266,291],[0.84722896021891358,0.41880322778757473,20],[0.55210584564490817,0.217948322932213,265],[-0.84722896021891358,0.58119677221242527,68],[0.27558835108837426,0.254404641887625,107],[0.013794087840755018,0.88663132588045734,131],[0.44127102726170891,0.17298195987736731,324],[0.022889182688589596,0.12330417909532498,345],[-0.022889182688589596,0.876695820904675,48],[-0.44127102726170891,0.82701804012263269,164],[-0.83339626701044689,0.61688323307505788,356],[0.026509333261532222,0.67559251218657568,329],[0.83339626701044689,0.38311676692494212,215],[-0.026509333261532222,0.32440748781342432,78]],"learnOrder":[0,6,3,1,8,5,7,2,4,5,1,4,2,6,8,7,3,7,8,4,3,2,6,1,5,1,7,6,3,2,4,8,5,5,4,8,6,3,1,7,2,3,8,4,1,2,5,7,6,4,1,8,2,6,5,3,7,1,8,2,6,3,4,5,7,7,5,4,2,1,6,3,8,6,1,5,2,8,3,4,7]},"distEstPair":{"pairList":[[0,0],[2,8],[4,5],[3,7],[2,6],[6,8],[1,6],[1,3],[3,6],[6,7],[1,5],[2,4],[1,4],[7,8],[3,8],[3,5],[2,5],[5,7],[4,7],[2,7],[4,6],[4,8],[3,4],[1,8],[5,8],[1,7],[2,3],[1,2],[5,6],[7,4],[6,5],[7,6],[8,6],[7,2],[8,1],[8,4],[7,1],[7,5],[8,2],[6,3],[5,2],[3,2],[4,3],[4,2],[6,2],[8,5],[7,3],[2,1],[6,4],[3,1],[5,4],[5,1],[5,3],[8,7],[6,1],[8,3],[4,1]]},"distEst2AFC":{"triplet":[[0,0,0],[7,6,1],[6,8,1],[7,1,6],[1,7,2],[2,4,5],[3,5,2],[1,2,7],[3,2,5],[8,6,7],[5,6,3],[1,7,2],[5,6,3],[7,1,6],[5,3,6],[7,6,1],[5,3,6],[5,6,7],[3,5,2],[6,2,8],[3,2,5],[4,2,7],[4,1,7],[1,2,7],[2,3,4]]}}