{"objLoc":[[0,0,0],[0.1,0.9,36],[0.9,0.9,275],[0.9,0.1,89],[0.7,0.7,50],[-0.1,0.1,120],[-0.9,0.1,30],[-0.9,0.9,242],[-0.7,0.3,291]],"objIdentity":[0,7,3,6,8,5,4,2,1],"familiarise":{"path":[[0,0.5,67],[-0.48907380036690284,0.3960441545911203,176],[0.456444775232414,0.721612309048277,22],[0.3524889298235343,0.23253850868137416,16],[-0.11430128342506657,0.41172248345402429,241],[0.089067038112833535,0.86849521227532467,26],[-0.41085680946536207,0.87722141549396637,214],[0.5768315311297757,0.72078695045373553,269],[0.357645957735237,0.271389927304152,305],[0.063753331589000428,0.67589842449162574,185],[0.37841352711391912,0.28732544376314029,45],[0.12841352711391912,0.72033814565535959,85],[0.61922711883775117,0.815742643343632,99],[0.15563519155435745,0.628439346635676,300],[-0.33676868495174656,0.54161525780221087,273],[-0.70244553576133173,0.88261443783346016,94]]},"objlocLearn":{"learnOrder":[0,3,2,7,5,4,8,1,6],"startLoc":[[0,0,0],[0.5,0.9,240],[-0.1,0.5,180],[-0.5,0.1,0],[-0.1,0.9,300],[-0.5,0.5,50],[0.5,0.5,60],[0.1,0.1,10],[0.1,0.5,190]]},"objlocTestRun1":{"startLoc":[[0,0,0],[0.18128873907850312,0.13318747516791013,73],[0.79413951559542639,0.85430339400865429,2],[0.53996531303123674,0.26806748799372071,83],[0.15730980866438221,0.81245803999590516,282],[-0.53996531303123674,0.73193251200627929,47],[-0.18128873907850312,0.86681252483208993,320],[-0.15730980866438221,0.18754196000409479,276],[-0.79413951559542639,0.14569660599134573,179],[0.83446388540957339,0.90821316698736687,308],[-0.83446388540957339,0.091786833012633129,58],[-0.31650757913279731,0.25267613748510437,335],[0.54019454014846469,0.82797549724050756,226],[-0.46226722566041206,0.53802491715319711,310],[0.31650757913279731,0.74732386251489569,49],[-0.54019454014846469,0.17202450275949244,295],[0.46226722566041206,0.46197508284680289,219],[0.35095451530844496,0.81677388264968842,299],[0.70706067404373285,0.59152730464987568,300],[0.2567356370841189,0.861497571925149,140],[-0.045176846886870584,0.35632515834011758,332],[-0.2567356370841189,0.13850242807485103,166],[0.045176846886870584,0.64367484165988242,176],[-0.70706067404373285,0.40847269535012437,183],[-0.35095451530844496,0.18322611735031158,3],[-0.68140828560220723,0.85090545304652543,116],[0.5626513812748094,0.41266829328896315,153],[-0.26926684198772305,0.47620608041220747,27],[-0.5626513812748094,0.58733170671103685,83],[-0.039235926215628256,0.49927580760140272,97],[0.68140828560220723,0.14909454695347452,359],[0.039235926215628256,0.50072419239859722,44],[0.26926684198772305,0.52379391958779253,124],[-0.83746462541267119,0.56969962731318335,357],[-0.29697194375089203,0.75390130510445064,347],[0.584036561345252,0.06770448706723331,325],[0.83746462541267119,0.43030037268681665,71],[0.72847362967410179,0.56749741047667057,33],[-0.72847362967410179,0.43250258952332943,35],[0.29697194375089203,0.24609869489554936,216],[-0.584036561345252,0.93229551293276669,272],[-0.897801284416442,0.16123912269909141,244],[0.40558864990847315,0.40841682112209454,79],[0.64804716824281394,0.13213591352312615,106],[-0.31176153309396376,0.74108566632366935,182],[0.31176153309396376,0.25891433367633071,26],[-0.40558864990847315,0.59158317887790546,195],[0.897801284416442,0.83876087730090854,246],[-0.64804716824281394,0.86786408647687385,179],[-0.13339663911302185,0.14265792809530561,152],[0.11133283908171672,0.35886407372348017,245],[-0.11133283908171672,0.64113592627651983,172],[0.46797050063115736,0.10142251558565163,228],[-0.46797050063115736,0.89857748441434837,340],[0.13339663911302185,0.85734207190469436,197],[-0.9166848019881767,0.42044838446051236,261],[0.9166848019881767,0.57955161553948764,105],[-0.2470526336435736,0.62120008719163256,273],[-0.2920061082007151,0.67503510426911562,191],[0.2920061082007151,0.32496489573088438,349],[-0.018508050180301147,0.485769287207571,57],[0.052326400156186878,0.87558644785213424,303],[0.018508050180301147,0.514230712792429,59],[-0.052326400156186878,0.12441355214786572,21],[0.2470526336435736,0.37879991280836744,78]],"learnOrder":[0,3,5,6,8,2,7,4,1,3,7,2,1,8,6,5,4,6,8,5,7,1,3,4,2,5,8,6,4,3,1,7,2,8,3,6,4,5,1,7,2,1,8,3,6,2,4,5,7,3,4,8,2,6,7,1,5,8,3,7,2,5,6,1,4]},"distEstPair":{"pairList":[[0,0],[1,4],[4,5],[2,6],[1,2],[1,7],[3,5],[1,8],[4,7],[1,3],[2,4],[3,4],[6,8],[3,7],[5,7],[5,6],[2,5],[4,6],[3,8],[5,8],[1,5],[4,8],[2,7],[2,3],[7,8],[1,6],[2,8],[6,7],[3,6],[5,3],[6,3],[8,4],[8,3],[4,1],[5,4],[7,6],[7,4],[6,4],[8,5],[7,5],[7,1],[4,2],[5,1],[6,5],[8,2],[3,2],[7,2],[3,1],[8,7],[6,2],[7,3],[5,2],[8,1],[4,3],[2,1],[8,6],[6,1]]},"distEst2AFC":{"triplet":[[0,0,0],[2,3,1],[5,1,3],[3,2,5],[4,1,6],[2,3,1],[1,7,5],[3,2,5],[2,6,1],[6,7,5],[2,4,6],[2,1,3],[7,1,6],[6,8,2],[5,1,3],[6,5,7],[7,6,1],[3,5,2],[8,2,6],[8,6,4],[6,5,7],[2,1,3],[4,7,2],[1,7,5],[6,7,5],[5,3,1],[6,3,8],[7,6,1],[3,5,2],[1,5,7],[5,3,1],[7,1,6],[1,5,7]]}}