{"objLoc":[[0,0,0],[0,0.95,197],[0.9,0.95,288],[0.9,0.05,296],[0.7,0.75,44],[0,0.05,217],[-0.9,0.05,190],[-0.9,0.95,168],[-0.7,0.25,170]],"objIdentity":[0,6,1,3,7,5,2,4,8],"familiarise":{"path":[[0,0.5,227],[0.5,0.9,91],[0.9,0.1,214],[-0.9,0.2,310],[-0.7,0.7,18],[0.5,0.5,308],[0,0.2,260],[-0.2,0.8,107],[-0.5,0.1,175],[0.7,0.4,304],[0.9,0.9,217],[-0.5,0.5,57],[0.5,0.9,190],[0.5,0.1,68],[-0.6,0.8,242]]},"objlocLearn":{"learnOrder":[0,8,2,4,1,5,6,7,3],"startLoc":[[0,0,0],[0.5,0.5,60],[-0.1,0.5,180],[-0.5,0.5,50],[0.1,0.1,10],[-0.1,0.9,300],[0.1,0.5,190],[-0.5,0.1,0],[0.5,0.9,240]]},"objlocTestRun1":{"startLoc":[[0,0,0],[-0.38731837465612212,0.091556667638690747,331],[0.38731837465612212,0.90844333236130925,287],[0.66090508411403559,0.44156469470285004,87],[-0.66090508411403559,0.55843530529715,171],[0.83576908722018861,0.53706201461865133,53],[-0.26747829696226871,0.092072322817866675,145],[0.26747829696226871,0.9079276771821333,284],[-0.83576908722018861,0.46293798538134867,189],[-0.0428317698309109,0.693737583208987,330],[-0.37723428238131,0.90315404458145832,21],[-0.18661542699824102,0.51912492000018484,321],[0.18661542699824102,0.48087507999981516,333],[-0.19235094783412471,0.89699745976629841,163],[0.0428317698309109,0.30626241679101296,254],[0.37723428238131,0.096845955418541685,168],[0.19235094783412471,0.10300254023370159,49],[-0.4969186164594101,0.59555650608958954,9],[0.4969186164594101,0.40444349391041046,98],[-0.5973578418307508,0.66366015155510871,271],[-0.52751849979420662,0.93963270161292411,63],[0.64636356557871566,0.15192769030259945,280],[-0.64636356557871566,0.84807230969740055,22],[0.52751849979420662,0.06036729838707592,199],[0.5973578418307508,0.33633984844489129,42],[0.54341435825319473,0.3508620045409529,75],[0.2134881812079949,0.24922163279266718,11],[-0.2134881812079949,0.75077836720733282,226],[-0.54341435825319473,0.649137995459047,88],[0.12027974339268339,0.49367553161756239,213],[-0.12027974339268339,0.50632446838243761,224],[-0.382954640945297,0.42016258464717959,149],[0.382954640945297,0.57983741535282041,326],[-0.3040001690139888,0.90545066624755555,190],[0.8745260596940857,0.69740880309083608,191],[-0.8745260596940857,0.30259119690916386,223],[-0.62848406691529346,0.6600294558938582,234],[0.62848406691529346,0.3399705441061418,172],[0.27976701448850955,0.83335712404601114,19],[-0.27976701448850955,0.16664287595398886,327],[0.3040001690139888,0.094549333752444453,283],[-0.65688009474799891,0.60152561153298634,106],[0.11701537731660831,0.67301746078156821,325],[0.3920594422494153,0.82985851761534479,174],[0.18244843480426381,0.35832587134234478,132],[-0.3920594422494153,0.17014148238465521,359],[0.65688009474799891,0.39847438846701361,314],[-0.18244843480426381,0.64167412865765527,336],[-0.11701537731660831,0.32698253921843184,24],[-0.32721492590840656,0.77649907581312538,293],[0.36245557645217236,0.13174210558698629,162],[-0.36245557645217236,0.86825789441301371,38],[-0.61880559366345711,0.56056814960607559,317],[0.61880559366345711,0.43943185039392441,251],[-0.42362642225855945,0.76694202770244368,43],[0.32721492590840656,0.22350092418687462,346],[0.42362642225855945,0.23305797229755637,345],[-0.41634941224319405,0.2998034155201641,113],[0.55261782635602774,0.70060717639628212,346],[-0.77031549913892539,0.36541277113216419,104],[-0.55261782635602774,0.29939282360371788,79],[0.41634941224319405,0.7001965844798359,167],[0.77031549913892539,0.63458722886783581,323],[0.919632122983713,0.52623188728129244,63],[-0.919632122983713,0.47376811271870756,122],[0.11742715924729323,0.12763001092630633,242],[-0.43700987142851283,0.079600580000523391,323],[-0.12835276125905043,0.67219303209877612,337],[0.43700987142851283,0.92039941999947661,149],[0.12835276125905043,0.32780696790122388,199],[-0.11742715924729323,0.87236998907369367,259],[0.29137037105483471,0.75269562297086334,259],[-0.29137037105483471,0.24730437702913666,195],[0.11914352600705098,0.19323935730181119,359],[-0.441734505852088,0.81843310530019153,191],[-0.11914352600705098,0.80676064269818881,341],[0.56353793626866144,0.84361926304278367,284],[0.441734505852088,0.18156689469980847,342],[-0.56353793626866144,0.15638073695721633,41],[0.50401375390047087,0.8515914106163045,13],[-0.50401375390047087,0.14840858938369544,201]],"learnOrder":[0,7,3,1,5,2,4,8,6,1,2,3,7,4,5,6,8,8,4,6,7,1,5,3,2,4,1,5,8,3,7,2,6,2,5,1,4,8,3,7,6,8,6,5,3,1,4,7,2,3,2,6,4,8,5,7,1,6,1,7,5,2,3,4,8,8,3,6,7,2,4,5,1,3,8,7,2,4,6,5,1]},"distEstPair":{"pairList":[[0,0],[2,7],[3,5],[2,6],[4,8],[1,2],[1,5],[6,7],[3,6],[6,8],[2,4],[3,7],[5,8],[2,5],[2,8],[3,4],[7,8],[4,5],[2,3],[4,7],[1,8],[4,6],[1,7],[1,6],[5,7],[5,6],[1,3],[3,8],[1,4],[8,4],[5,2],[7,3],[2,1],[6,1],[7,5],[8,5],[6,4],[6,3],[8,6],[7,2],[7,6],[8,2],[8,7],[6,5],[5,1],[4,2],[3,2],[6,2],[5,3],[5,4],[7,1],[4,3],[8,1],[8,3],[3,1],[4,1],[7,4]]},"distEst2AFC":{"triplet":[[0,0,0],[7,1,6],[1,2,7],[7,1,6],[1,2,7],[4,1,7],[3,5,2],[4,2,7],[6,8,1],[5,3,6],[2,4,5],[7,6,1],[1,7,2],[5,6,7],[5,6,3],[7,6,1],[5,3,6],[3,2,5],[1,7,2],[3,2,5],[5,6,3],[3,5,2],[8,6,7],[2,3,4],[6,2,8]]}}