{"objLoc":[[0,0,0],[0.1,0.9,311],[0.9,0.9,103],[0.9,0.1,27],[0.7,0.7,275],[-0.1,0.1,163],[-0.9,0.1,196],[-0.9,0.9,262],[-0.7,0.3,306]],"objIdentity":[0,5,3,8,6,7,4,2,1],"familiarise":{"path":[[0,0.5,160],[0.44550326209418395,0.27300475013022663,356],[0.040994764906710224,0.56689737627646319,306],[-0.33636002520467578,0.89492689077171683,196],[-0.65102022072959453,0.50635391004323138,26],[-0.15132480722004665,0.52380365839448184,164],[0.83894326152152376,0.38463055743441643,175],[-0.1513248072200466,0.52380365839448184,150],[-0.51099470738937214,0.87113284362398047,91],[-0.15744131679609835,0.51757945303070674,289],[0.80848450949297,0.77639849813322748,137],[0.48709070464970039,0.39337627657373847,37],[0.74460974210472752,0.82195992692479458,343],[0.24734879442059088,0.76969569529096782,157],[0.73249665755858917,0.64873474749113391,316],[0.31797787128106836,0.36913829575576046,50]]},"objlocLearn":{"learnOrder":[0,5,3,7,2,6,8,1,4],"startLoc":[[0,0,0],[-0.1,0.9,300],[0.5,0.9,240],[-0.5,0.1,0],[-0.1,0.5,180],[0.1,0.5,190],[0.5,0.5,60],[0.1,0.1,10],[-0.5,0.5,50]]},"objlocTestRun1":{"startLoc":[[0,0,0],[-0.6863202955883545,0.23377582089983362,86],[-0.39461982960745307,0.36744795034522265,344],[0.37349396115368833,0.429473312008961,228],[0.67203425142565409,0.30014668800583355,286],[-0.67203425142565409,0.69985331199416645,169],[0.6863202955883545,0.76622417910016638,70],[-0.37349396115368833,0.570526687991039,355],[0.39461982960745307,0.6325520496547774,21],[0.16216142084466262,0.73972275708404567,144],[-0.853508582395341,0.121901905189976,55],[0.05894230929212281,0.083981326228426162,72],[0.853508582395341,0.878098094810024,227],[-0.16216142084466262,0.26027724291595433,97],[-0.78767091510838627,0.73352610292101372,99],[-0.05894230929212281,0.91601867377157387,167],[0.78767091510838627,0.26647389707898628,141],[-0.49620804487682418,0.22945390310834124,169],[0.38956114488784782,0.81059881257013422,92],[0.49620804487682418,0.77054609689165876,128],[0.52917130056626549,0.15279787861453886,202],[-0.52917130056626549,0.84720212138546114,283],[-0.57605458160546585,0.76592301581612809,283],[-0.38956114488784782,0.18940118742986584,40],[0.57605458160546585,0.23407698418387191,156]],"learnOrder":[0,7,4,6,5,1,3,2,8,3,1,2,5,7,8,6,4,8,7,4,5,1,6,3,2]},"objlocTestRun2":{"startLoc":[[0,0,0],[0.560529078371411,0.50971964326612307,56],[-0.020493067791314837,0.39358718034524542,93],[-0.560529078371411,0.49028035673387693,222],[0.32042285679265953,0.6039292911526819,247],[-0.32042285679265953,0.39607070884731815,62],[0.020493067791314837,0.60641281965475458,33],[0.61173537564021985,0.45076505418285506,132],[-0.61173537564021985,0.54923494581714494,217],[0.071805167046380777,0.766720079598783,16],[0.56212625090400459,0.275228964169206,346],[-0.071805167046380777,0.23327992040121709,338],[0.34817896834163392,0.77141801623333284,156],[-0.34817896834163392,0.22858198376666711,160],[0.80922872557477121,0.39957542664477219,158],[-0.80922872557477121,0.60042457335522781,134],[-0.56212625090400459,0.72477103583079394,2],[0.11081841582632253,0.84733343406320139,70],[0.06489598805747461,0.43678404810030885,267],[-0.11081841582632253,0.15266656593679861,212],[-0.06489598805747461,0.56321595189969109,177],[-0.50162888573432585,0.054798204014786724,274],[-0.14842418911890892,0.33234771236328886,251],[0.14842418911890892,0.66765228763671114,277],[0.50162888573432585,0.94520179598521326,238]],"learnOrder":[0,1,6,5,7,3,2,8,4,8,2,4,7,3,1,5,6,2,3,6,7,4,1,5,8]},"distEstPair":{"pairList":[[0,0],[4,7],[7,5],[3,4],[2,8],[7,6],[5,6],[2,3],[2,7],[3,6],[3,2],[6,4],[2,1],[4,2],[7,8],[1,2],[8,1],[1,5],[5,8],[8,6],[2,4],[8,5],[3,1],[8,7],[5,7],[7,3],[1,6],[1,3],[6,7],[4,1],[5,4],[4,3],[3,5],[6,2],[1,4],[4,8],[8,3],[6,8],[5,2],[7,1],[6,5]]},"distEstEgo":{"pairList":[[0,0],[7,6],[5,6],[7,3],[2,8],[3,2],[6,5],[6,7],[1,2],[8,6],[2,1],[4,2],[2,3]]},"distEst2AFC":{"triplet":[[0,0,0],[3,4,6],[5,8,7],[8,5,7],[2,1,3],[6,7,5],[8,7,5],[4,3,1],[8,5,7],[6,5,7],[4,1,3],[8,7,5],[6,7,5],[7,8,2],[2,3,1],[4,1,3],[6,5,7],[3,7,1],[7,3,5],[5,7,6],[1,4,3],[2,3,1],[4,3,1],[2,1,3],[1,3,2]]}}