{"objLoc":[[0,0,0],[0,0.95,4],[0.9,0.95,181],[0.9,0.05,179],[0.7,0.75,49],[0,0.05,52],[-0.9,0.05,79],[-0.9,0.95,151],[-0.7,0.25,90]],"objIdentity":[0,6,1,3,2,8,7,4,5],"familiarise":{"path":[[0,0.5,324],[0.5,0.9,241],[0.9,0.1,198],[-0.9,0.2,253],[-0.7,0.7,140],[0.5,0.5,250],[0,0.2,297],[-0.2,0.8,168],[-0.5,0.1,339],[0.7,0.4,290],[0.9,0.9,355],[-0.5,0.5,62],[0.5,0.9,188],[0.5,0.1,341],[-0.6,0.8,234]]},"objlocLearn":{"learnOrder":[0,3,4,8,7,1,5,6,2],"startLoc":[[0,0,0],[0.5,0.9,240],[-0.5,0.5,50],[0.5,0.5,60],[-0.5,0.1,0],[0.1,0.1,10],[-0.1,0.9,300],[0.1,0.5,190],[-0.1,0.5,180]]},"objlocTestRun1":{"startLoc":[[0,0,0],[-0.37569913173517738,0.22895921147388254,73],[0.59483581338370151,0.11587479910774708,280],[-0.40033136505833683,0.14274864666151105,51],[0.37569913173517738,0.77104078852611746,163],[-0.59483581338370151,0.88412520089225288,45],[-0.069284043430290751,0.5994839667633165,294],[0.40033136505833683,0.8572513533384889,304],[0.069284043430290751,0.4005160332366835,42],[0.0070647364247447414,0.51982338781548787,260],[-0.0178570584688003,0.61888251625920965,333],[-0.0070647364247447414,0.48017661218451219,139],[0.0178570584688003,0.38111748374079035,280],[0.44312868356331153,0.1314714116675747,333],[-0.44312868356331153,0.8685285883324253,2],[0.17798958537917481,0.91719387651004958,99],[-0.17798958537917481,0.082806123489950451,14],[0.594018570583299,0.33109331612659232,72],[0.10618663941631172,0.50167435067438659,5],[-0.594018570583299,0.66890668387340768,18],[-0.49026844735326541,0.71395410127734327,234],[-0.50778280320989411,0.33896518787245822,104],[0.49026844735326541,0.28604589872265673,304],[0.50778280320989411,0.66103481212754178,120],[-0.10618663941631172,0.49832564932561341,332],[0.033174459360777744,0.17018570833109026,48],[-0.033174459360777744,0.82981429166890974,198],[0.38670543022263731,0.88268006954399669,106],[0.16274198288071889,0.75716963340355625,291],[-0.79596488768909346,0.44583293992814865,122],[-0.16274198288071889,0.24283036659644369,44],[0.79596488768909346,0.55416706007185135,165],[-0.38670543022263731,0.11731993045600331,90],[-0.087541999407800566,0.71508507516722486,269],[0.87503584641889254,0.36759495780939977,265],[0.88866602347890411,0.32754591596811489,4],[0.43526267919018385,0.424326800313313,2],[-0.43526267919018385,0.57567319968668706,331],[-0.87503584641889254,0.63240504219060023,117],[-0.88866602347890411,0.67245408403188511,107],[0.087541999407800566,0.2849149248327752,98],[-0.26230257096303128,0.53447210377637266,89],[0.26230257096303128,0.46552789622362728,280],[-0.30610906438083069,0.70779363030227016,95],[0.14406848385774146,0.33246734610013012,259],[0.30610906438083069,0.29220636969772984,243],[-0.15940653822621903,0.50509705538056393,199],[0.15940653822621903,0.49490294461943607,246],[-0.14406848385774146,0.66753265389986982,63],[-0.38260282127519235,0.29718597032037319,168],[0.84918709347775323,0.9152861691538775,178],[0.13291105299874567,0.28871076466744727,10],[-0.84918709347775323,0.0847138308461225,79],[-0.13291105299874567,0.71128923533255273,337],[0.38260282127519235,0.70281402967962681,238],[0.554084052082809,0.49378164656266293,353],[-0.554084052082809,0.506218353437337,133],[0.88380054857408852,0.518280750047438,275],[-0.627890313005034,0.7650930982806855,216],[0.34609026332566523,0.80880515784690077,217],[-0.34609026332566523,0.19119484215309923,41],[-0.10681132492693286,0.6776324225059942,80],[0.10681132492693286,0.32236757749400585,27],[0.627890313005034,0.2349069017193145,182],[-0.88380054857408852,0.481719249952562,125],[-0.27572609714082813,0.67757100068411735,71],[0.8945165701455664,0.25235835091097375,135],[0.64104851153584641,0.82513517019840332,190],[-0.8945165701455664,0.74764164908902631,256],[-0.64104851153584641,0.17486482980159671,213],[-0.76574103144481187,0.72517589545791483,231],[0.76574103144481187,0.27482410454208522,218],[0.27572609714082813,0.3224289993158827,135],[-0.27945778885790445,0.48604860963752189,118],[-0.62468428427419131,0.72975240709128575,203],[-0.015335015358982226,0.21483746028789846,270],[0.015335015358982226,0.78516253971210159,331],[0.0408258760494868,0.50517111505100387,298],[-0.0408258760494868,0.49482888494899613,200],[0.62468428427419131,0.27024759290871425,297],[0.27945778885790445,0.51395139036247817,11]],"learnOrder":[0,6,4,3,2,8,1,7,5,5,3,1,7,6,2,8,4,5,6,1,7,8,3,4,2,3,7,1,6,8,2,4,5,7,5,4,2,6,1,8,3,5,1,4,3,8,6,2,7,8,5,6,1,2,4,3,7,3,1,4,8,6,2,5,7,8,2,5,6,1,7,3,4,1,8,2,6,3,7,4,5]},"distEstPair":{"pairList":[[0,0],[7,8],[1,3],[3,5],[2,3],[4,8],[1,6],[2,6],[1,7],[6,7],[2,5],[2,8],[6,8],[3,8],[5,7],[1,4],[3,4],[3,7],[5,6],[2,4],[2,7],[4,7],[4,5],[1,2],[3,6],[1,5],[5,8],[4,6],[1,8],[6,4],[6,3],[4,3],[5,4],[5,3],[5,1],[2,1],[8,4],[6,5],[4,2],[8,2],[8,6],[5,2],[3,2],[3,1],[8,7],[7,1],[7,3],[7,5],[7,4],[4,1],[6,1],[8,3],[8,1],[6,2],[7,2],[7,6],[8,5]]},"distEst2AFC":{"triplet":[[0,0,0],[1,7,2],[3,5,2],[6,2,8],[3,2,5],[7,6,1],[1,2,7],[5,6,7],[7,1,6],[3,2,5],[7,6,1],[5,3,6],[2,3,4],[4,1,7],[4,2,7],[5,3,6],[1,7,2],[5,6,3],[7,1,6],[5,6,3],[3,5,2],[8,6,7],[1,2,7],[6,8,1],[2,4,5]]}}