{"objLoc":[[0,0,0],[0.1,0.9,301],[0.9,0.9,38],[0.9,0.1,269],[0.7,0.7,130],[-0.1,0.1,130],[-0.9,0.1,220],[-0.9,0.9,142],[-0.7,0.3,148]],"objIdentity":[0,6,7,5,4,1,2,8,3],"familiarise":{"path":[[0,0.5,47],[0.39400537680336095,0.80783073766282909,102],[-0.60538545021573476,0.84273023436533,64],[-0.45087695302826103,0.36720197621775325,307],[-0.022293302677204863,0.10968293876272617,59],[-0.20959659938516087,0.57327486604611988,292],[0.098234138277668276,0.17926948924275893,223],[-0.40176586172233175,0.17926948924275893,145],[-0.68855407989785478,0.58884551138725483,244],[0.2319507735545856,0.19811438289798106,9],[-0.597086799000456,0.757307286368728,130],[-0.75987087622903438,0.28454799856906959,126],[0.23267527541228761,0.1626786551639221,94],[0.069891198183709258,0.63543794296358058,68],[0.53973750857666347,0.80644801462641491,246],[0.040955483446751373,0.84132625149847762,317]]},"objlocLearn":{"learnOrder":[0,8,2,3,6,4,1,5,7],"startLoc":[[0,0,0],[0.5,0.5,60],[-0.1,0.5,180],[0.5,0.9,240],[0.1,0.5,190],[-0.5,0.5,50],[0.1,0.1,10],[-0.1,0.9,300],[-0.5,0.1,0]]},"objlocTestRun1":{"startLoc":[[0,0,0],[-0.10446197824723465,0.515999748331351,330],[-0.19657556884901356,0.81442303903134428,107],[0.53628037833955955,0.83866164215895544,142],[-0.53628037833955955,0.1613383578410445,14],[0.65176250343318132,0.91086559374546949,191],[-0.65176250343318132,0.089134406254530507,209],[0.19657556884901356,0.18557696096865578,269],[0.10446197824723465,0.484000251668649,30],[0.73282427893916524,0.24385768007725961,240],[0.17364472756649968,0.28164896902500391,135],[-0.73282427893916524,0.75614231992274039,314],[-0.17364472756649968,0.71835103097499609,159],[-0.40373770701749062,0.80694218398927031,258],[-0.29086465299510839,0.19751156650969121,270],[0.29086465299510839,0.80248843349030885,270],[0.40373770701749062,0.19305781601072969,257],[0.28224436690896654,0.46437657666424104,194],[0.43209888607076957,0.66808503571291389,242],[-0.28224436690896654,0.535623423335759,118],[-0.44920108074273463,0.77201927649667357,196],[0.44920108074273463,0.22798072350332649,78],[0.22122071706926744,0.78196055342198878,129],[-0.43209888607076957,0.33191496428708611,350],[-0.22122071706926744,0.21803944657801122,272],[0.71015865755248875,0.30249110330953255,64],[0.32426323511270788,0.24378258494777955,27],[-0.32426323511270788,0.75621741505222051,322],[0.62434757135962182,0.49934396034028927,241],[0.63795325235567213,0.43437298960710335,11],[-0.71015865755248875,0.69750889669046745,299],[-0.62434757135962182,0.50065603965971073,39],[-0.63795325235567213,0.56562701039289665,306],[0.21967236991105127,0.052718667243850215,84],[-0.37131583703491039,0.702410757237538,221],[-0.21967236991105127,0.94728133275614979,12],[0.19161439045501222,0.39591943140071717,99],[0.37131583703491039,0.297589242762462,230],[0.41163541248686925,0.77981759716793775,280],[-0.41163541248686925,0.2201824028320622,50],[-0.19161439045501222,0.60408056859928283,180],[-0.20877796663066411,0.78473198695216817,12],[-0.17825726275630321,0.12402377220560512,2],[-0.27923319357388426,0.23879642130229717,343],[0.20877796663066411,0.21526801304783183,225],[0.27923319357388426,0.76120357869770283,115],[-0.66840034298064865,0.33022037568434759,273],[0.66840034298064865,0.66977962431565241,45],[0.17825726275630321,0.87597622779439488,116],[-0.098106387143301041,0.32756045903735881,117],[-0.030135733164266251,0.84289642869687131,342],[0.098106387143301041,0.67243954096264114,18],[0.31390099728225146,0.41523946802695166,165],[-0.020292227095393398,0.61465392909822769,266],[0.020292227095393398,0.38534607090177231,259],[-0.31390099728225146,0.58476053197304834,107],[0.030135733164266251,0.15710357130312869,216],[-0.59615231526421719,0.074685137906934873,317],[-0.148001302793553,0.57645972138352042,253],[-0.40255080090717471,0.11927919195356584,350],[0.15428690988663524,0.34176677034083808,201],[-0.15428690988663524,0.658233229659162,239],[0.40255080090717471,0.88072080804643416,278],[0.59615231526421719,0.92531486209306513,232],[0.148001302793553,0.42354027861647958,213]],"learnOrder":[0,5,6,8,4,3,7,2,1,4,5,8,1,3,2,6,7,5,7,1,6,2,8,3,4,5,3,7,4,2,1,8,6,7,1,3,2,5,8,4,6,1,6,8,5,4,7,3,2,1,4,5,2,3,7,6,8,8,1,6,3,7,2,4,5]},"distEstPair":{"pairList":[[0,0],[2,6],[3,5],[4,7],[3,6],[3,4],[2,4],[3,8],[4,6],[5,6],[4,8],[5,8],[5,7],[1,2],[1,6],[6,7],[4,5],[1,4],[6,8],[1,3],[2,7],[1,5],[1,7],[1,8],[2,8],[2,5],[3,7],[7,8],[2,3],[8,7],[3,2],[8,4],[8,5],[2,1],[6,2],[7,2],[5,3],[6,5],[7,5],[5,4],[8,2],[4,2],[6,3],[7,3],[5,2],[8,3],[4,1],[5,1],[7,4],[7,6],[8,1],[6,4],[3,1],[8,6],[7,1],[6,1],[4,3]]},"distEst2AFC":{"triplet":[[0,0,0],[5,6,3],[1,7,5],[7,1,6],[5,3,6],[1,5,7],[3,5,2],[1,7,5],[6,3,8],[2,4,6],[1,5,7],[2,3,1],[7,6,1],[5,3,1],[3,2,5],[6,7,5],[2,1,3],[4,1,6],[5,1,3],[3,2,5],[8,2,6],[6,5,7],[5,4,3],[7,6,1],[6,7,5],[8,6,4],[5,3,4],[2,1,3],[3,5,2],[2,3,1],[5,3,4],[5,1,3],[4,7,2],[5,6,3],[5,3,1],[6,8,2],[2,6,1],[7,1,6],[6,5,7],[5,3,6],[5,4,3]]}}