{"objLoc":[[0,0,0],[0.1,0.9,310],[0.9,0.9,135],[0.9,0.1,200],[0.7,0.7,345],[-0.1,0.1,266],[-0.9,0.1,294],[-0.9,0.9,37],[-0.7,0.3,335]],"objIdentity":[0,3,4,6,7,2,1,5,8],"familiarise":{"path":[[0,0.5,69],[-0.48718503239261762,0.38752447282806751,86],[-0.67448832910057366,0.85111640011146128,51],[-0.54507880654931329,0.36815348696692712,69],[0.45355072820526054,0.42048944320987097,253],[-0.041583306165524636,0.35090289272983827,205],[0.29941587386572466,0.71657974353942344,259],[-0.17043043652722956,0.54556967187658911,61],[-0.55345265808671851,0.86696347671985874,173],[0.4124731682023498,0.608144431617338,305],[0.882319478595304,0.43713435995450367,199],[0.44500962502560615,0.67953917007767217,315],[-0.053772400104305951,0.64466093320560947,16],[0.340232976699055,0.33683019554278032,104],[0.45270850387098749,0.82401522793539794,110],[0.89001835744068536,0.58161041781222944,309]]},"objlocLearn":{"learnOrder":[0,5,6,7,2,3,8,1,4],"startLoc":[[0,0,0],[-0.1,0.9,300],[0.1,0.5,190],[-0.5,0.1,0],[-0.1,0.5,180],[0.5,0.9,240],[0.5,0.5,60],[0.1,0.1,10],[-0.5,0.5,50]]},"objlocTestRun1":{"startLoc":[[0,0,0],[-0.6556629494815609,0.43374633426680187,330],[0.6556629494815609,0.56625366573319813,155],[0.44745909571653214,0.67716660785325089,339],[0.024447854444309455,0.41704889763317787,287],[-0.62646718429767989,0.22841160141657352,345],[0.62646718429767989,0.77158839858342643,122],[-0.44745909571653214,0.32283339214674911,176],[-0.024447854444309455,0.58295110236682213,285],[-0.60983308012777759,0.18156054509968689,135],[-0.022630531087656627,0.71653487065668231,52],[0.60983308012777759,0.81843945490031311,100],[0.79280639340562353,0.12494267752577765,177],[0.16334603166661615,0.28512606243176825,136],[-0.16334603166661615,0.71487393756823181,96],[-0.79280639340562353,0.87505732247422241,37],[0.022630531087656627,0.28346512934331775,205],[-0.89527175584864271,0.94260934820394682,262],[0.49217180363184293,0.73517595545862835,304],[-0.49217180363184293,0.26482404454137171,359],[0.010265427214917897,0.43156608654324513,291],[-0.010265427214917897,0.56843391345675487,126],[-0.55938091443452087,0.85685893031010518,98],[0.55938091443452087,0.14314106968989482,320],[0.89527175584864271,0.057390651796053183,338],[0.85661867888546472,0.088894819805922953,353],[-0.37145184538385795,0.30405496073141136,345],[0.71140633910619844,0.77149817991697223,336],[-0.71140633910619844,0.22850182008302777,103],[-0.85661867888546472,0.911105180194077,318],[0.015846083232871219,0.70804702459129087,318],[-0.015846083232871219,0.29195297540870918,335],[0.37145184538385795,0.69594503926858864,245],[0.281796356218833,0.8108516855963207,290],[0.33358828634306931,0.37603535582740588,5],[-0.63615523770325932,0.11816938506541111,181],[-0.33358828634306931,0.62396464417259412,315],[-0.1230885104800918,0.097636529027201768,192],[0.1230885104800918,0.90236347097279823,303],[0.63615523770325932,0.88183061493458892,153],[-0.281796356218833,0.1891483144036793,79],[-0.37176142064717993,0.90209422595893318,167],[-0.53879438690604542,0.26195151865321231,2],[0.37176142064717993,0.097905774041066818,171],[0.88984529193202211,0.6228623406576711,141],[0.53879438690604542,0.73804848134678769,8],[-0.88984529193202211,0.3771376593423289,134],[-0.45958449628488224,0.4111811595064393,358],[0.45958449628488224,0.5888188404935607,237],[-0.89429353342260054,0.22351992462220915,81],[0.65752920806912662,0.82209266337484932,104],[-0.02604087997627573,0.58191428937953926,162],[-0.45269666901091793,0.71523441262354481,232],[-0.65752920806912662,0.17790733662515068,156],[0.02604087997627573,0.41808571062046074,17],[0.89429353342260054,0.77648007537779085,337],[0.45269666901091793,0.28476558737645513,198],[-0.7201738307518,0.40834647615066039,204],[0.76178305418126691,0.593845718383193,293],[0.0076769863850475878,0.062223982043935644,178],[-0.033987251892986639,0.82806846767315034,248],[0.033987251892986639,0.17193153232684966,257],[-0.76178305418126691,0.406154281616807,147],[-0.0076769863850475878,0.93777601795606436,355],[0.7201738307518,0.59165352384933967,208]],"learnOrder":[0,7,3,6,8,1,5,2,4,7,8,3,1,2,6,5,4,8,7,3,5,1,2,6,4,5,6,3,7,1,8,4,2,4,7,1,3,6,2,5,8,4,7,8,2,3,6,5,1,7,1,2,8,5,6,3,4,4,1,6,7,3,5,2,8]},"distEstPair":{"pairList":[[0,0],[4,7],[1,3],[2,8],[3,8],[2,6],[5,6],[3,4],[2,5],[5,7],[4,5],[3,5],[2,4],[2,7],[7,8],[1,5],[1,2],[3,7],[1,4],[6,7],[3,6],[6,8],[1,6],[4,6],[4,8],[5,8],[2,3],[1,7],[1,8],[6,1],[6,2],[8,4],[5,2],[8,7],[6,5],[3,1],[7,4],[5,3],[7,3],[6,4],[7,2],[5,4],[8,1],[2,1],[7,1],[8,3],[5,1],[7,5],[6,3],[4,1],[8,2],[4,2],[8,6],[3,2],[7,6],[8,5],[4,3]]},"distEst2AFC":{"triplet":[[0,0,0],[6,5,7],[1,5,7],[5,1,3],[3,2,5],[6,7,5],[8,2,6],[2,3,1],[3,2,5],[7,1,6],[8,6,4],[6,8,2],[1,7,5],[6,5,7],[2,1,3],[4,7,2],[1,7,5],[6,3,8],[2,3,1],[5,3,1],[7,1,6],[2,1,3],[7,6,1],[5,1,3],[3,5,2],[5,3,1],[2,6,1],[3,5,2],[4,1,6],[6,7,5],[1,5,7],[7,6,1],[2,4,6]]}}