{"objLoc":[[0,0,0],[0,0.95,232],[0.9,0.95,138],[0.9,0.05,239],[0.7,0.75,59],[0,0.05,347],[-0.9,0.05,125],[-0.9,0.95,358],[-0.7,0.25,85]],"objIdentity":[0,8,3,2,5,4,1,6,7],"familiarise":{"path":[[0,0.5,71],[0.5,0.9,358],[0.9,0.1,85],[-0.9,0.2,87],[-0.7,0.7,227],[0.5,0.5,265],[0,0.2,248],[-0.2,0.8,12],[-0.5,0.1,325],[0.7,0.4,104],[0.9,0.9,201],[-0.5,0.5,136],[0.5,0.9,10],[0.5,0.1,178],[-0.6,0.8,301]]},"objlocLearn":{"learnOrder":[0,8,6,1,4,3,2,7,5],"startLoc":[[0,0,0],[0.5,0.5,60],[0.1,0.5,190],[0.1,0.1,10],[-0.5,0.5,50],[0.5,0.9,240],[-0.1,0.5,180],[-0.5,0.1,0],[-0.1,0.9,300]]},"objlocTestRun1":{"startLoc":[[0,0,0],[0.43808320675295881,0.0887784997265858,208],[0.292124194536524,0.72965137238862521,304],[0.30235983834518892,0.68857002711196658,132],[-0.071180101814236,0.7877188874172496,105],[-0.30235983834518892,0.31142997288803348,137],[0.071180101814236,0.2122811125827504,247],[-0.43808320675295881,0.9112215002734142,182],[-0.292124194536524,0.27034862761137479,307],[0.37610531346580184,0.24087274825227312,274],[-0.35053294768938786,0.65836955857490342,74],[-0.37610531346580184,0.75912725174772688,28],[0.35053294768938786,0.34163044142509652,353],[0.2619417383111326,0.095588602623019284,253],[-0.91844528926136793,0.68290012820039858,41],[0.91844528926136793,0.31709987179960142,355],[-0.2619417383111326,0.90441139737698073,182],[-0.14594279838421692,0.38061501458776203,19],[-0.2270242525294987,0.796197899045811,210],[0.060114199249340319,0.11444341515691826,150],[0.14594279838421692,0.619384985412238,142],[0.2270242525294987,0.2038021009541891,7],[0.44214298017972714,0.61349532915422489,294],[-0.44214298017972714,0.38650467084577511,338],[-0.060114199249340319,0.88555658484308175,261],[0.18327716837642777,0.17404419150753753,45],[0.60605427983434,0.19686280312350662,167],[0.75688100070429909,0.13725831979563041,234],[-0.18327716837642777,0.82595580849246253,165],[-0.60605427983434,0.80313719687649332,225],[-0.75688100070429909,0.86274168020436959,187],[-0.36383943342060537,0.84462123935786948,70],[0.36383943342060537,0.15537876064213049,235],[-0.22420194527395715,0.50588267628155381,159],[-0.19137848060650947,0.5821533753610707,134],[-0.904105937275743,0.75618826444655463,45],[0.19137848060650947,0.4178466246389293,73],[0.35964641271137227,0.6659217468499119,335],[-0.35964641271137227,0.33407825315008816,130],[0.904105937275743,0.24381173555344537,141],[0.22420194527395715,0.49411732371844619,220],[0.33696123798526839,0.93979268693025741,260],[-0.33696123798526839,0.060207313069742585,252],[0.44677097998132259,0.64456964928379168,44],[-0.44677097998132259,0.35543035071620832,232],[-0.83439588278748977,0.71884605627829934,297],[0.83439588278748977,0.28115394372170066,266],[0.583357212314799,0.41896451699605913,60],[-0.583357212314799,0.58103548300394081,96],[-0.022692382634085753,0.81355433152257284,354],[0.022692382634085753,0.18644566847742711,120],[0.59730221171020292,0.77670924427404686,196],[-0.27151617971883329,0.93774572868664385,32],[0.27151617971883329,0.062254271313356146,244],[0.29117337605446497,0.69224375270916116,324],[-0.59730221171020292,0.22329075572595314,15],[-0.29117337605446497,0.30775624729083878,50],[-0.22987484110750039,0.13698454595116361,246],[0.2561390296589548,0.90695219076371236,218],[0.835222210794379,0.57449770121266308,16],[-0.835222210794379,0.42550229878733692,164],[-0.2561390296589548,0.09304780923628761,356],[-0.38982643677151246,0.56407260519055336,17],[0.38982643677151246,0.43592739480944664,296],[0.22987484110750039,0.86301545404883639,90],[-0.10984546764413221,0.24500148329102112,268],[-0.53266088980313508,0.7641647226581646,250],[0.10984546764413221,0.75499851670897888,121],[-0.44812300584525316,0.46748044410668471,68],[0.44812300584525316,0.53251955589331534,302],[0.69360711083276372,0.19554640564275994,233],[0.53266088980313508,0.2358352773418354,60],[-0.69360711083276372,0.80445359435724006,327],[0.36737461304443436,0.332093078060773,259],[-0.36737461304443436,0.66790692193922707,182],[-0.62111448356245913,0.33819283999308181,39],[0.62111448356245913,0.66180716000691819,7],[0.66788246992803124,0.38150125156242964,174],[0.24986854308535317,0.673946006132233,114],[-0.66788246992803124,0.61849874843757036,65],[-0.24986854308535317,0.326053993867767,180]],"learnOrder":[0,8,5,7,2,3,6,4,1,1,6,5,2,3,8,4,7,6,8,3,2,4,5,1,7,2,1,8,6,5,4,7,3,6,4,1,8,7,3,5,2,4,8,5,1,6,2,3,7,7,3,1,2,6,8,5,4,3,5,2,6,1,8,4,7,3,8,7,1,5,2,4,6,1,5,7,3,4,6,8,2]},"distEstPair":{"pairList":[[0,0],[2,6],[5,6],[4,5],[1,3],[4,7],[2,3],[1,6],[1,4],[2,7],[1,7],[1,2],[7,8],[5,7],[6,7],[3,6],[4,6],[1,5],[2,8],[5,8],[2,5],[4,8],[2,4],[3,5],[1,8],[3,7],[6,8],[3,4],[3,8],[6,1],[7,6],[5,3],[6,5],[5,4],[6,3],[8,2],[6,4],[4,3],[8,5],[2,1],[4,2],[7,2],[7,1],[8,4],[3,2],[8,7],[5,2],[7,4],[8,6],[8,1],[4,1],[5,1],[7,5],[8,3],[6,2],[7,3],[3,1]]},"distEst2AFC":{"triplet":[[0,0,0],[3,5,2],[4,2,7],[1,2,7],[2,4,5],[2,3,4],[7,6,1],[5,3,6],[7,6,1],[1,2,7],[3,5,2],[4,1,7],[3,2,5],[1,7,2],[7,1,6],[1,7,2],[6,8,1],[5,6,3],[6,2,8],[5,3,6],[7,1,6],[5,6,7],[5,6,3],[3,2,5],[8,6,7]]}}