{"objLoc":[[0,0,0],[0.1,0.9,28],[0.9,0.9,281],[0.9,0.1,158],[0.7,0.7,261],[-0.1,0.1,353],[-0.9,0.1,194],[-0.9,0.9,181],[-0.7,0.3,26]],"objIdentity":[0,6,1,7,5,2,3,4,8],"familiarise":{"path":[[0,0.5,309],[-0.47815237798151772,0.64618585236136838,13],[0.47815237798151772,0.35381414763863162,192],[0.0026241198339409522,0.19930565045115792,287],[-0.49669064754334596,0.22547362857262984,352],[0.50315704761304536,0.24292603500991336,99],[0.31585375090508938,0.7065179622933071,61],[-0.17133128148752824,0.81899348946523964,316],[0.18833861868179735,0.471664304235741,328],[-0.30679541568898783,0.54125085471577372,72],[-0.57175504780559028,0.11722680663756074,159],[-0.886415243330509,0.50579978736604625,259],[0.0532773774553994,0.84781993069171491,305],[-0.7238685840015715,0.21849953964187752,61],[-0.66293391229899779,0.71477261546253845,240],[-0.55897806689011809,0.22569881509563561,291]]},"objlocLearn":{"learnOrder":[0,7,3,6,2,4,8,1,5],"startLoc":[[0,0,0],[-0.5,0.1,0],[0.5,0.9,240],[0.1,0.5,190],[-0.1,0.5,180],[-0.5,0.5,50],[0.5,0.5,60],[0.1,0.1,10],[-0.1,0.9,300]]},"objlocTestRun1":{"startLoc":[[0,0,0],[-0.0664843457630397,0.66466050625742346,203],[0.81056458176310753,0.46274313179117238,322],[0.82911765717275143,0.81546232700819266,216],[-0.81056458176310753,0.53725686820882768,122],[-0.82911765717275143,0.1845376729918074,355],[0.802945990848118,0.39426002503685043,42],[0.0664843457630397,0.33533949374257654,19],[-0.802945990848118,0.60573997496314957,264],[-0.28524382439440193,0.4139409982816632,134],[0.28524382439440193,0.5860590017183368,131],[-0.51574045467099627,0.17042086932404787,316],[0.90593830061121183,0.47775214690823131,118],[-0.45046731314935234,0.80581783044274746,321],[0.51574045467099627,0.82957913067595213,232],[0.45046731314935234,0.19418216955725259,119],[-0.90593830061121183,0.52224785309176869,22],[0.47871176617019423,0.10549879715288177,89],[-0.47871176617019423,0.8945012028471182,349],[-0.23108534648030338,0.23565727085058891,146],[0.20826811683566254,0.83536446482976845,58],[0.23108534648030338,0.76434272914941115,108],[-0.37372221415988455,0.56565185628764514,324],[-0.20826811683566254,0.16463553517023155,60],[0.37372221415988455,0.43434814371235486,281]],"learnOrder":[0,7,2,5,6,1,4,3,8,8,4,6,5,7,2,3,1,4,8,3,2,7,5,6,1]},"objlocTestRun2":{"startLoc":[[0,0,0],[0.78035556314765264,0.077395339999060828,49],[-0.46516497999543821,0.098351665544814892,347],[0.69431612857509339,0.65177851013383492,191],[-0.78035556314765264,0.92260466000093921,16],[0.46516497999543821,0.90164833445518511,336],[-0.7955474897703092,0.2047157874077471,129],[-0.69431612857509339,0.34822148986616508,264],[0.7955474897703092,0.7952842125922529,189],[-0.93585966642801632,0.73255737501153517,34],[0.50792491829924979,0.5440292573445118,39],[0.327865956092014,0.11420571853148657,54],[-0.327865956092014,0.88579428146851347,59],[-0.19676314822142421,0.69117805209208982,19],[0.19676314822142421,0.30882194790791023,17],[0.93585966642801632,0.26744262498846483,342],[-0.50792491829924979,0.4559707426554882,33],[0.42499734619949264,0.49837379799341885,184],[0.32750151501564412,0.69084390810325536,43],[0.26451706180807982,0.57371041159019076,78],[-0.26451706180807982,0.42628958840980929,275],[-0.929898176817143,0.79757629339442426,338],[0.929898176817143,0.20242370660557574,170],[-0.32750151501564412,0.30915609189674464,3],[-0.42499734619949264,0.50162620200658115,360]],"learnOrder":[0,2,8,5,6,4,7,1,3,5,7,2,6,8,4,1,3,7,4,6,2,1,5,8,3]},"distEstPair":{"pairList":[[0,0],[3,5],[2,7],[1,2],[5,2],[6,8],[4,3],[7,3],[4,2],[8,7],[3,4],[3,1],[1,6],[8,3],[4,1],[5,6],[2,1],[8,6],[7,5],[4,8],[3,2],[8,1],[1,3],[5,8],[5,4],[7,8],[3,6],[2,4],[6,4],[8,5],[2,8],[1,4],[6,2],[7,6],[6,5],[2,3],[6,7],[5,7],[7,1],[1,5],[4,7]]},"distEstEgo":{"pairList":[[0,0],[5,6],[7,3],[1,2],[3,2],[7,6],[4,2],[6,7],[2,8],[6,5],[8,6],[2,1],[2,3]]},"distEst2AFC":{"triplet":[[0,0,0],[6,7,5],[1,3,2],[3,4,6],[2,3,1],[8,5,7],[3,7,1],[5,8,7],[6,5,7],[8,7,5],[2,1,3],[4,1,3],[1,4,3],[2,1,3],[4,3,1],[6,5,7],[8,5,7],[2,3,1],[4,3,1],[8,7,5],[7,3,5],[6,7,5],[5,7,6],[4,1,3],[7,8,2]]}}