{"objLoc":[[0,0,0],[0,0.95,310],[0.9,0.95,135],[0.9,0.05,200],[0.7,0.75,345],[0,0.05,266],[-0.9,0.05,294],[-0.9,0.95,37],[-0.7,0.25,335]],"objIdentity":[0,3,4,6,7,2,1,5,8],"familiarise":{"path":[[0,0.5,213],[0.5,0.9,18],[0.9,0.1,203],[-0.9,0.2,276],[-0.7,0.7,328],[0.5,0.5,34],[0,0.2,325],[-0.2,0.8,166],[-0.5,0.1,163],[0.7,0.4,360],[0.9,0.9,59],[-0.5,0.5,256],[0.5,0.9,58],[0.5,0.1,292],[-0.6,0.8,13]]},"objlocLearn":{"learnOrder":[0,4,2,5,3,1,6,8,7],"startLoc":[[0,0,0],[-0.5,0.5,50],[-0.1,0.5,180],[-0.1,0.9,300],[0.5,0.9,240],[0.1,0.1,10],[0.1,0.5,190],[0.5,0.5,60],[-0.5,0.1,0]]},"objlocTestRun1":{"startLoc":[[0,0,0],[-0.32498654613211403,0.49462867967172597,356],[0.039857636910973729,0.37218056025586316,305],[0.44723254193126211,0.78364903024708044,207],[-0.45825697272577343,0.41143070255725722,296],[-0.44723254193126211,0.21635096975291956,308],[0.45825697272577343,0.58856929744274278,87],[-0.039857636910973729,0.62781943974413679,86],[0.32498654613211403,0.505371320328274,315],[-0.045830589170722094,0.68131287924176931,289],[0.94038230285004443,0.19362602324379596,117],[-0.54004609465263731,0.56569726008651733,230],[0.23777326399815518,0.22556974180734135,283],[0.54004609465263731,0.43430273991348273,276],[0.045830589170722094,0.31868712075823075,350],[-0.94038230285004443,0.806373976756204,291],[-0.23777326399815518,0.77443025819265865,93],[-0.266548984562271,0.70636752686538662,352],[-0.15653630793622536,0.49941715732677128,187],[-0.72133385985795573,0.4217996824394501,49],[0.266548984562271,0.29363247313461338,176],[-0.0021563499596266161,0.591734797810664,214],[0.0021563499596266161,0.4082652021893361,185],[0.15653630793622536,0.50058284267322872,94],[0.72133385985795573,0.5782003175605499,350],[-0.34677824252609807,0.28079335528147187,3],[0.29610997130858591,0.31139261513251165,177],[0.34677824252609807,0.71920664471852813,97],[0.20780969425690426,0.58542789574057807,346],[0.43302010205755476,0.82699787333588826,229],[-0.20780969425690426,0.414572104259422,234],[-0.43302010205755476,0.17300212666411174,305],[-0.29610997130858591,0.68860738486748829,6],[0.558627067835539,0.39989784618078406,14],[-0.90027787926116909,0.31101546296791666,110],[-0.23531682260223058,0.31295727304163445,341],[0.90027787926116909,0.68898453703208329,266],[0.23531682260223058,0.68704272695836555,94],[-0.558627067835539,0.60010215381921594,44],[0.21210233317651267,0.8354250630384058,144],[-0.21210233317651267,0.1645749369615942,174],[-0.14985430072160638,0.38135146369092143,263],[-0.14837175776574735,0.45524791715319196,39],[0.549231468868371,0.46140770253216129,300],[-0.549231468868371,0.53859229746783877,240],[0.10047692131414361,0.43806705047941519,100],[0.14837175776574735,0.544752082846808,18],[0.14985430072160638,0.61864853630907857,131],[-0.10047692131414361,0.56193294952058481,218],[0.53914709478983514,0.680695877248328,233],[0.93683588715475241,0.57259808890396724,70],[0.015865718860171033,0.39995842535054027,323],[-0.93683588715475241,0.42740191109603282,307],[-0.62810005288023674,0.40620602414493068,269],[-0.53914709478983514,0.31930412275167197,65],[-0.015865718860171033,0.60004157464945973,66],[0.62810005288023674,0.59379397585506932,232],[-0.14887608754137321,0.80912083640660382,249],[0.14887608754137321,0.19087916359339618,186],[-0.52517796705448672,0.69095340903325886,287],[0.41141355708062305,0.31701879140194833,219],[-0.41141355708062305,0.68298120859805167,281],[0.32171794873383336,0.40626308507662834,57],[-0.32171794873383336,0.59373691492337166,12],[0.52517796705448672,0.30904659096674114,143],[0.51986497679732357,0.38684109111412213,282],[0.74743758159089668,0.059987236903459334,58],[0.42359755556323792,0.90939126453330521,225],[-0.33322041036538946,0.93312597255875485,2],[-0.42359755556323792,0.09060873546669479,9],[-0.51986497679732357,0.61315890888587787,96],[-0.74743758159089668,0.94001276309654069,179],[0.33322041036538946,0.066874027441245154,129],[-0.25521376386769229,0.47035429030942066,294],[-0.13830521800882661,0.0666590098602381,172],[0.25521376386769229,0.52964570969057934,52],[-0.84085546307603942,0.48538468927362277,308],[-0.16764070670380432,0.83201724651854536,231],[0.16764070670380432,0.16798275348145458,105],[0.84085546307603942,0.51461531072637723,350],[0.13830521800882661,0.93334099013976191,199]],"learnOrder":[0,1,2,3,8,7,4,6,5,5,4,6,7,2,1,8,3,6,4,7,2,5,1,8,3,8,3,4,6,1,2,5,7,8,1,2,5,6,4,7,3,7,4,1,5,2,8,3,6,2,5,4,1,7,6,8,3,8,4,6,7,3,5,1,2,6,4,7,1,3,2,8,5,6,8,2,7,5,1,3,4]},"distEstPair":{"pairList":[[0,0],[4,5],[3,4],[1,4],[1,7],[2,3],[3,6],[4,7],[2,4],[3,5],[2,7],[5,8],[1,8],[1,2],[2,8],[1,3],[1,6],[1,5],[4,8],[3,8],[2,5],[2,6],[4,6],[6,8],[3,7],[5,6],[5,7],[6,7],[7,8],[5,4],[4,2],[5,3],[7,2],[4,3],[8,2],[2,1],[7,1],[4,1],[5,2],[3,1],[5,1],[6,1],[8,6],[6,2],[3,2],[8,7],[6,5],[6,3],[8,3],[8,4],[7,3],[8,5],[8,1],[7,4],[7,6],[7,5],[6,4]]},"distEst2AFC":{"triplet":[[0,0,0],[3,5,2],[1,2,7],[3,5,2],[2,3,4],[1,7,2],[7,1,6],[8,6,7],[7,6,1],[5,6,3],[3,2,5],[4,2,7],[5,6,7],[5,6,3],[1,7,2],[5,3,6],[1,2,7],[6,8,1],[2,4,5],[6,2,8],[7,1,6],[5,3,6],[3,2,5],[4,1,7],[7,6,1]]}}