{"objLoc":[[0,0,0],[0.1,0.9,341],[0.9,0.9,168],[0.9,0.1,70],[0.7,0.7,210],[-0.1,0.1,224],[-0.9,0.1,247],[-0.9,0.9,38],[-0.7,0.3,269]],"objIdentity":[0,8,1,5,4,2,3,7,6],"familiarise":{"path":[[0,0.5,144],[0.32802951449525364,0.87735479011138606,129],[0.73760553663974959,0.590566571935863,139],[0.24853173627284675,0.69452241734474274,103],[-0.7258383285123885,0.46957136300087776,146],[0.72960526090160627,0.83245420640037937,253],[0.32509676371413254,0.5385615802541428,2],[-0.15043149443344422,0.38405308306666908,137],[-0.49776067966294285,0.74372298323599462,350],[-0.62717020221420317,0.26076007009146046,166],[-0.12747478870465528,0.27820981844271092,10],[0.74714491843474051,0.763019438689048,342],[-0.13580267442418648,0.29354787590315717,296],[0.34482817354497297,0.43136655381165678,49],[-0.15395385158493913,0.46624479068371943,33],[-0.607107745103264,0.25493565981336974,161]]},"objlocLearn":{"learnOrder":[0,2,6,4,5,8,7,1,3],"startLoc":[[0,0,0],[-0.1,0.5,180],[0.1,0.5,190],[-0.5,0.5,50],[-0.1,0.9,300],[0.5,0.5,60],[-0.5,0.1,0],[0.1,0.1,10],[0.5,0.9,240]]},"objlocTestRun1":{"startLoc":[[0,0,0],[-0.23486761921925264,0.43255507493645495,328],[0.39746537719506042,0.46535684726195548,87],[-0.39746537719506042,0.53464315273804452,257],[-0.026636025047906034,0.1239888286891685,299],[0.23486761921925264,0.567444925063545,94],[0.026636025047906034,0.8760111713108315,250],[0.77724518414379862,0.16088713373454466,129],[-0.77724518414379862,0.83911286626545534,51],[0.21941832257309907,0.15102191607766036,213],[-0.5617471359933508,0.35941920047898646,198],[0.25567111783439683,0.13788872751301839,89],[-0.44684840926440977,0.387599924054993,187],[0.44684840926440977,0.612400075945007,312],[-0.21941832257309907,0.84897808392233964,151],[-0.25567111783439683,0.86211127248698161,171],[0.5617471359933508,0.64058079952101354,357],[0.31601302918584856,0.92036281995097036,283],[0.58250072248424867,0.88656498798650329,66],[0.488104251622875,0.19143343720418282,198],[-0.488104251622875,0.80856656279581718,352],[-0.31601302918584856,0.0796371800490296,233],[-0.49732678060633256,0.8205077749130576,114],[-0.58250072248424867,0.11343501201349671,17],[0.49732678060633256,0.1794922250869424,221]],"learnOrder":[0,2,1,5,7,6,3,8,4,8,5,7,6,2,4,3,1,8,7,5,1,4,6,3,2]},"objlocTestRun2":{"startLoc":[[0,0,0],[-0.074045937882152454,0.30699085656729691,307],[0.20639662317052537,0.050696439926649739,64],[-0.065882341636098782,0.16739365418857072,115],[-0.47922664745655347,0.94073263423650622,29],[0.47922664745655347,0.059267365763493784,32],[0.074045937882152454,0.693009143432703,140],[0.065882341636098782,0.83260634581142923,23],[-0.20639662317052537,0.94930356007335026,358],[0.71788667064237677,0.85086151139895028,69],[-0.71788667064237677,0.14913848860104972,63],[0.85820910039541753,0.44226776999761686,180],[-0.40269708532261944,0.46558845898777929,205],[-0.59555784465252026,0.7755528049412036,280],[0.59555784465252026,0.2244471950587964,94],[-0.85820910039541753,0.55773223000238314,159],[0.40269708532261944,0.53441154101222077,198],[-0.26112782096483794,0.57529318633913284,262],[-0.099868434040069468,0.647267662120339,6],[0.033097718328082351,0.38294404713597396,166],[0.099868434040069468,0.35273233787966091,346],[-0.033097718328082351,0.617055952864026,100],[-0.856904760123782,0.50263488698984782,68],[0.26112782096483794,0.4247068136608671,245],[0.856904760123782,0.49736511301015218,147]],"learnOrder":[0,4,7,1,2,6,8,5,3,3,7,1,2,4,8,5,6,7,8,1,4,5,6,3,2]},"distEstPair":{"pairList":[[0,0],[3,2],[6,8],[2,1],[1,5],[2,8],[4,7],[6,7],[5,8],[8,3],[4,8],[2,3],[8,6],[4,3],[1,4],[3,1],[8,5],[8,7],[3,5],[4,1],[7,6],[7,8],[5,2],[5,6],[5,4],[3,4],[8,1],[3,6],[7,3],[2,4],[6,2],[6,4],[7,5],[6,5],[1,2],[2,7],[1,3],[4,2],[7,1],[1,6],[5,7]]},"distEstEgo":{"pairList":[[0,0],[2,8],[3,2],[4,2],[8,6],[6,5],[5,6],[7,6],[2,1],[1,2],[7,3],[2,3],[6,7]]},"distEst2AFC":{"triplet":[[0,0,0],[6,7,5],[2,1,3],[4,1,3],[1,3,2],[6,5,7],[3,4,6],[6,7,5],[8,5,7],[3,7,1],[4,3,1],[2,3,1],[5,8,7],[4,3,1],[8,7,5],[2,3,1],[5,7,6],[7,8,2],[8,7,5],[1,4,3],[8,5,7],[2,1,3],[4,1,3],[6,5,7],[7,3,5]]}}