{"objLoc":[[0,0,0],[0,0.95,341],[0.9,0.95,168],[0.9,0.05,70],[0.7,0.75,210],[0,0.05,224],[-0.9,0.05,247],[-0.9,0.95,38],[-0.7,0.25,269]],"objIdentity":[0,8,1,5,4,2,3,7,6],"familiarise":{"path":[[0,0.5,215],[0.5,0.9,207],[0.9,0.1,254],[-0.9,0.2,335],[-0.7,0.7,19],[0.5,0.5,49],[0,0.2,43],[-0.2,0.8,132],[-0.5,0.1,290],[0.7,0.4,350],[0.9,0.9,120],[-0.5,0.5,173],[0.5,0.9,65],[0.5,0.1,325],[-0.6,0.8,275]]},"objlocLearn":{"learnOrder":[0,7,4,1,2,3,6,8,5],"startLoc":[[0,0,0],[-0.5,0.1,0],[-0.5,0.5,50],[0.1,0.1,10],[-0.1,0.5,180],[0.5,0.9,240],[0.1,0.5,190],[0.5,0.5,60],[-0.1,0.9,300]]},"objlocTestRun1":{"startLoc":[[0,0,0],[-0.89855383955383128,0.23661514101529968,137],[0.18070396122825533,0.946756504067178,350],[-0.18070396122825533,0.053243495932821974,166],[0.39173738801633723,0.7400894395951565,10],[0.89855383955383128,0.76338485898470032,342],[0.43708969287833538,0.61666908616514693,296],[-0.39173738801633723,0.2599105604048435,49],[-0.43708969287833538,0.38333091383485307,33],[0.68981655791908847,0.35242800415847003,161],[-0.3296805495129525,0.1450892455660821,241],[-0.45443404772197532,0.78137955492066169,9],[-0.066056510214929573,0.35316582658492918,335],[0.066056510214929573,0.64683417341507088,39],[0.45443404772197532,0.21862044507933831,104],[0.3296805495129525,0.85491075443391784,14],[-0.68981655791908847,0.64757199584153,140],[-0.58295009490788474,0.15963772654732383,111],[-0.36242914810916543,0.57325477925438428,256],[0.58295009490788474,0.84036227345267611,167],[0.36088937000600224,0.80418983181487336,287],[-0.36088937000600224,0.19581016818512664,237],[0.71545383488892589,0.726866924277896,88],[-0.71545383488892589,0.273133075722104,304],[0.36242914810916543,0.42674522074561577,168],[-0.066507261577675988,0.6835105897189403,47],[0.066507261577675988,0.3164894102810597,343],[-0.18528929975438063,0.1040173733879588,157],[0.18528929975438063,0.8959826266120412,203],[-0.33174824458535407,0.79436041829548931,338],[0.090399975536048241,0.32211054950454576,187],[-0.090399975536048241,0.67788945049545424,134],[0.33174824458535407,0.20563958170451069,136],[0.87642944114172661,0.33826885091310133,154],[-0.051873141771253392,0.50669985742974655,265],[-0.24451346948817504,0.60503137506675442,225],[-0.80853314108181151,0.42426258300665054,96],[0.80853314108181151,0.57573741699334946,50],[0.24451346948817504,0.39496862493324558,275],[-0.87642944114172661,0.66173114908689867,52],[0.051873141771253392,0.49330014257025345,90],[0.34658379760703689,0.1319632743352428,357],[-0.34658379760703689,0.8680367256647572,104],[-0.096680747833388828,0.58366144718164437,167],[0.84580710143589055,0.92934611657842559,343],[0.17433541885408738,0.077090725611152933,179],[-0.84580710143589055,0.070653883421574415,186],[-0.17433541885408738,0.92290927438884707,331],[0.096680747833388828,0.41633855281835569,132],[-0.16584128941390425,0.65178379861518465,325],[0.27083986146518996,0.53939662506344255,70],[0.055095290704134256,0.24682179054692932,26],[0.640637831161043,0.0719611523394601,141],[-0.055095290704134256,0.75317820945307068,360],[-0.27083986146518996,0.4606033749365574,41],[-0.640637831161043,0.9280388476605399,59],[0.16584128941390425,0.34821620138481535,47],[-0.80549592655315827,0.61511140786841667,285],[0.047002597526788967,0.551144940752212,317],[0.21020154737587776,0.27049436533770577,321],[0.80549592655315827,0.38488859213158333,230],[-0.0279777645835471,0.34123882336203953,150],[0.0279777645835471,0.65876117663796041,33],[-0.047002597526788967,0.44885505924778807,316],[-0.21020154737587776,0.72950563466229423,139]],"learnOrder":[0,7,5,1,4,3,2,8,6,2,3,4,1,5,8,7,6,3,6,7,4,8,1,5,2,1,5,6,2,8,3,7,4,5,4,3,6,2,7,1,8,4,8,7,1,6,5,2,3,5,7,6,8,2,3,4,1,8,5,3,4,2,6,1,7]},"distEstPair":{"pairList":[[0,0],[1,4],[2,8],[1,7],[6,8],[2,7],[2,3],[3,6],[3,8],[7,8],[5,7],[3,7],[1,6],[1,3],[2,6],[1,8],[6,7],[5,8],[1,5],[4,7],[2,5],[3,4],[4,5],[5,6],[4,8],[2,4],[3,5],[1,2],[4,6],[7,3],[6,1],[6,4],[5,2],[5,1],[8,1],[5,3],[7,1],[4,3],[4,1],[7,2],[3,2],[6,3],[7,4],[4,2],[6,5],[8,2],[7,5],[3,1],[8,3],[8,6],[2,1],[8,7],[6,2],[8,5],[7,6],[5,4],[8,4]]},"distEst2AFC":{"triplet":[[0,0,0],[1,2,7],[7,6,1],[5,6,3],[2,3,4],[7,1,6],[3,2,5],[6,2,8],[1,7,2],[5,6,3],[1,7,2],[5,3,6],[4,1,7],[6,8,1],[4,2,7],[5,6,7],[8,6,7],[2,4,5],[3,5,2],[1,2,7],[3,2,5],[7,6,1],[3,5,2],[7,1,6],[5,3,6]]}}