{"objLoc":[[0,0,0],[0,0.95,135],[0.9,0.95,343],[0.9,0.05,264],[0.7,0.75,216],[0,0.05,57],[-0.9,0.05,57],[-0.9,0.95,21],[-0.7,0.25,312]],"objIdentity":[0,3,7,8,6,1,2,5,4],"familiarise":{"path":[[0,0.5,110],[0.5,0.9,189],[0.9,0.1,156],[-0.9,0.2,105],[-0.7,0.7,221],[0.5,0.5,51],[0,0.2,106],[-0.2,0.8,132],[-0.5,0.1,165],[0.7,0.4,283],[0.9,0.9,72],[-0.5,0.5,186],[0.5,0.9,214],[0.5,0.1,17],[-0.6,0.8,219]]},"objlocLearn":{"learnOrder":[0,2,7,1,6,8,5,3,4],"startLoc":[[0,0,0],[-0.1,0.5,180],[-0.5,0.1,0],[0.1,0.1,10],[0.1,0.5,190],[0.5,0.5,60],[-0.1,0.9,300],[0.5,0.9,240],[-0.5,0.5,50]]},"objlocTestRun1":{"startLoc":[[0,0,0],[0.11371026189475757,0.840165588639699,269],[0.64367955421739165,0.11327211289168415,234],[-0.26135919557490478,0.15150853168130607,306],[-0.33187237154979782,0.39980956072053381,237],[0.33187237154979782,0.60019043927946614,205],[-0.11371026189475757,0.15983441136030097,34],[-0.64367955421739165,0.88672788710831585,133],[0.26135919557490478,0.84849146831869393,96],[-0.0091638707885866449,0.080949669003696559,88],[-0.59551688811653181,0.85330309864098008,351],[0.59551688811653181,0.14669690135901992,142],[0.052791642192296415,0.8423651786555284,322],[0.0091638707885866449,0.9190503309963034,228],[-0.052791642192296415,0.15763482134447154,287],[-0.43443683962959784,0.7958637582367365,181],[0.43443683962959784,0.2041362417632635,208],[0.27216867928218041,0.69715894128135725,178],[0.40516509572369047,0.73470654375520772,71],[-0.07475025963973643,0.22330386035234362,261],[0.7777087639496858,0.28290198344001521,102],[0.07475025963973643,0.77669613964765638,9],[-0.40516509572369047,0.26529345624479228,233],[-0.7777087639496858,0.71709801655998473,64],[-0.27216867928218041,0.3028410587186427,339],[-0.75257346985463713,0.66379687252532249,344],[0.75257346985463713,0.33620312747467751,330],[-0.11642667538204284,0.256129538040895,134],[-0.081122558000671988,0.82316819752271364,6],[0.11642667538204284,0.743870461959105,335],[0.30879234027256558,0.33053996848046985,155],[0.081122558000671988,0.17683180247728641,348],[-0.30879234027256558,0.66946003151953015,347],[-0.011788366907657652,0.52045954644379466,308],[0.011788366907657652,0.47954045355620534,107],[-0.038129240237840548,0.45796074859104829,139],[-0.13849520161011303,0.78621328933024381,307],[0.038129240237840548,0.54203925140895171,115],[-0.57417426343267541,0.88290442068820629,62],[0.57417426343267541,0.11709557931179375,201],[0.13849520161011303,0.21378671066975619,338],[0.59877653450149859,0.077373835011897207,251],[-0.13767206511875579,0.07287721406968567,206],[-0.68538810818705254,0.9437430825219284,35],[0.68538810818705254,0.056256917478071634,222],[-0.59877653450149859,0.92262616498810279,357],[0.13767206511875579,0.92712278593031439,51],[-0.9250851795409829,0.25497970763300826,187],[0.9250851795409829,0.74502029236699174,316],[-0.5993767140641848,0.31382839053714451,267],[-0.52275236438611761,0.1044509525922297,251],[0.020419874897374804,0.4256699028339011,253],[0.25917978140118264,0.33292038296869403,130],[0.52275236438611761,0.8955490474077703,106],[0.5993767140641848,0.68617160946285549,292],[-0.25917978140118264,0.667079617031306,292],[-0.020419874897374804,0.574330097166099,313],[0.4351136192778759,0.74414331201735118,329],[0.016284313212935178,0.86680982653348382,185],[0.75017196581253276,0.58810998092997668,181],[0.52799516010561254,0.84212116939968551,288],[-0.52799516010561254,0.15787883060031455,234],[-0.016284313212935178,0.13319017346651618,253],[-0.4351136192778759,0.25585668798264882,287],[-0.75017196581253276,0.41189001907002332,321],[0.30853117433310689,0.10138126647873269,122],[-0.801561046543922,0.87035674815327246,136],[0.801561046543922,0.12964325184672754,34],[-0.23426644097236,0.65219177763261571,209],[0.23426644097236,0.34780822236738429,13],[-0.30853117433310689,0.89861873352126731,168],[0.47634476461713765,0.58065536926793326,196],[-0.47634476461713765,0.41934463073206674,104],[-0.57763256140362418,0.090704560019484265,213],[0.57763256140362418,0.90929543998051576,11],[-0.48554716323179242,0.74408165105753976,14],[0.33591442916056508,0.48308844043097043,297],[-0.33215168814918067,0.70664556050425775,130],[-0.33591442916056508,0.51691155956902957,46],[0.48554716323179242,0.25591834894246024,189],[0.33215168814918067,0.29335443949574225,278]],"learnOrder":[0,5,8,7,2,6,1,4,3,1,4,8,7,5,3,2,6,6,3,8,1,4,7,5,2,8,4,7,6,3,1,2,5,3,7,5,4,1,6,2,8,5,3,8,4,1,7,6,2,6,5,4,3,1,2,7,8,2,3,1,8,4,7,6,5,8,5,1,6,2,4,7,3,1,5,7,8,2,4,3,6]},"distEstPair":{"pairList":[[0,0],[3,6],[1,5],[3,5],[1,4],[4,8],[4,7],[1,2],[5,6],[2,8],[6,8],[2,6],[4,6],[3,4],[2,5],[1,6],[1,7],[5,7],[1,3],[1,8],[6,7],[4,5],[5,8],[2,3],[2,7],[3,8],[7,8],[3,7],[2,4],[5,2],[6,1],[8,2],[5,4],[6,5],[5,3],[7,3],[4,2],[4,3],[8,3],[7,5],[4,1],[7,4],[7,2],[6,4],[7,1],[8,5],[3,1],[3,2],[7,6],[8,4],[8,1],[8,7],[6,3],[2,1],[5,1],[6,2],[8,6]]},"distEst2AFC":{"triplet":[[0,0,0],[1,2,7],[7,1,6],[5,3,6],[1,7,2],[7,1,6],[6,8,1],[7,6,1],[2,4,5],[3,2,5],[4,1,7],[5,6,7],[5,3,6],[7,6,1],[1,7,2],[2,3,4],[6,2,8],[4,2,7],[1,2,7],[5,6,3],[3,5,2],[5,6,3],[3,2,5],[8,6,7],[3,5,2]]}}