{"objLoc":[[0,0,0],[0,0.95,14],[0.9,0.95,281],[0.9,0.05,34],[0.7,0.75,228],[0,0.05,6],[-0.9,0.05,338],[-0.9,0.95,154],[-0.7,0.25,92]],"objIdentity":[0,3,1,2,6,4,7,8,5],"familiarise":{"path":[[0,0.5,98],[0.5,0.9,302],[0.9,0.1,102],[-0.9,0.2,50],[-0.7,0.7,258],[0.5,0.5,171],[0,0.2,201],[-0.2,0.8,139],[-0.5,0.1,339],[0.7,0.4,30],[0.9,0.9,331],[-0.5,0.5,57],[0.5,0.9,160],[0.5,0.1,77],[-0.6,0.8,63]]},"objlocLearn":{"learnOrder":[0,5,1,8,6,4,2,3,7],"startLoc":[[0,0,0],[-0.1,0.9,300],[0.1,0.1,10],[0.5,0.5,60],[0.1,0.5,190],[-0.5,0.5,50],[-0.1,0.5,180],[0.5,0.9,240],[-0.5,0.1,0]]},"objlocTestRun1":{"startLoc":[[0,0,0],[-0.52466049049029184,0.4989768824818398,232],[-0.0729883058517327,0.3674208251472475,211],[0.097221483763026015,0.3461216245112213,230],[0.0729883058517327,0.6325791748527525,4],[0.5833997267355151,0.11790183924593514,200],[-0.5833997267355151,0.88209816075406489,188],[-0.097221483763026015,0.6538783754887787,224],[0.52466049049029184,0.5010231175181602,147],[-0.12740050178826129,0.92361961739572562,296],[0.743674391646657,0.063701120301583924,162],[0.53720669592517667,0.6022424206897472,344],[-0.2584653345190368,0.20224112697155461,219],[0.2584653345190368,0.79775887302844539,256],[0.12740050178826129,0.076380382604274433,318],[-0.743674391646657,0.93629887969841608,34],[-0.53720669592517667,0.3977575793102528,320],[0.3961090772888925,0.52187436374112772,130],[0.66298928216673692,0.69942908350201727,323],[-0.66298928216673692,0.30057091649798273,313],[-0.16371277538711432,0.5360159659684558,162],[-0.3961090772888925,0.47812563625887228,196],[-0.87034354415079562,0.88618234996005918,356],[0.16371277538711432,0.46398403403154426,347],[0.87034354415079562,0.11381765003994079,226],[0.64486411618194484,0.9151160741520783,327],[0.81595169948864421,0.40524057315212725,191],[-0.81595169948864421,0.59475942684787275,222],[-0.33793710404507354,0.053420459529089005,187],[0.37834613445014703,0.63293246419203408,167],[-0.64486411618194484,0.0848839258479217,193],[-0.37834613445014703,0.36706753580796592,304],[0.33793710404507354,0.946579540470911,324],[0.62895492451930446,0.84804982243000648,32],[0.76585363767736814,0.62650401198284045,215],[-0.52528056607465956,0.77166368185482126,259],[0.52528056607465956,0.22833631814517874,224],[-0.76585363767736814,0.37349598801715955,348],[0.46508588918032084,0.82884531927097216,13],[-0.62895492451930446,0.15195017756999354,314],[-0.46508588918032084,0.17115468072902784,168],[-0.058233895942284716,0.23538781026077155,55],[0.50366110706012246,0.77609013344896682,64],[-0.50366110706012246,0.22390986655103318,176],[0.023013390109136903,0.12079614089139153,256],[0.058233895942284716,0.7646121897392284,206],[-0.82802120919262068,0.38306575852381197,53],[-0.023013390109136903,0.87920385910860843,45],[0.82802120919262068,0.616934241476188,98],[0.32037035214757043,0.52635200211376465,125],[-0.45569331295681043,0.052883102924304287,163],[-0.035648346829125141,0.84557672226175506,69],[-0.88509645406705628,0.55953617646374976,115],[0.45569331295681043,0.94711689707569569,79],[-0.32037035214757043,0.47364799788623535,337],[0.035648346829125141,0.15442327773824494,137],[0.88509645406705628,0.44046382353625024,256],[-0.57404566551290825,0.1014763625276347,52],[0.57404566551290825,0.8985236374723653,125],[0.9415025799000114,0.89214685644515479,221],[-0.9415025799000114,0.10785314355484521,164],[0.66562023618619226,0.73289028089741071,108],[-0.695909926555605,0.21154058555246635,261],[-0.66562023618619226,0.26710971910258924,152],[0.695909926555605,0.78845941444753365,288],[0.88637711844673306,0.35966800754096251,245],[-0.68421064513252272,0.075747868152450049,249],[-0.88637711844673306,0.64033199245903749,270],[0.68421064513252272,0.92425213184755,265],[0.72609375998149828,0.12457724805440695,38],[-0.72609375998149828,0.875422751945593,45],[0.16381073759963255,0.095132937987715382,221],[-0.16381073759963255,0.90486706201228462,14],[0.67341326523717737,0.22977841355805934,343],[-0.44112184651883263,0.74945127232457476,358],[-0.32467616386262693,0.63699531976406021,65],[-0.74496524918133433,0.4000630799004079,127],[0.44112184651883263,0.2505487276754253,303],[0.74496524918133433,0.5999369200995921,269],[-0.67341326523717737,0.77022158644194061,85],[0.32467616386262693,0.36300468023593979,355]],"learnOrder":[0,3,1,8,5,2,6,4,7,8,5,3,6,2,4,1,7,6,5,1,7,2,8,3,4,2,3,7,4,1,6,5,8,8,3,1,5,7,2,4,6,4,3,7,1,8,6,5,2,6,4,3,1,8,2,7,5,6,2,3,7,5,4,1,8,5,6,1,2,8,4,7,3,1,8,3,6,4,2,5,7]},"distEstPair":{"pairList":[[0,0],[5,6],[1,5],[4,7],[4,5],[6,8],[2,7],[1,2],[6,7],[1,7],[2,5],[5,7],[3,5],[3,4],[4,8],[5,8],[1,4],[4,6],[1,3],[2,3],[1,6],[3,6],[3,7],[2,6],[1,8],[2,8],[7,8],[3,8],[2,4],[6,4],[8,2],[5,4],[5,1],[6,1],[8,1],[8,6],[4,3],[7,5],[8,4],[7,1],[7,3],[4,2],[6,2],[6,5],[7,2],[8,5],[8,7],[5,2],[4,1],[2,1],[6,3],[7,4],[7,6],[3,1],[3,2],[5,3],[8,3]]},"distEst2AFC":{"triplet":[[0,0,0],[4,2,7],[3,2,5],[1,7,2],[5,3,6],[7,6,1],[8,6,7],[3,5,2],[5,6,7],[6,2,8],[5,6,3],[1,7,2],[7,6,1],[5,3,6],[7,1,6],[6,8,1],[3,5,2],[5,6,3],[7,1,6],[1,2,7],[2,4,5],[3,2,5],[2,3,4],[1,2,7],[4,1,7]]}}