{"objLoc":[[0,0,0],[0,0.95,81],[0.9,0.95,189],[0.9,0.05,199],[0.7,0.75,17],[0,0.05,130],[-0.9,0.05,81],[-0.9,0.95,248],[-0.7,0.25,59]],"objIdentity":[0,1,4,6,7,8,3,5,2],"familiarise":{"path":[[0,0.5,251],[0.5,0.9,168],[0.9,0.1,78],[-0.9,0.2,161],[-0.7,0.7,44],[0.5,0.5,331],[0,0.2,204],[-0.2,0.8,170],[-0.5,0.1,114],[0.7,0.4,16],[0.9,0.9,271],[-0.5,0.5,196],[0.5,0.9,277],[0.5,0.1,285],[-0.6,0.8,26]]},"objlocLearn":{"learnOrder":[0,2,8,4,5,1,6,3,7],"startLoc":[[0,0,0],[-0.1,0.5,180],[0.5,0.5,60],[-0.5,0.5,50],[-0.1,0.9,300],[0.1,0.1,10],[0.1,0.5,190],[0.5,0.9,240],[-0.5,0.1,0]]},"objlocTestRun1":{"startLoc":[[0,0,0],[-0.75592895028437179,0.929785564795957,243],[0.16007539595028425,0.42809319913078131,150],[-0.20165208728261935,0.35526686280603775,230],[0.20165208728261935,0.64473313719396219,3],[0.75592895028437179,0.070214435204043024,264],[-0.92819002585566779,0.74416500196228874,297],[0.92819002585566779,0.25583499803771126,17],[-0.16007539595028425,0.57190680086921875,129],[0.27229142368846931,0.36123154849484562,80],[-0.39758038117023803,0.07515902668696739,234],[-0.27229142368846931,0.63876845150515438,32],[0.39758038117023803,0.92484097331303261,123],[-0.60067041994881376,0.82432255662653375,238],[-0.17623049697535237,0.57462391801985346,299],[0.60067041994881376,0.17567744337346625,69],[0.17623049697535237,0.42537608198014654,6],[0.14821281659219804,0.35660684483977939,80],[0.716707158067629,0.0847830259277762,281],[-0.14821281659219804,0.64339315516022055,2],[0.45736898982719393,0.83332475759812,249],[-0.45736898982719393,0.16667524240188003,76],[-0.716707158067629,0.9152169740722238,299],[-0.58907432354882849,0.56241033830448228,291],[0.58907432354882849,0.43758966169551766,339],[-0.28724471162606985,0.10698997109510866,179],[-0.8696843396417564,0.90701770900559375,174],[0.28724471162606985,0.89301002890489134,295],[0.8696843396417564,0.092982290994406275,202],[-0.886399704765088,0.53999163018300489,300],[-0.50879057380877368,0.22877937822659422,221],[0.886399704765088,0.46000836981699511,134],[0.50879057380877368,0.77122062177340578,285],[0.7767718800213772,0.44330703011071709,210],[-0.43416753075150677,0.92916748760962375,252],[0.18919630176380214,0.68095433213292944,22],[-0.44228542169420776,0.34190019564674479,69],[-0.7767718800213772,0.55669296988928285,144],[0.43416753075150677,0.070832512390376245,266],[0.44228542169420776,0.65809980435325521,199],[-0.18919630176380214,0.3190456678670705,87],[-0.54068494126541311,0.37076667535588659,328],[0.62388412681192484,0.86885705299168026,10],[-0.051309818808896249,0.43971129331485781,105],[-0.62388412681192484,0.13114294700831974,73],[0.54068494126541311,0.62923332464411341,132],[-0.44244040158858017,0.21178976127436572,319],[0.051309818808896249,0.56028870668514219,248],[0.44244040158858017,0.78821023872563423,51],[0.915040101401829,0.39488875736448725,68],[-0.915040101401829,0.60511124263551275,15],[0.29555137423181027,0.7898250346402933,69],[-0.42359597356956774,0.33565698485126338,65],[-0.50565968297746045,0.88851669411746748,113],[0.50565968297746045,0.11148330588253252,226],[0.42359597356956774,0.66434301514873662,259],[-0.29555137423181027,0.2101749653597067,48],[0.20145038795404518,0.8952945191855407,195],[0.64073217865615462,0.69651842617914572,301],[-0.64073217865615462,0.30348157382085428,131],[0.56109409218865025,0.15156096998161439,202],[0.5122297632159396,0.2818834375407353,189],[-0.5122297632159396,0.7181165624592647,205],[-0.56109409218865025,0.84843903001838561,326],[-0.20145038795404518,0.1047054808144593,100]],"learnOrder":[0,4,2,3,7,8,1,5,6,8,6,4,2,5,3,1,7,1,8,5,3,7,4,6,2,8,6,4,2,7,1,3,5,4,1,7,6,8,5,2,3,1,3,6,7,5,4,2,8,5,1,4,6,7,3,2,8,3,8,4,2,5,1,6,7]},"distEstPair":{"pairList":[[0,0],[1,3],[2,4],[1,7],[1,4],[4,8],[3,6],[1,5],[3,8],[5,6],[1,8],[5,7],[6,8],[1,2],[7,8],[3,5],[1,6],[4,7],[3,7],[2,7],[2,6],[2,3],[2,8],[2,5],[4,6],[5,8],[4,5],[6,7],[3,4],[2,1],[4,2],[6,4],[8,6],[6,3],[7,4],[5,1],[4,3],[8,4],[8,1],[6,5],[3,1],[7,6],[7,2],[5,2],[6,2],[8,5],[4,1],[7,1],[5,3],[7,3],[3,2],[7,5],[6,1],[5,4],[8,3],[8,7],[8,2]]},"distEst2AFC":{"triplet":[[0,0,0],[6,2,8],[7,6,1],[3,2,5],[5,6,7],[5,6,3],[7,1,6],[5,3,6],[1,7,2],[5,3,6],[3,5,2],[2,4,5],[1,2,7],[6,8,1],[7,1,6],[4,1,7],[8,6,7],[3,2,5],[1,7,2],[3,5,2],[1,2,7],[4,2,7],[7,6,1],[5,6,3],[2,3,4]]}}