{"objLoc":[[0,0,0],[0,0.95,165],[0.9,0.95,112],[0.9,0.05,84],[0.7,0.75,100],[0,0.05,295],[-0.9,0.05,41],[-0.9,0.95,226],[-0.7,0.25,100]],"objIdentity":[0,4,6,7,2,1,3,5,8],"familiarise":{"path":[[0,0.5,67],[0.5,0.9,356],[0.9,0.1,271],[-0.9,0.2,81],[-0.7,0.7,54],[0.5,0.5,186],[0,0.2,142],[-0.2,0.8,26],[-0.5,0.1,122],[0.7,0.4,4],[0.9,0.9,277],[-0.5,0.5,315],[0.5,0.9,193],[0.5,0.1,31],[-0.6,0.8,297]]},"objlocLearn":{"learnOrder":[0,3,4,1,7,5,8,2,6],"startLoc":[[0,0,0],[0.5,0.9,240],[-0.5,0.5,50],[0.1,0.1,10],[-0.5,0.1,0],[-0.1,0.9,300],[0.5,0.5,60],[-0.1,0.5,180],[0.1,0.5,190]]},"objlocTestRun1":{"startLoc":[[0,0,0],[0.38814921354129023,0.0865573705557095,218],[-0.47713388984735478,0.62873056290914864,231],[0.75425752823082171,0.34371103748361193,307],[-0.38814921354129023,0.91344262944429055,72],[0.33981390743199408,0.3304929828528782,166],[-0.75425752823082171,0.65628896251638813,150],[0.47713388984735478,0.37126943709085136,357],[-0.33981390743199408,0.6695070171471218,122],[0.529062651620641,0.63785054482004,111],[-0.529062651620641,0.36214945517996,55],[0.40439949750354925,0.61651396630197874,109],[-0.37914374795566691,0.27082449746874382,260],[0.5056127372884327,0.51125260087582358,129],[-0.5056127372884327,0.48874739912417642,311],[-0.40439949750354925,0.38348603369802126,240],[0.37914374795566691,0.72917550253125618,16],[-0.0085007882510648586,0.39338879074516986,286],[0.0085007882510648586,0.60661120925483014,155],[-0.87122065318476594,0.52416473021417231,180],[-0.072952449985978648,0.72739636509147709,220],[0.072952449985978648,0.27260363490852291,324],[0.87122065318476594,0.47583526978582774,141],[-0.087444998342100358,0.84221524205012832,216],[0.087444998342100358,0.15778475794987165,337],[-0.85189257786546735,0.58947855795615034,7],[-0.29811625952186466,0.61860826856738871,100],[0.857102030808897,0.1732466935367179,90],[0.85189257786546735,0.41052144204384966,131],[-0.22943916852243257,0.61161160073123155,203],[0.22943916852243257,0.38838839926876845,173],[0.29811625952186466,0.38139173143261129,314],[-0.857102030808897,0.82675330646328216,232],[-0.91141124896783388,0.42910580227297435,183],[0.85345274822964434,0.15393485090566256,127],[0.62994865095798036,0.36984910360014384,285],[-0.62994865095798036,0.63015089639985611,357],[0.91141124896783388,0.57089419772702565,357],[-0.25095845437360803,0.544356720985164,275],[0.25095845437360803,0.45564327901483603,311],[-0.85345274822964434,0.84606514909433739,335],[-0.051605748781428942,0.17946369189423073,283],[0.93152140997586064,0.44611866982566734,78],[0.50271764660166585,0.22816820027215134,163],[-0.50271764660166585,0.77183179972784866,141],[0.051605748781428942,0.82053630810576927,169],[0.47165191548107405,0.25604201650841096,266],[-0.93152140997586064,0.55388133017433261,44],[-0.47165191548107405,0.743957983491589,229],[0.19705443773512948,0.49426712512342363,219],[-0.71657126606421073,0.52668379499481155,320],[0.44580991733843062,0.43386892535710675,347],[0.46091999191171457,0.56356278267733118,45],[-0.44580991733843062,0.56613107464289325,48],[-0.46091999191171457,0.43643721732266882,298],[-0.19705443773512948,0.50573287487657637,237],[0.71657126606421073,0.4733162050051884,174],[-0.822797197439852,0.36219942288143614,193],[-0.045626543905931308,0.11294125661943666,182],[0.822797197439852,0.63780057711856386,97],[-0.084421671185896316,0.46217030531980779,350],[-0.28262232352162647,0.93681133199683109,76],[0.28262232352162647,0.063188668003168955,295],[0.045626543905931308,0.88705874338056334,70],[0.084421671185896316,0.53782969468019215,150]],"learnOrder":[0,3,1,4,7,2,8,5,6,7,3,8,1,2,6,4,5,4,8,7,2,6,3,5,1,8,1,2,4,7,3,5,6,8,2,1,5,4,3,7,6,7,2,5,1,3,4,6,8,1,8,6,3,2,7,5,4,5,8,1,2,7,3,4,6]},"distEstPair":{"pairList":[[0,0],[2,7],[1,5],[2,3],[1,2],[7,8],[4,8],[3,6],[2,4],[3,8],[4,5],[4,6],[2,8],[5,6],[3,7],[6,7],[1,8],[3,5],[1,3],[4,7],[6,8],[5,7],[3,4],[2,5],[1,7],[1,4],[2,6],[5,8],[1,6],[7,5],[3,1],[7,6],[6,5],[6,2],[5,1],[7,2],[8,4],[8,2],[5,2],[6,1],[7,1],[8,6],[8,5],[4,1],[2,1],[4,2],[5,4],[5,3],[7,4],[8,1],[4,3],[6,4],[8,3],[3,2],[6,3],[7,3],[8,7]]},"distEst2AFC":{"triplet":[[0,0,0],[7,1,6],[8,6,7],[5,6,7],[6,2,8],[1,2,7],[6,8,1],[3,5,2],[7,1,6],[2,3,4],[3,5,2],[5,6,3],[3,2,5],[4,1,7],[2,4,5],[5,3,6],[1,7,2],[7,6,1],[5,3,6],[1,2,7],[7,6,1],[1,7,2],[3,2,5],[5,6,3],[4,2,7]]}}