{"objLoc":[[0,0,0],[0,0.95,154],[0.9,0.95,294],[0.9,0.05,265],[0.7,0.75,313],[0,0.05,139],[-0.9,0.05,353],[-0.9,0.95,322],[-0.7,0.25,76]],"objIdentity":[0,7,8,2,1,5,4,6,3],"familiarise":{"path":[[0,0.5,135],[0.5,0.9,286],[0.9,0.1,55],[-0.9,0.2,62],[-0.7,0.7,30],[0.5,0.5,110],[0,0.2,282],[-0.2,0.8,59],[-0.5,0.1,26],[0.7,0.4,253],[0.9,0.9,66],[-0.5,0.5,216],[0.5,0.9,150],[0.5,0.1,185],[-0.6,0.8,80]]},"objlocLearn":{"learnOrder":[0,8,5,6,7,1,4,2,3],"startLoc":[[0,0,0],[0.5,0.5,60],[-0.1,0.9,300],[0.1,0.5,190],[-0.5,0.1,0],[0.1,0.1,10],[-0.5,0.5,50],[-0.1,0.5,180],[0.5,0.9,240]]},"objlocTestRun1":{"startLoc":[[0,0,0],[-0.550243869561949,0.57503307330017706,193],[-0.58408701177481281,0.20413797932010413,65],[-0.72679385324349832,0.91981909942166162,30],[-0.5507578236666304,0.89847645595808745,147],[0.550243869561949,0.42496692669982294,186],[0.5507578236666304,0.10152354404191255,163],[0.58408701177481281,0.79586202067989587,327],[0.72679385324349832,0.080180900578338377,330],[0.15831235182277154,0.13317972249001847,62],[0.074987267649868891,0.75084072370548083,66],[0.23130057976908852,0.686341952297286,222],[-0.15831235182277154,0.86682027750998158,322],[-0.28290990712250225,0.13012591082786684,106],[-0.23130057976908852,0.313658047702714,358],[-0.074987267649868891,0.24915927629451917,9],[0.28290990712250225,0.86987408917213316,337],[0.42260241043330388,0.90238585753676726,258],[0.027303031925247037,0.69903713934236433,294],[-0.027303031925247037,0.30096286065763567,158],[0.92410394690109365,0.19676290237890381,313],[-0.48402767046410727,0.13051816712957787,287],[-0.42260241043330388,0.097614142463232745,201],[-0.92410394690109365,0.80323709762109619,311],[0.48402767046410727,0.86948183287042213,101],[0.78809700885110723,0.68412763463326509,186],[-0.78809700885110723,0.31587236536673491,15],[-0.91732956490129469,0.28453011789326577,314],[-0.35781500669680927,0.149954062865826,179],[-0.49079293310681577,0.92803597947898553,170],[0.49079293310681577,0.071964020521014471,36],[0.91732956490129469,0.71546988210673423,271],[0.35781500669680927,0.850045937134174,150],[0.43265359776229667,0.33277887153943064,113],[-0.43265359776229667,0.66722112846056936,154],[0.02039152882538027,0.68868407498738948,328],[0.21468746438107594,0.31487548552447364,359],[0.37291360766212051,0.13945973025300828,74],[-0.02039152882538027,0.31131592501261052,148],[-0.21468746438107594,0.68512451447552636,85],[-0.37291360766212051,0.86054026974699172,197],[0.43261694077445861,0.89847302340123791,253],[0.80429119743085953,0.30933760509330938,70],[0.31907786816605915,0.8962282409394734,261],[-0.31907786816605915,0.10377175906052657,39],[-0.80429119743085953,0.69066239490669057,98],[0.70213142864547406,0.55492482620852279,18],[-0.43261694077445861,0.10152697659876209,42],[-0.70213142864547406,0.44507517379147721,117],[0.20545144941480792,0.10468372700715334,298],[-0.34963770696466162,0.48173675020709061,21],[-0.60327793690514464,0.257716872464887,5],[0.34963770696466162,0.51826324979290939,224],[0.0615249449815493,0.93642087063300439,132],[-0.0615249449815493,0.063579129366995654,281],[-0.20545144941480792,0.89531627299284666,233],[0.60327793690514464,0.74228312753511294,334],[0.52405016028514084,0.34818421128635313,86],[-0.20289348330338047,0.2392948131825417,178],[0.71699497297225978,0.8815003799838621,194],[-0.71699497297225978,0.1184996200161379,166],[-0.043372265755454539,0.86335404908802627,153],[0.043372265755454539,0.13664595091197373,196],[0.20289348330338047,0.76070518681745836,234],[-0.52405016028514084,0.65181578871364687,305],[0.50095082725283646,0.41087377744765358,80],[0.91333572611435088,0.22469731806224946,79],[-0.020462702591574497,0.586592566487749,149],[0.23431723473931271,0.70522049840132073,193],[-0.50095082725283646,0.58912622255234637,103],[-0.91333572611435088,0.77530268193775054,350],[0.020462702591574497,0.41340743351225095,122],[-0.23431723473931271,0.29477950159867927,243],[-0.11071977077371815,0.45044304923257872,341],[-0.63441145844282332,0.84808909653754094,130],[0.4478767100096655,0.057460192823253764,327],[0.11071977077371815,0.54955695076742128,165],[0.66429809534259077,0.46368049792377436,313],[0.63441145844282332,0.15191090346245911,316],[-0.66429809534259077,0.5363195020762257,176],[-0.4478767100096655,0.94253980717674624,233]],"learnOrder":[0,2,3,1,4,6,8,7,5,1,7,4,5,6,8,3,2,4,3,7,5,6,8,1,2,1,5,7,4,2,6,3,8,4,8,3,5,6,7,1,2,3,1,8,4,5,2,7,6,7,5,4,1,6,2,3,8,8,2,1,5,3,7,6,4,3,2,1,4,7,6,5,8,7,8,5,3,2,4,6,1]},"distEstPair":{"pairList":[[0,0],[2,7],[4,6],[6,8],[7,8],[4,7],[4,5],[1,8],[3,8],[3,4],[1,2],[2,6],[1,3],[1,7],[2,8],[1,4],[5,6],[2,3],[3,7],[6,7],[3,5],[4,8],[5,7],[1,5],[2,5],[1,6],[2,4],[5,8],[3,6],[4,1],[3,2],[7,6],[8,3],[4,2],[8,2],[4,3],[8,7],[8,6],[8,1],[5,1],[8,5],[5,4],[7,5],[6,2],[7,3],[5,2],[3,1],[6,4],[6,3],[7,4],[7,2],[5,3],[7,1],[6,1],[8,4],[6,5],[2,1]]},"distEst2AFC":{"triplet":[[0,0,0],[1,7,2],[7,1,6],[5,6,7],[1,7,2],[5,3,6],[3,5,2],[5,6,3],[6,8,1],[5,6,3],[6,2,8],[1,2,7],[4,2,7],[3,2,5],[7,1,6],[3,2,5],[7,6,1],[8,6,7],[5,3,6],[1,2,7],[7,6,1],[2,4,5],[2,3,4],[4,1,7],[3,5,2]]}}