{"objLoc":[[0,0,0],[0,0.95,349],[0.9,0.95,198],[0.9,0.05,351],[0.7,0.75,258],[0,0.05,252],[-0.9,0.05,78],[-0.9,0.95,352],[-0.7,0.25,3]],"objIdentity":[0,7,4,1,2,8,3,5,6],"familiarise":{"path":[[0,0.5,4],[0.5,0.9,140],[0.9,0.1,16],[-0.9,0.2,345],[-0.7,0.7,158],[0.5,0.5,342],[0,0.2,284],[-0.2,0.8,312],[-0.5,0.1,63],[0.7,0.4,27],[0.9,0.9,217],[-0.5,0.5,61],[0.5,0.9,265],[0.5,0.1,148],[-0.6,0.8,191]]},"objlocLearn":{"learnOrder":[0,3,4,8,2,6,5,7,1],"startLoc":[[0,0,0],[0.5,0.9,240],[-0.5,0.5,50],[0.5,0.5,60],[-0.1,0.5,180],[0.1,0.5,190],[-0.1,0.9,300],[-0.5,0.1,0],[0.1,0.1,10]]},"objlocTestRun1":{"startLoc":[[0,0,0],[0.15812502111111121,0.13579917013096965,185],[-0.027842024458947304,0.43552276554672575,342],[0.027842024458947304,0.56447723445327425,134],[-0.15812502111111121,0.86420082986903035,344],[-0.44269756343239036,0.33918313776891429,21],[0.28462970713675023,0.40721000261155937,198],[-0.28462970713675023,0.59278999738844063,216],[0.44269756343239036,0.66081686223108571,347],[-0.61944344734791712,0.63729379696004984,334],[0.23544061574162373,0.74066447038111149,184],[0.61944344734791712,0.3627062030399501,274],[-0.18083208710927862,0.34805705278201043,352],[-0.65304328858224525,0.51103612476529314,266],[0.18083208710927862,0.65194294721798962,344],[0.65304328858224525,0.48896387523470686,339],[-0.23544061574162373,0.25933552961888851,174],[-0.71437222520478316,0.73357657624699835,238],[0.71437222520478316,0.26642342375300165,65],[0.60994957092185142,0.61198180827121185,158],[-0.60994957092185142,0.38801819172878815,312],[-0.13706366351822225,0.18910071581529797,208],[0.13706366351822225,0.810899284184702,101],[-0.58927440203967518,0.49078073363455388,45],[0.58927440203967518,0.50921926636544612,84],[-0.55940430339562019,0.58223589192509184,45],[0.55940430339562019,0.41776410807490816,85],[-0.68592719233083677,0.41388069463849897,139],[-0.0048128127211752442,0.33199962807528871,16],[0.81076931715647715,0.65023499438566346,302],[0.68592719233083677,0.586119305361501,146],[0.0048128127211752442,0.66800037192471129,205],[-0.81076931715647715,0.34976500561433654,230],[0.483637953692106,0.29066589626902894,48],[-0.69497234029378863,0.63474331023003594,30],[-0.46800866754337206,0.5492667766483027,57],[-0.84321526117778656,0.79359818562025164,356],[0.46800866754337206,0.4507332233516973,38],[0.69497234029378863,0.36525668976996412,153],[-0.483637953692106,0.709334103730971,316],[0.84321526117778656,0.20640181437974831,211],[-0.23736860372178564,0.14404895054946854,7],[-0.74983745540180369,0.48673942617816934,320],[-0.84091311448126249,0.53105929266421792,139],[0.20371576783795314,0.39296306602031572,61],[-0.20371576783795314,0.60703693397968428,122],[0.23736860372178564,0.85595104945053146,214],[0.74983745540180369,0.51326057382183066,14],[0.84091311448126249,0.46894070733578208,232],[0.49968791842319565,0.72753817593237169,220],[0.196770669684392,0.10856103114452662,83],[-0.26057818197705979,0.62380136571686307,154],[-0.12014404531492488,0.284829941565046,70],[0.12014404531492488,0.71517005843495407,8],[0.26057818197705979,0.37619863428313693,211],[-0.49968791842319565,0.27246182406762831,161],[-0.196770669684392,0.89143896885547336,304],[0.16630279784076213,0.57286936890292961,72],[0.58625183597396968,0.50198529684442483,159],[-0.91429884634939551,0.074049805283962322,241],[-0.58625183597396968,0.49801470315557517,25],[-0.16630279784076213,0.42713063109707033,128],[0.91429884634939551,0.92595019471603768,247],[-0.076141986321331914,0.83373189469660614,89],[0.076141986321331914,0.16626810530339392,132],[-0.7646015261646677,0.068345364163563072,208],[0.603353731314707,0.12345526477421354,148],[-0.21766940806563068,0.62271468765964588,316],[0.21766940806563068,0.37728531234035412,310],[-0.603353731314707,0.87654473522578646,301],[-0.082251598544714713,0.91951014389143171,154],[0.082251598544714713,0.080489856108568236,69],[0.7646015261646677,0.93165463583643693,230],[0.29922080808701773,0.53141234149800731,155],[-0.29922080808701773,0.46858765850199269,183],[-0.508740265228417,0.90631927722240269,235],[0.23478079487313636,0.12486571031377505,339],[-0.12953806445166755,0.79716929188851171,291],[0.508740265228417,0.093680722777597258,45],[0.12953806445166755,0.20283070811148829,327],[-0.23478079487313636,0.875134289686225,244]],"learnOrder":[0,6,7,3,2,8,1,5,4,8,1,4,2,7,6,3,5,4,8,5,1,6,2,7,3,8,4,6,5,3,2,1,7,6,7,1,8,5,3,2,4,5,6,8,7,3,1,2,4,4,2,1,3,7,5,8,6,7,5,8,1,3,4,6,2,7,5,6,2,1,8,4,3,4,8,6,3,1,2,5,7]},"distEstPair":{"pairList":[[0,0],[5,7],[6,8],[2,4],[4,7],[3,8],[1,7],[3,5],[1,2],[4,6],[2,6],[1,8],[3,6],[2,3],[1,4],[2,7],[5,6],[1,5],[5,8],[3,7],[1,6],[7,8],[4,8],[2,5],[1,3],[6,7],[4,5],[3,4],[2,8],[5,1],[3,2],[8,1],[6,5],[2,1],[8,7],[8,3],[7,3],[8,2],[4,3],[7,2],[7,6],[3,1],[5,4],[4,1],[8,6],[7,4],[8,4],[6,3],[6,4],[7,1],[5,2],[7,5],[6,1],[6,2],[4,2],[5,3],[8,5]]},"distEst2AFC":{"triplet":[[0,0,0],[4,1,7],[1,2,7],[3,5,2],[7,1,6],[5,3,6],[6,8,1],[8,6,7],[3,2,5],[5,6,3],[3,5,2],[1,7,2],[6,2,8],[5,6,3],[2,4,5],[5,3,6],[7,1,6],[5,6,7],[2,3,4],[1,2,7],[7,6,1],[4,2,7],[1,7,2],[7,6,1],[3,2,5]]}}