{"objLoc":[[0,0,0],[0.1,0.9,139],[0.9,0.9,310],[0.9,0.1,340],[0.7,0.7,254],[-0.1,0.1,229],[-0.9,0.1,219],[-0.9,0.9,73],[-0.7,0.3,140]],"objIdentity":[0,2,1,3,4,5,7,8,6],"familiarise":{"path":[[0,0.5,259],[-0.47552825814757677,0.34549150281252627,253],[-0.44936028002610484,0.84480627018981314,109],[-0.25399471578146793,0.38455384346359295,110],[0.1653405681912441,0.65687336097110649,257],[0.665035981700792,0.639423612619856,241],[0.21563895855120851,0.42023803922531733,263],[-0.7502868677378598,0.67905708432783807,176],[0.23134031570980418,0.48824808895129324,151],[0.72647435008058936,0.55783463943132594,351],[-0.76530849297182046,0.40104194452984571,224],[-0.26530849297182046,0.40104194452984571,193],[-0.76044252734260565,0.331455394049813,194],[-0.2798116793734462,0.19363671614131342,128],[0.2201883206265538,0.19363671614131342,78],[-0.7798116793734462,0.19363671614131342,25]]},"objlocLearn":{"learnOrder":[0,4,5,1,2,7,6,3,8],"startLoc":[[0,0,0],[-0.5,0.5,50],[-0.1,0.9,300],[0.1,0.1,10],[-0.1,0.5,180],[-0.5,0.1,0],[0.1,0.5,190],[0.5,0.9,240],[0.5,0.5,60]]},"objlocTestRun1":{"startLoc":[[0,0,0],[-0.4572285435744316,0.24278270394943546,229],[-0.72180857947999466,0.65042980290996555,148],[-0.41773727371064834,0.294767492296073,219],[0.42264813853810596,0.13044553186452834,191],[0.41773727371064834,0.705232507703927,204],[0.72180857947999466,0.34957019709003451,228],[0.4572285435744316,0.75721729605056454,332],[-0.42264813853810596,0.86955446813547166,103],[0.84174249094086706,0.27098556607740792,339],[-0.20357328953383685,0.92754732451689115,5],[0.40674945536046309,0.24993214724481277,192],[0.20357328953383685,0.072452675483108853,174],[-0.84174249094086706,0.72901443392259213,267],[0.21317675980240564,0.63361367099529575,55],[-0.40674945536046309,0.75006785275518717,350],[-0.21317675980240564,0.36638632900470425,292],[-0.059116320085715393,0.45371006282216186,302],[0.57468398020440881,0.25884238697366607,299],[-0.57468398020440881,0.741157613026334,229],[0.1454435127620623,0.086928576107426436,5],[0.19542381740249598,0.078110686285501441,300],[-0.1454435127620623,0.91307142389257356,309],[0.059116320085715393,0.54628993717783814,244],[-0.19542381740249598,0.92188931371449856,334],[0.29834160043849151,0.093897085793270108,103],[-0.4686511870588182,0.45158111982225124,35],[0.46674717246146274,0.10420509027567082,235],[-0.68903320555733649,0.61812870049402235,298],[0.68903320555733649,0.38187129950597759,105],[0.4686511870588182,0.54841888017774876,36],[-0.46674717246146274,0.89579490972432918,186],[-0.29834160043849151,0.90610291420672984,89],[-0.22890035767990374,0.76840929617085563,326],[-0.80857789021497262,0.11927968585119167,274],[-0.11227073819161233,0.49845291606381048,191],[0.11227073819161233,0.50154708393618952,287],[0.80857789021497262,0.88072031414880836,253],[0.16112769589418102,0.67546224990183013,68],[0.22890035767990374,0.23159070382914437,33],[-0.16112769589418102,0.32453775009816987,15],[-0.3388058976210146,0.1071663331648457,146],[-0.30943907076707239,0.54966985738191965,242],[-0.65309438289278954,0.75008209988910413,114],[0.30943907076707239,0.45033014261808041,354],[0.3388058976210146,0.8928336668351543,67],[-0.516600032831033,0.81114974402194884,80],[0.65309438289278954,0.24991790011089587,329],[0.516600032831033,0.18885025597805122,159],[0.31640988662141195,0.812899861304271,266],[-0.44398798298843384,0.38233353564422123,39],[0.81304638036154664,0.077330679835963714,202],[0.58324517364791328,0.333324633163101,243],[-0.31640988662141195,0.18710013869572895,250],[0.44398798298843384,0.61766646435577877,351],[-0.58324517364791328,0.666675366836899,214],[-0.81304638036154664,0.92266932016403624,256],[-0.47272000730647129,0.36650624014909228,151],[0.0076737603725114817,0.18066306884599947,71],[-0.0076737603725114817,0.81933693115400053,103],[0.5827240030417582,0.40645913309978055,246],[-0.93264097548503355,0.25972560056159089,218],[0.47272000730647129,0.63349375985090772,274],[-0.5827240030417582,0.59354086690021945,153],[0.93264097548503355,0.74027439943840911,5]],"learnOrder":[0,7,6,8,5,4,2,3,1,4,7,1,3,8,6,5,2,8,1,5,7,6,3,4,2,2,3,8,5,1,7,4,6,7,1,6,2,5,8,3,4,7,5,6,1,3,8,2,4,2,7,4,5,6,3,1,8,2,8,4,5,7,6,1,3]},"distEstPair":{"pairList":[[0,0],[2,3],[5,8],[3,4],[3,5],[1,7],[4,8],[6,7],[1,6],[3,8],[2,6],[2,8],[3,6],[1,3],[4,5],[2,5],[6,8],[7,8],[1,2],[1,8],[2,7],[4,7],[5,7],[5,6],[4,6],[1,5],[1,4],[3,7],[2,4],[7,5],[5,2],[7,1],[5,4],[8,7],[4,2],[8,6],[8,1],[7,6],[6,2],[2,1],[7,2],[3,1],[6,1],[5,3],[7,4],[8,5],[6,4],[6,5],[8,3],[4,3],[7,3],[4,1],[3,2],[8,2],[6,3],[8,4],[5,1]]},"distEst2AFC":{"triplet":[[0,0,0],[2,3,1],[1,5,7],[3,2,5],[2,3,1],[3,2,5],[1,5,7],[5,3,1],[6,5,7],[1,7,5],[3,5,2],[4,1,6],[2,1,3],[5,1,3],[6,7,5],[4,7,2],[3,5,2],[8,2,6],[2,6,1],[1,7,5],[7,1,6],[5,3,1],[7,1,6],[2,4,6],[6,5,7],[6,8,2],[8,6,4],[6,3,8],[7,6,1],[2,1,3],[7,6,1],[6,7,5],[5,1,3]]}}