{"objLoc":[[0,0,0],[0,0.95,65],[0.9,0.95,8],[0.9,0.05,167],[0.7,0.75,261],[0,0.05,152],[-0.9,0.05,175],[-0.9,0.95,5],[-0.7,0.25,176]],"objIdentity":[0,4,7,8,3,2,6,5,1],"familiarise":{"path":[[0,0.5,8],[0.5,0.9,43],[0.9,0.1,114],[-0.9,0.2,57],[-0.7,0.7,274],[0.5,0.5,295],[0,0.2,125],[-0.2,0.8,115],[-0.5,0.1,41],[0.7,0.4,31],[0.9,0.9,257],[-0.5,0.5,216],[0.5,0.9,21],[0.5,0.1,173],[-0.6,0.8,145]]},"objlocLearn":{"learnOrder":[0,8,7,4,3,2,1,5,6],"startLoc":[[0,0,0],[0.5,0.5,60],[-0.5,0.1,0],[-0.5,0.5,50],[0.5,0.9,240],[-0.1,0.5,180],[0.1,0.1,10],[-0.1,0.9,300],[0.1,0.5,190]]},"objlocTestRun1":{"startLoc":[[0,0,0],[0.31470810709364411,0.39953120293866695,89],[-0.51404132618853615,0.68004319151250114,20],[-0.50850124638468541,0.64932539512789478,300],[0.50850124638468541,0.35067460487210517,29],[0.51404132618853615,0.31995680848749891,343],[0.56322793257709769,0.10731778769718987,255],[-0.31470810709364411,0.600468797061333,329],[-0.56322793257709769,0.89268221230281009,294],[-0.38221212258268195,0.2887990511859484,69],[-0.25522668160340917,0.46538626224857044,64],[-0.11787750848072136,0.33698321578271756,347],[0.25522668160340917,0.53461373775142951,105],[0.25723027830752193,0.88697947763794782,285],[0.38221212258268195,0.7112009488140516,62],[-0.25723027830752193,0.11302052236205221,108],[0.11787750848072136,0.6630167842172825,243],[0.49333398834912962,0.45748324804279783,90],[-0.49333398834912962,0.54251675195720217,271],[0.34320135660327106,0.88665566440373877,317],[0.12975037096180592,0.64282311628977973,116],[0.82251879165595709,0.41029558962962759,108],[-0.82251879165595709,0.58970441037037236,10],[-0.12975037096180592,0.35717688371022027,153],[-0.34320135660327106,0.1133443355962612,24],[-0.2333846145406801,0.28404363398189469,207],[-0.39849903244290713,0.76109101109041055,248],[-0.26896793613850317,0.77591011183494907,205],[0.26896793613850317,0.22408988816505093,218],[0.14356122800494558,0.3363684745883429,216],[-0.14356122800494558,0.66363152541165715,325],[0.39849903244290713,0.23890898890958945,192],[0.2333846145406801,0.71595636601810531,311],[-0.15453948265450251,0.38085586256088494,127],[-0.53579358698601209,0.81044467778495821,51],[0.53579358698601209,0.18955532221504179,80],[0.50253308343449565,0.63735326592402564,286],[0.77026060952013653,0.76335924657193366,83],[-0.77026060952013653,0.23664075342806634,279],[-0.50253308343449565,0.36264673407597436,326],[0.15453948265450251,0.61914413743911512,196],[0.11745554927526887,0.60441654656538635,52],[-0.11745554927526887,0.39558345343461365,225],[0.37588709320353958,0.55560139621039062,137],[-0.59083649051462794,0.37200662713305033,328],[0.59083649051462794,0.62799337286694967,81],[-0.37588709320353958,0.44439860378960938,85],[-0.63277107631041218,0.28920831142518222,174],[0.63277107631041218,0.71079168857481778,178],[0.3976719337657279,0.92657143018873334,68],[0.71305970204499736,0.63325079777823223,135],[-0.71305970204499736,0.36674920222176777,241],[-0.3976719337657279,0.073428569811266664,170],[-0.86914370036931476,0.649513020694017,22],[-0.26318126981391671,0.20193556872690754,150],[0.26318126981391671,0.79806443127309246,150],[0.86914370036931476,0.3504869793059831,162],[0.37252573206424872,0.22371627223993784,9],[0.12114222603619433,0.29045719728664143,99],[0.45267998341247856,0.9048499751634631,343],[-0.23792719613550845,0.70762681383931,318],[0.23792719613550845,0.29237318616068997,339],[-0.45267998341247856,0.0951500248365369,274],[-0.12114222603619433,0.70954280271335857,157],[-0.37252573206424872,0.77628372776006216,338]],"learnOrder":[0,7,6,8,4,2,1,3,5,6,3,4,7,5,2,1,8,3,7,5,4,2,6,8,1,7,1,2,6,4,8,5,3,3,4,8,2,1,5,6,7,1,5,8,6,2,4,7,3,4,3,7,8,6,1,5,2,3,5,2,8,4,6,1,7]},"distEstPair":{"pairList":[[0,0],[3,4],[5,8],[4,7],[1,6],[4,8],[2,3],[1,2],[4,5],[2,6],[1,7],[6,7],[2,4],[2,5],[1,5],[5,6],[3,8],[3,6],[6,8],[2,8],[1,4],[1,3],[1,8],[7,8],[3,5],[3,7],[2,7],[4,6],[5,7],[8,5],[7,5],[7,1],[7,6],[8,4],[2,1],[8,3],[5,3],[6,5],[5,4],[8,7],[6,4],[4,3],[7,2],[4,2],[4,1],[3,2],[7,3],[8,6],[8,1],[6,1],[8,2],[3,1],[6,2],[6,3],[7,4],[5,1],[5,2]]},"distEst2AFC":{"triplet":[[0,0,0],[8,6,7],[5,3,6],[1,2,7],[2,4,5],[7,6,1],[3,5,2],[6,8,1],[1,7,2],[5,6,7],[2,3,4],[7,1,6],[5,6,3],[3,2,5],[1,7,2],[4,1,7],[5,3,6],[7,1,6],[3,5,2],[1,2,7],[6,2,8],[3,2,5],[5,6,3],[4,2,7],[7,6,1]]}}