{"objLoc":[[0,0,0],[0,0.95,280],[0.9,0.95,86],[0.9,0.05,297],[0.7,0.75,348],[0,0.05,351],[-0.9,0.05,164],[-0.9,0.95,220],[-0.7,0.25,280]],"objIdentity":[0,3,5,4,7,1,8,2,6],"familiarise":{"path":[[0,0.5,93],[0.5,0.9,126],[0.9,0.1,4],[-0.9,0.2,130],[-0.7,0.7,342],[0.5,0.5,79],[0,0.2,115],[-0.2,0.8,331],[-0.5,0.1,12],[0.7,0.4,24],[0.9,0.9,227],[-0.5,0.5,315],[0.5,0.9,4],[0.5,0.1,269],[-0.6,0.8,293]]},"objlocLearn":{"learnOrder":[0,6,1,7,4,3,2,8,5],"startLoc":[[0,0,0],[0.1,0.5,190],[0.1,0.1,10],[-0.5,0.1,0],[-0.5,0.5,50],[0.5,0.9,240],[-0.1,0.5,180],[0.5,0.5,60],[-0.1,0.9,300]]},"objlocTestRun1":{"startLoc":[[0,0,0],[0.8798863476355645,0.29994937675827854,142],[-0.12145295724955858,0.086958741215032553,251],[-0.8798863476355645,0.7000506232417214,341],[0.12145295724955858,0.91304125878496745,59],[0.34219952964882,0.26389302969171496,166],[-0.34219952964882,0.736106970308285,101],[0.33329410540524512,0.70070327925457143,74],[-0.33329410540524512,0.29929672074542857,112],[-0.37134635985160153,0.12330342666864602,287],[-0.50610972248886288,0.81110484903123037,34],[-0.0888452668751603,0.16606226712068645,313],[-0.13088197985746469,0.44903115370903757,301],[0.13088197985746469,0.55096884629096243,246],[0.0888452668751603,0.83393773287931361,107],[0.37134635985160153,0.876696573331354,60],[0.50610972248886288,0.18889515096876963,331],[-0.49507858585804104,0.76852933239729626,26],[-0.52399630581291579,0.67001566960282044,171],[-0.17989296387355042,0.18038389014169259,130],[0.52399630581291579,0.32998433039717956,58],[0.48549616582381844,0.53772276445091272,349],[0.17989296387355042,0.81961610985830746,79],[-0.48549616582381844,0.46227723554908728,257],[0.49507858585804104,0.23147066760270374,317],[0.30350447458915614,0.079472202295487571,241],[0.4693139026391378,0.60860003766524051,52],[-0.4693139026391378,0.39139996233475954,286],[-0.30350447458915614,0.92052779770451243,78],[0.40284631107453123,0.93644461193090733,345],[-0.65836018974109178,0.23323832254002219,30],[0.65836018974109178,0.76676167745997781,231],[-0.40284631107453123,0.063555388069092666,221],[-0.71209435329658444,0.50086248448919535,173],[-0.32187166596325939,0.85162558272840894,60],[0.19862377440025097,0.74514088371250231,91],[0.32187166596325939,0.14837441727159106,263],[-0.60784914870577067,0.16183463922493133,346],[-0.19862377440025097,0.25485911628749769,334],[0.71209435329658444,0.4991375155108046,266],[0.60784914870577067,0.83816536077506865,85],[0.58083477809528761,0.87628994598348942,276],[-0.25665967431605857,0.25392908920948554,108],[-0.82095675609061236,0.66747657126858218,102],[0.25665967431605857,0.74607091079051446,277],[-0.58083477809528761,0.12371005401651064,247],[0.82095675609061236,0.33252342873141782,99],[-0.52286617957328674,0.30151359828376179,59],[0.52286617957328674,0.69848640171623821,38],[0.32082394220042504,0.73392717255866735,177],[-0.70762053845631412,0.82727748341668583,300],[-0.32082394220042504,0.26607282744133265,117],[-0.43816907896825913,0.63511746621182008,215],[0.091694185052068014,0.17418744748243153,66],[0.43816907896825913,0.36488253378817992,116],[0.70762053845631412,0.17272251658331417,251],[-0.091694185052068014,0.82581255251756847,181],[0.520572612893428,0.39933536960701288,314],[-0.50087769570964147,0.58585932081714132,299],[-0.762368883510655,0.27100319479219009,108],[-0.088876766154855028,0.32294764053207403,11],[-0.520572612893428,0.60066463039298712,232],[0.762368883510655,0.72899680520781,313],[0.088876766154855028,0.677052359467926,307],[0.50087769570964147,0.41414067918285868,6]],"learnOrder":[0,4,7,8,3,2,6,5,1,5,4,3,6,2,7,1,8,7,4,2,8,5,6,1,3,7,5,1,3,2,4,8,6,6,7,1,3,4,5,2,8,7,2,1,6,3,5,4,8,4,6,8,3,1,7,2,5,8,2,1,7,4,5,3,6]},"distEstPair":{"pairList":[[0,0],[3,6],[2,5],[2,6],[1,6],[2,3],[1,2],[1,3],[3,4],[7,8],[4,7],[1,4],[1,5],[5,6],[1,7],[2,7],[4,6],[6,8],[3,8],[5,7],[2,4],[4,5],[4,8],[3,7],[1,8],[6,7],[3,5],[5,8],[2,8],[5,4],[4,2],[3,1],[7,1],[7,3],[8,2],[6,3],[7,2],[5,2],[6,1],[8,7],[6,4],[7,6],[8,6],[6,5],[8,4],[5,1],[7,5],[4,3],[6,2],[8,5],[4,1],[5,3],[2,1],[8,1],[7,4],[8,3],[3,2]]},"distEst2AFC":{"triplet":[[0,0,0],[3,2,5],[5,3,6],[4,2,7],[2,3,4],[5,6,3],[1,7,2],[7,1,6],[5,3,6],[1,2,7],[3,2,5],[7,6,1],[3,5,2],[5,6,7],[8,6,7],[1,7,2],[5,6,3],[2,4,5],[7,1,6],[1,2,7],[7,6,1],[4,1,7],[6,2,8],[3,5,2],[6,8,1]]}}