{"objLoc":[[0,0,0],[0.1,0.9,81],[0.9,0.9,189],[0.9,0.1,199],[0.7,0.7,17],[-0.1,0.1,130],[-0.9,0.1,81],[-0.9,0.9,248],[-0.7,0.3,59]],"objIdentity":[0,1,4,6,7,8,3,5,2],"familiarise":{"path":[[0,0.5,150],[-0.47275928779965842,0.66278407722857835,49],[-0.035449434229960552,0.42037926710540985,187],[0.44518141373919889,0.5581979450139094,24],[0.18022178162259644,0.13417389693569642,324],[-0.80140540182506759,0.3249828923122412,34],[-0.30330805277919481,0.36856076368607027,311],[-0.74061790634889269,0.12615595356290174,266],[-0.81020445682892539,0.621289987933687,42],[0.18234169481239659,0.74315933133883449,196],[0.13007746317856986,0.24589838365469785,350],[0.28458596036604356,0.72142664180227456,89],[0.52699077048921206,0.28411678823257669,207],[0.45740422000917935,0.77925082260336187,205],[0.85672197503282577,0.47834331102733774,123],[0.41524817860336227,0.24360752963439233,43]]},"objlocLearn":{"learnOrder":[0,6,7,5,1,2,8,4,3],"startLoc":[[0,0,0],[0.1,0.5,190],[-0.5,0.1,0],[-0.1,0.9,300],[0.1,0.1,10],[-0.1,0.5,180],[0.5,0.5,60],[-0.5,0.5,50],[0.5,0.9,240]]},"objlocTestRun1":{"startLoc":[[0,0,0],[-0.6277880003468348,0.779937207419356,129],[-0.550776626703174,0.42697425025651992,320],[0.43185459141402521,0.93896011969865978,323],[0.1299124155498636,0.86257475447913967,302],[-0.43185459141402521,0.061039880301340221,16],[-0.1299124155498636,0.13742524552086033,180],[0.6277880003468348,0.22006279258064393,109],[0.550776626703174,0.57302574974348008,53],[0.5320823507329524,0.053675923802669862,341],[-0.42469183868129806,0.5010624384761907,37],[0.37708197304828633,0.10376753806367253,101],[0.5856016563217179,0.34431439818263121,97],[-0.5856016563217179,0.65568560181736879,103],[-0.5320823507329524,0.94632407619733017,15],[0.42469183868129806,0.4989375615238093,118],[-0.37708197304828633,0.89623246193632744,360],[0.45040024801095874,0.54699521138940566,221],[0.36084956085256742,0.23881317038598726,113],[0.3504629008480154,0.41689996114310734,185],[-0.3504629008480154,0.58310003885689266,291],[-0.36084956085256742,0.76118682961401274,348],[-0.16086575234288109,0.62285735789541186,255],[0.16086575234288109,0.37714264210458814,185],[-0.45040024801095874,0.45300478861059434,75],[-0.5158196100096426,0.94508133642976655,135],[-0.62460885728696591,0.22287294155105097,239],[-0.56882996371738359,0.37828123161638744,212],[0.62460885728696591,0.777127058448949,280],[0.56882996371738359,0.62171876838361251,25],[-0.93865630564121871,0.709966042143856,291],[0.93865630564121871,0.29003395785614405,190],[0.5158196100096426,0.054918663570233506,133],[-0.83885133996111749,0.50475691806095391,31],[-0.730807333663253,0.33248836009297911,268],[-0.616930864456557,0.90876941716159121,150],[0.730807333663253,0.66751163990702089,93],[0.83885133996111749,0.49524308193904604,343],[0.4409005265181582,0.7542424113045586,315],[0.616930864456557,0.091230582838408764,151],[-0.4409005265181582,0.2457575886954414,260],[-0.27294912795638321,0.24838127724410708,206],[-0.24002649552316074,0.30439001491096518,85],[-0.660281155063769,0.69212726069320074,25],[0.035601651937174392,0.2136846807876438,191],[0.660281155063769,0.30787273930679926,59],[0.24002649552316074,0.69560998508903482,267],[-0.035601651937174392,0.7863153192123562,49],[0.27294912795638321,0.75161872275589292,131],[0.2673480825020082,0.1400188894269575,168],[-0.2673480825020082,0.8599811105730425,318],[-0.11362252489464515,0.20096456543413932,249],[0.28280411188101467,0.12776661161928671,134],[-0.28280411188101467,0.87223338838071329,100],[-0.63770460412649044,0.62261857529378117,332],[0.11362252489464515,0.79903543456586068,85],[0.63770460412649044,0.37738142470621883,266],[-0.11484071672506531,0.479672397210293,45],[-0.3057472411778232,0.64271729873465977,76],[-0.70979096209033377,0.39199683955553105,132],[0.70979096209033377,0.60800316044446889,321],[0.3057472411778232,0.35728270126534023,236],[-0.21126451183708345,0.61564297305743421,343],[0.21126451183708345,0.38435702694256579,20],[0.11484071672506531,0.520327602789707,199]],"learnOrder":[0,6,7,1,4,5,8,2,3,2,4,3,5,1,6,8,7,3,2,8,4,6,1,5,7,8,6,3,2,7,1,5,4,6,7,5,3,2,4,1,8,1,7,4,6,8,3,2,5,8,4,6,1,5,7,2,3,7,1,4,8,5,6,2,3]},"distEstPair":{"pairList":[[0,0],[1,7],[4,6],[4,7],[2,5],[5,6],[5,7],[2,7],[3,7],[1,4],[1,2],[4,8],[4,5],[1,5],[6,8],[3,8],[3,4],[5,8],[7,8],[1,3],[2,4],[6,7],[2,8],[3,6],[3,5],[2,6],[2,3],[1,8],[1,6],[5,3],[7,2],[5,4],[4,2],[4,3],[7,1],[7,3],[8,7],[5,2],[3,2],[8,5],[8,4],[6,2],[6,3],[7,5],[2,1],[7,6],[6,5],[6,1],[8,6],[7,4],[5,1],[8,3],[6,4],[8,2],[4,1],[8,1],[3,1]]},"distEst2AFC":{"triplet":[[0,0,0],[6,7,5],[2,4,6],[7,6,1],[8,2,6],[3,5,2],[2,1,3],[1,7,5],[6,8,2],[4,7,2],[4,1,6],[7,1,6],[5,3,4],[3,2,5],[2,3,1],[3,2,5],[7,6,1],[2,6,1],[5,3,1],[6,5,7],[6,3,8],[1,5,7],[2,1,3],[7,1,6],[5,3,1],[6,7,5],[3,5,2],[1,5,7],[5,3,4],[5,3,6],[2,3,1],[5,1,3],[8,6,4],[5,4,3],[5,3,6],[5,1,3],[5,6,3],[6,5,7],[5,6,3],[5,4,3],[1,7,5]]}}