{"objLoc":[[0,0,0],[0.1,0.9,301],[0.9,0.9,38],[0.9,0.1,269],[0.7,0.7,130],[-0.1,0.1,130],[-0.9,0.1,220],[-0.9,0.9,142],[-0.7,0.3,148]],"objIdentity":[0,6,7,5,4,1,2,8,3],"familiarise":{"path":[[0,0.5,47],[0.39400537680336095,0.80783073766282909,102],[-0.60538545021573476,0.84273023436533,64],[-0.45087695302826103,0.36720197621775325,307],[-0.022293302677204863,0.10968293876272617,59],[-0.20959659938516087,0.57327486604611988,292],[0.098234138277668276,0.17926948924275893,223],[-0.40176586172233175,0.17926948924275893,145],[-0.68855407989785478,0.58884551138725483,244],[0.2319507735545856,0.19811438289798106,9],[-0.597086799000456,0.757307286368728,130],[-0.75987087622903438,0.28454799856906959,126],[0.23267527541228761,0.1626786551639221,94],[0.069891198183709258,0.63543794296358058,68],[0.53973750857666347,0.80644801462641491,246],[0.040955483446751373,0.84132625149847762,317]]},"objlocLearn":{"learnOrder":[0,8,2,3,6,4,1,5,7],"startLoc":[[0,0,0],[0.5,0.5,60],[-0.1,0.5,180],[0.5,0.9,240],[0.1,0.5,190],[-0.5,0.5,50],[0.1,0.1,10],[-0.1,0.9,300],[-0.5,0.1,0]]},"objlocTestRun1":{"startLoc":[[0,0,0],[-0.40373770701749062,0.80694218398927031,224],[0.40373770701749062,0.19305781601072969,122],[0.098106387143301041,0.67243954096264114,17],[0.19161439045501222,0.39591943140071717,96],[-0.098106387143301041,0.32756045903735881,3],[-0.19161439045501222,0.60408056859928283,321],[0.10446197824723465,0.484000251668649,61],[-0.10446197824723465,0.515999748331351,293],[-0.43209888607076957,0.33191496428708611,108],[0.17825726275630321,0.87597622779439488,118],[-0.148001302793553,0.57645972138352042,111],[0.17364472756649968,0.28164896902500391,171],[0.148001302793553,0.42354027861647958,151],[-0.17364472756649968,0.71835103097499609,251],[-0.17825726275630321,0.12402377220560512,11],[0.43209888607076957,0.66808503571291389,153],[0.32426323511270788,0.24378258494777955,6],[-0.28224436690896654,0.535623423335759,351],[0.31390099728225146,0.41523946802695166,322],[0.28224436690896654,0.46437657666424104,212],[0.19657556884901356,0.18557696096865578,187],[-0.31390099728225146,0.58476053197304834,154],[-0.19657556884901356,0.81442303903134428,313],[-0.32426323511270788,0.75621741505222051,165]],"learnOrder":[0,4,8,6,3,2,7,1,5,4,3,2,5,6,1,7,8,4,1,3,5,2,7,6,8]},"objlocTestRun2":{"startLoc":[[0,0,0],[0.71015865755248875,0.30249110330953255,89],[0.29086465299510839,0.80248843349030885,204],[0.21967236991105127,0.052718667243850215,241],[-0.21967236991105127,0.94728133275614979,119],[0.89508835247706253,0.76305940268048233,132],[-0.89508835247706253,0.23694059731951767,322],[-0.29086465299510839,0.19751156650969121,309],[-0.71015865755248875,0.69750889669046745,348],[-0.65634866591499441,0.74803710986940353,80],[0.37131583703491039,0.297589242762462,288],[0.65634866591499441,0.25196289013059647,142],[-0.37131583703491039,0.702410757237538,314],[0.40255080090717471,0.88072080804643416,355],[0.44920108074273463,0.22798072350332649,97],[-0.44920108074273463,0.77201927649667357,212],[-0.40255080090717471,0.11927919195356584,30],[0.20877796663066411,0.21526801304783183,330],[-0.65176250343318132,0.089134406254530507,107],[-0.20877796663066411,0.78473198695216817,142],[-0.63795325235567213,0.56562701039289665,14],[0.63795325235567213,0.43437298960710335,191],[0.020292227095393398,0.38534607090177231,209],[0.65176250343318132,0.91086559374546949,269],[-0.020292227095393398,0.61465392909822769,30]],"learnOrder":[0,5,6,8,4,3,7,2,1,4,5,8,1,3,2,6,7,5,7,1,6,2,8,3,4]},"distEstPair":{"pairList":[[0,0],[3,6],[4,2],[7,1],[3,5],[7,8],[4,3],[5,4],[5,2],[3,4],[3,1],[1,5],[8,1],[4,7],[6,4],[2,4],[7,5],[5,6],[5,7],[6,2],[2,3],[6,8],[1,6],[8,3],[2,7],[1,2],[8,5],[6,7],[6,5],[1,4],[5,8],[2,1],[7,6],[4,8],[2,8],[8,6],[8,7],[1,3],[4,1],[7,3],[3,2]]},"distEstEgo":{"pairList":[[0,0],[2,3],[6,5],[1,2],[3,2],[7,3],[5,6],[8,6],[7,6],[6,7],[4,2],[2,1],[2,8]]},"distEst2AFC":{"triplet":[[0,0,0],[4,3,1],[2,3,1],[7,8,2],[6,5,7],[2,1,3],[6,5,7],[2,1,3],[8,7,5],[3,7,1],[5,8,7],[4,1,3],[8,5,7],[5,7,6],[1,4,3],[1,3,2],[4,1,3],[6,7,5],[2,3,1],[4,3,1],[8,7,5],[3,4,6],[6,7,5],[8,5,7],[7,3,5]]}}