{"objLoc":[[0,0,0],[0.1,0.9,36],[0.9,0.9,275],[0.9,0.1,89],[0.7,0.7,50],[-0.1,0.1,120],[-0.9,0.1,30],[-0.9,0.9,242],[-0.7,0.3,291]],"objIdentity":[0,7,3,6,8,5,4,2,1],"familiarise":{"path":[[0,0.5,67],[-0.48907380036690284,0.3960441545911203,176],[0.456444775232414,0.721612309048277,22],[0.3524889298235343,0.23253850868137416,16],[-0.11430128342506657,0.41172248345402429,241],[0.089067038112833535,0.86849521227532467,26],[-0.41085680946536207,0.87722141549396637,214],[0.5768315311297757,0.72078695045373553,269],[0.357645957735237,0.271389927304152,305],[0.063753331589000428,0.67589842449162574,185],[0.37841352711391912,0.28732544376314029,45],[0.12841352711391912,0.72033814565535959,85],[0.61922711883775117,0.815742643343632,99],[0.15563519155435745,0.628439346635676,300],[-0.33676868495174656,0.54161525780221087,273],[-0.70244553576133173,0.88261443783346016,94]]},"objlocLearn":{"learnOrder":[0,3,2,7,5,4,8,1,6],"startLoc":[[0,0,0],[0.5,0.9,240],[-0.1,0.5,180],[-0.5,0.1,0],[-0.1,0.9,300],[-0.5,0.5,50],[0.5,0.5,60],[0.1,0.1,10],[0.1,0.5,190]]},"objlocTestRun1":{"startLoc":[[0,0,0],[0.79413951559542639,0.85430339400865429,295],[-0.052326400156186878,0.12441355214786572,56],[-0.31176153309396376,0.74108566632366935,259],[0.052326400156186878,0.87558644785213424,358],[-0.79413951559542639,0.14569660599134573,41],[-0.039235926215628256,0.49927580760140272,182],[0.039235926215628256,0.50072419239859722,217],[0.31176153309396376,0.25891433367633071,132],[-0.54019454014846469,0.17202450275949244,357],[0.29697194375089203,0.24609869489554936,38],[-0.53996531303123674,0.73193251200627929,68],[-0.46797050063115736,0.89857748441434837,156],[0.53996531303123674,0.26806748799372071,91],[-0.29697194375089203,0.75390130510445064,173],[0.46797050063115736,0.10142251558565163,320],[0.54019454014846469,0.82797549724050756,121],[-0.31650757913279731,0.25267613748510437,333],[0.2567356370841189,0.861497571925149,68],[-0.2567356370841189,0.13850242807485103,286],[0.018508050180301147,0.514230712792429,44],[0.68573454827070857,0.088212944305693486,9],[-0.68573454827070857,0.91178705569430651,37],[0.31650757913279731,0.74732386251489569,301],[-0.018508050180301147,0.485769287207571,242]],"learnOrder":[0,5,2,7,6,1,4,8,3,5,8,2,7,6,4,3,1,2,5,1,7,8,4,6,3]},"objlocTestRun2":{"startLoc":[[0,0,0],[-0.68140828560220723,0.85090545304652543,243],[0.64804716824281394,0.13213591352312615,43],[0.18128873907850312,0.13318747516791013,276],[-0.64804716824281394,0.86786408647687385,158],[-0.35095451530844496,0.18322611735031158,103],[-0.18128873907850312,0.86681252483208993,287],[0.68140828560220723,0.14909454695347452,173],[0.35095451530844496,0.81677388264968842,265],[0.13339663911302185,0.85734207190469436,150],[-0.83446388540957339,0.091786833012633129,40],[-0.72847362967410179,0.43250258952332943,73],[0.83446388540957339,0.90821316698736687,2],[0.26926684198772305,0.52379391958779253,83],[0.72847362967410179,0.56749741047667057,282],[-0.26926684198772305,0.47620608041220747,47],[-0.13339663911302185,0.14265792809530561,320],[-0.045176846886870584,0.35632515834011758,276],[-0.584036561345252,0.93229551293276669,179],[-0.897801284416442,0.16123912269909141,308],[0.2920061082007151,0.32496489573088438,58],[0.584036561345252,0.06770448706723331,335],[0.897801284416442,0.83876087730090854,226],[0.045176846886870584,0.64367484165988242,310],[-0.2920061082007151,0.67503510426911562,49]],"learnOrder":[0,5,4,3,8,2,7,1,6,8,7,1,3,2,5,6,4,7,2,1,8,6,5,3,4]},"distEstPair":{"pairList":[[0,0],[6,7],[5,2],[3,1],[4,3],[8,7],[3,4],[8,6],[8,1],[7,5],[3,2],[2,7],[2,4],[7,8],[1,4],[7,3],[6,8],[2,1],[4,7],[6,5],[3,6],[2,8],[2,3],[6,2],[6,4],[1,5],[5,6],[4,8],[7,1],[8,3],[3,5],[1,6],[1,2],[1,3],[5,7],[4,2],[5,8],[5,4],[8,5],[4,1],[7,6]]},"distEstEgo":{"pairList":[[0,0],[4,2],[2,8],[7,6],[5,6],[8,6],[2,1],[7,3],[3,2],[1,2],[2,3],[6,5],[6,7]]},"distEst2AFC":{"triplet":[[0,0,0],[1,3,2],[8,5,7],[6,5,7],[1,4,3],[5,7,6],[4,1,3],[5,8,7],[2,1,3],[4,1,3],[7,3,5],[7,8,2],[4,3,1],[2,3,1],[6,5,7],[2,3,1],[4,3,1],[3,7,1],[6,7,5],[8,7,5],[6,7,5],[3,4,6],[8,7,5],[2,1,3],[8,5,7]]}}