{"objLoc":[[0,0,0],[0,0.95,42],[0.9,0.95,220],[0.9,0.05,49],[0.7,0.75,87],[0,0.05,118],[-0.9,0.05,310],[-0.9,0.95,240],[-0.7,0.25,195]],"objIdentity":[0,1,6,8,5,3,2,4,7],"familiarise":{"path":[[0,0.5,146],[0.5,0.9,114],[0.9,0.1,28],[-0.9,0.2,304],[-0.7,0.7,306],[0.5,0.5,350],[0,0.2,139],[-0.2,0.8,344],[-0.5,0.1,161],[0.7,0.4,242],[0.9,0.9,30],[-0.5,0.5,323],[0.5,0.9,108],[0.5,0.1,95],[-0.6,0.8,2]]},"objlocLearn":{"learnOrder":[0,8,2,7,1,3,5,6,4],"startLoc":[[0,0,0],[0.5,0.5,60],[-0.1,0.5,180],[-0.5,0.1,0],[0.1,0.1,10],[0.5,0.9,240],[-0.1,0.9,300],[0.1,0.5,190],[-0.5,0.5,50]]},"objlocTestRun1":{"startLoc":[[0,0,0],[-0.12411118993507002,0.84730954599308617,17],[0.191525916782258,0.34686935176785627,161],[0.12411118993507002,0.15269045400691383,256],[0.60626226900998814,0.092263801111932553,226],[-0.41827863092302348,0.32426521974041633,242],[0.41827863092302348,0.67573478025958367,350],[-0.60626226900998814,0.90773619888806745,239],[-0.191525916782258,0.65313064823214373,33],[-0.3889596549730287,0.40139611586685875,213],[0.16728933156591858,0.17148459145353634,77],[-0.16728933156591858,0.82851540854646366,287],[0.0063453024962854682,0.85970625743067153,127],[-0.0063453024962854682,0.14029374256932847,181],[0.3889596549730287,0.59860388413314125,254],[-0.46541206736388668,0.44898142525608564,62],[0.46541206736388668,0.55101857474391436,217],[-0.88427630518680012,0.051171578692981612,58],[0.2221802540597006,0.14301725979033902,298],[0.88427630518680012,0.94882842130701839,120],[0.076065481945146465,0.2354736658219716,197],[-0.2221802540597006,0.856982740209661,300],[0.32713683100473462,0.61590721629394518,349],[-0.32713683100473462,0.38409278370605482,118],[-0.076065481945146465,0.7645263341780284,32],[0.39629688962014492,0.89265148851441689,347],[-0.5715931944168664,0.76616497833443986,357],[0.5715931944168664,0.23383502166556014,331],[0.018791643968781233,0.90976603780782783,307],[-0.39629688962014492,0.10734851148558308,178],[0.426438324366991,0.14292745723322364,169],[-0.426438324366991,0.85707254276677636,202],[-0.018791643968781233,0.090233962192172223,39],[0.13228635799181182,0.054574956229292641,324],[-0.13228635799181182,0.94542504377070735,222],[-0.39836772223556244,0.6403665450414685,358],[0.39836772223556244,0.3596334549585315,250],[0.556906394447606,0.58603528123213322,128],[-0.556906394447606,0.41396471876786683,63],[-0.35790780831261365,0.72683571772942257,17],[0.35790780831261365,0.27316428227057743,118],[0.40944826440332277,0.89739881938248534,129],[0.21142742037304102,0.83316332933113058,173],[0.93778773554879669,0.71215437335640874,238],[-0.40944826440332277,0.10260118061751466,31],[0.3807281259666529,0.81996945941945421,107],[-0.3807281259666529,0.18003054058054585,74],[-0.93778773554879669,0.28784562664359126,235],[-0.21142742037304102,0.16683667066886942,208],[0.18248233273710796,0.67075742583986919,246],[-0.104383316269603,0.55459685249936153,79],[0.72884278345038944,0.90888753487643459,9],[0.526101196746662,0.24370566348846762,15],[-0.72884278345038944,0.091112465123565411,165],[-0.526101196746662,0.75629433651153244,316],[0.104383316269603,0.44540314750063847,195],[-0.18248233273710796,0.32924257416013075,190],[-0.16861457073539315,0.70428919277118973,196],[0.16861457073539315,0.29571080722881027,186],[-0.769445243203176,0.4529622676897368,320],[0.769445243203176,0.5470377323102632,148],[-0.48754376906617175,0.57929363839253856,296],[0.48754376906617175,0.42070636160746144,300],[0.45574125762660084,0.21624166179417992,214],[-0.45574125762660084,0.78375833820582008,72]],"learnOrder":[0,4,6,8,5,7,3,1,2,6,5,1,3,7,2,4,8,7,4,3,2,8,1,5,6,7,2,6,8,3,5,1,4,3,7,2,6,5,1,4,8,4,3,1,8,6,2,5,7,6,1,3,4,7,8,5,2,1,5,8,4,2,6,3,7]},"distEstPair":{"pairList":[[0,0],[1,3],[2,5],[5,8],[1,8],[1,4],[6,7],[1,6],[1,7],[3,6],[5,7],[4,7],[3,5],[4,8],[3,4],[7,8],[6,8],[2,4],[2,6],[1,5],[5,6],[2,7],[2,8],[1,2],[3,8],[2,3],[4,6],[3,7],[4,5],[7,1],[5,3],[4,3],[6,1],[6,3],[5,2],[8,3],[4,1],[8,6],[4,2],[8,4],[8,7],[5,1],[8,1],[3,1],[8,2],[7,5],[7,2],[8,5],[3,2],[7,6],[5,4],[7,3],[6,4],[6,5],[6,2],[7,4],[2,1]]},"distEst2AFC":{"triplet":[[0,0,0],[1,7,2],[6,2,8],[5,3,6],[7,6,1],[5,6,3],[3,2,5],[1,2,7],[7,1,6],[4,1,7],[5,6,3],[7,1,6],[3,5,2],[8,6,7],[3,5,2],[6,8,1],[4,2,7],[1,7,2],[7,6,1],[2,4,5],[5,3,6],[1,2,7],[3,2,5],[5,6,7],[2,3,4]]}}