{"objLoc":[[0,0,0],[0,0.95,263],[0.9,0.95,217],[0.9,0.05,343],[0.7,0.75,52],[0,0.05,291],[-0.9,0.05,131],[-0.9,0.95,68],[-0.7,0.25,94]],"objIdentity":[0,8,2,6,7,5,1,4,3],"familiarise":{"path":[[0,0.5,82],[0.5,0.9,136],[0.9,0.1,163],[-0.9,0.2,89],[-0.7,0.7,166],[0.5,0.5,76],[0,0.2,242],[-0.2,0.8,163],[-0.5,0.1,214],[0.7,0.4,118],[0.9,0.9,81],[-0.5,0.5,78],[0.5,0.9,62],[0.5,0.1,9],[-0.6,0.8,227]]},"objlocLearn":{"learnOrder":[0,8,4,7,2,5,3,1,6],"startLoc":[[0,0,0],[0.5,0.5,60],[-0.5,0.5,50],[-0.5,0.1,0],[-0.1,0.5,180],[-0.1,0.9,300],[0.5,0.9,240],[0.1,0.1,10],[0.1,0.5,190]]},"objlocTestRun1":{"startLoc":[[0,0,0],[0.31428585182672925,0.70701565767654473,350],[-0.31428585182672925,0.29298434232345533,359],[0.70080389287448,0.6952560773339852,268],[-0.54122519633582145,0.78661980252642449,162],[0.54122519633582145,0.21338019747357551,232],[-0.66360748171844208,0.48486605062567711,221],[0.66360748171844208,0.51513394937432289,11],[-0.70080389287448,0.3047439226660148,295],[0.11760560381722969,0.94394434140787242,273],[-0.66852089125112935,0.61598162039054227,215],[0.3185108097952582,0.41025081007052594,51],[-0.3185108097952582,0.589749189929474,143],[0.27785147224952705,0.37420768988417419,216],[-0.11760560381722969,0.056055658592127577,104],[0.66852089125112935,0.38401837960945773,284],[-0.27785147224952705,0.62579231011582581,118],[-0.15311515997465336,0.21830876429831153,143],[-0.84955683936123827,0.72441986146265,206],[-0.600482587330138,0.32797299745609915,187],[0.600482587330138,0.6720270025439008,7],[-0.2175607324020627,0.43156697435095343,97],[0.84955683936123827,0.27558013853735003,215],[0.2175607324020627,0.56843302564904663,88],[0.15311515997465336,0.78169123570168852,30],[-0.51619232014980465,0.093945415545031885,200],[0.67204648783207022,0.12648165251002685,126],[0.28164715259187173,0.51598253854729093,317],[0.76541955316745058,0.74396554540118143,42],[0.51619232014980465,0.90605458445496811,18],[-0.67204648783207022,0.87351834748997315,317],[-0.28164715259187173,0.48401746145270907,279],[-0.76541955316745058,0.25603445459881857,211],[-0.1644742473592688,0.40877098278943513,169],[0.52022862661110758,0.80120415064737038,313],[-0.57381767184945409,0.58745864157576966,266],[0.57381767184945409,0.41254135842423029,32],[0.1644742473592688,0.59122901721056487,110],[-0.52022862661110758,0.19879584935262962,41],[-0.25112200373443566,0.66360506254838914,78],[0.25112200373443566,0.33639493745161086,346],[-0.09364106834959,0.7581918827812566,70],[-0.018044152521975151,0.89390056880672741,211],[0.09364106834959,0.2418081172187434,213],[-0.57676258935806279,0.699544857786998,48],[0.018044152521975151,0.10609943119327259,142],[-0.16370901041222136,0.49170188952100979,62],[0.57676258935806279,0.30045514221300196,200],[0.16370901041222136,0.50829811047899021,280],[0.25193096874589388,0.46849717033298477,118],[-0.70125378242551628,0.30893724933861655,175],[-0.34230435784673346,0.76511897705966936,230],[0.34230435784673346,0.2348810229403307,10],[-0.4412834204327179,0.70992209879130141,56],[0.70125378242551628,0.69106275066138345,108],[-0.25193096874589388,0.53150282966701523,351],[0.4412834204327179,0.29007790120869859,331],[-0.79227592268453406,0.23657386912428241,109],[0.37028009398581546,0.2320244908785617,342],[-0.15313987475012175,0.73397361845705711,59],[1.4214916119456578E-5,0.079537857307022564,339],[-1.4214916119456578E-5,0.92046214269297744,239],[-0.37028009398581546,0.7679755091214383,117],[0.15313987475012175,0.26602638154294284,265],[0.79227592268453406,0.76342613087571753,331]],"learnOrder":[0,7,3,2,8,4,1,5,6,3,4,2,6,5,7,8,1,1,6,4,8,3,2,7,5,7,4,5,2,3,8,1,6,8,3,5,1,4,7,6,2,2,3,6,1,7,8,5,4,7,6,5,1,4,2,3,8,1,8,7,6,2,4,3,5]},"distEstPair":{"pairList":[[0,0],[3,6],[5,7],[4,5],[1,6],[1,5],[1,2],[1,7],[6,7],[3,4],[1,3],[2,8],[6,8],[4,8],[5,8],[4,7],[4,6],[5,6],[2,7],[2,6],[3,5],[1,4],[7,8],[3,8],[1,8],[3,7],[2,5],[2,4],[2,3],[7,6],[5,3],[8,6],[4,1],[2,1],[6,5],[7,1],[3,2],[6,3],[8,2],[8,7],[7,3],[8,3],[7,4],[3,1],[5,1],[8,1],[5,4],[5,2],[4,3],[4,2],[7,2],[6,4],[6,1],[8,5],[6,2],[7,5],[8,4]]},"distEst2AFC":{"triplet":[[0,0,0],[5,6,3],[1,7,2],[6,8,1],[3,2,5],[7,6,1],[5,6,3],[3,2,5],[2,4,5],[1,7,2],[7,6,1],[8,6,7],[3,5,2],[5,3,6],[4,2,7],[3,5,2],[7,1,6],[5,3,6],[6,2,8],[1,2,7],[4,1,7],[1,2,7],[2,3,4],[7,1,6],[5,6,7]]}}