{"objLoc":[[0,0,0],[0,0.95,28],[0.9,0.95,281],[0.9,0.05,158],[0.7,0.75,261],[0,0.05,353],[-0.9,0.05,194],[-0.9,0.95,181],[-0.7,0.25,26]],"objIdentity":[0,6,1,7,5,2,3,4,8],"familiarise":{"path":[[0,0.5,77],[0.5,0.9,163],[0.9,0.1,336],[-0.9,0.2,9],[-0.7,0.7,217],[0.5,0.5,343],[0,0.2,83],[-0.2,0.8,198],[-0.5,0.1,328],[0.7,0.4,48],[0.9,0.9,189],[-0.5,0.5,271],[0.5,0.9,241],[0.5,0.1,169],[-0.6,0.8,74]]},"objlocLearn":{"learnOrder":[0,7,4,2,3,1,8,6,5],"startLoc":[[0,0,0],[-0.5,0.1,0],[-0.5,0.5,50],[-0.1,0.5,180],[0.5,0.9,240],[0.1,0.1,10],[0.5,0.5,60],[0.1,0.5,190],[-0.1,0.9,300]]},"objlocTestRun1":{"startLoc":[[0,0,0],[-0.52231071404663254,0.23324836929570636,344],[0.52231071404663254,0.76675163070429364,153],[0.43350643797955407,0.78910484747590359,214],[-0.43350643797955407,0.21089515252409641,15],[0.42550680817167935,0.54244136070823967,356],[-0.37270488068224078,0.0900785092973666,295],[-0.42550680817167935,0.45755863929176038,230],[0.37270488068224078,0.9099214907026334,274],[-0.49497872796253789,0.94357105224890137,68],[0.49497872796253789,0.056428947751098649,111],[-0.042541243203062587,0.53543273345305087,89],[0.042541243203062587,0.46456726654694919,215],[0.27934110470565016,0.35834048349821757,34],[0.34753632331329326,0.0978158216056618,323],[-0.27934110470565016,0.64165951650178243,167],[-0.34753632331329326,0.90218417839433818,161],[-0.15151201602218339,0.46682259623433259,38],[-0.36317989875878548,0.58333521859103576,247],[0.15151201602218339,0.53317740376566736,295],[0.52860584293340351,0.84856005666746137,227],[-0.24633294232273312,0.46318368010228828,88],[-0.52860584293340351,0.15143994333253863,283],[0.24633294232273312,0.53681631989771172,53],[0.36317989875878548,0.41666478140896424,298],[0.50327122621081788,0.081526100417485758,210],[-0.41671583276717888,0.57830735379754894,105],[0.41671583276717888,0.42169264620245112,185],[-0.50327122621081788,0.91847389958251424,227],[-0.33234566274689653,0.22956885590138276,94],[-0.20476442774334752,0.20439212450348709,305],[0.33234566274689653,0.77043114409861724,152],[0.20476442774334752,0.79560787549651291,322],[0.05258440705203575,0.1926709565914424,301],[-0.71377627725315818,0.70109323479397923,36],[-0.83943760956375213,0.83466693139754033,233],[0.77220421141224338,0.21240645728241347,112],[0.83943760956375213,0.16533306860245961,272],[-0.05258440705203575,0.8073290434085576,196],[0.71377627725315818,0.29890676520602077,165],[-0.77220421141224338,0.78759354271758653,323],[-0.046047451093935973,0.76708486123871211,21],[-0.4581258585352021,0.56986336072117361,201],[0.4581258585352021,0.43013663927882634,119],[0.512181718620583,0.35675744263649511,13],[0.070306851106607657,0.28233751938487983,272],[0.046047451093935973,0.23291513876128789,203],[-0.512181718620583,0.64324255736350489,322],[-0.070306851106607657,0.71766248061512017,216],[0.13973821189860963,0.37905811822954505,122],[0.026932065453096385,0.82681149308229418,355],[0.41276024132293693,0.18243281474752376,42],[-0.41276024132293693,0.81756718525247618,19],[0.69829942124817768,0.74832922674831259,264],[-0.13973821189860963,0.620941881770455,134],[-0.026932065453096385,0.17318850691770579,131],[-0.69829942124817768,0.25167077325168741,316],[0.1422389164193833,0.20257135120958825,118],[0.04352178195385599,0.42339738059549886,321],[0.29728059356171926,0.65801644729480135,232],[-0.1422389164193833,0.79742864879041175,119],[-0.04352178195385599,0.57660261940450108,22],[-0.3016216920128762,0.88767313699114814,89],[0.3016216920128762,0.11232686300885192,349],[-0.29728059356171926,0.3419835527051987,146],[0.27156580612953,0.21845340485266429,58],[-0.27156580612953,0.78154659514733571,108],[-0.94728892693075939,0.13303611126207687,324],[0.94728892693075939,0.86696388873792318,60],[0.56420757914277231,0.92762571304140418,281],[-0.56420757914277231,0.072374286958595824,49],[0.37920408179572457,0.80104873958079126,347],[-0.37920408179572457,0.19895126041920869,191],[0.13736081724765398,0.41013100621089826,16],[-0.13736081724765398,0.58986899378910174,336],[-0.16168663211082129,0.45330859175245103,129],[0.16168663211082129,0.54669140824754892,264],[-0.4289086729305997,0.202190957028845,189],[-0.39784934807790412,0.47808896291132252,34],[0.39784934807790412,0.52191103708867748,39],[0.4289086729305997,0.79780904297115507,54]],"learnOrder":[0,7,3,4,8,5,6,1,2,8,4,7,3,5,2,1,6,4,2,8,3,1,7,5,6,6,5,1,2,7,8,3,4,6,7,8,1,4,2,3,5,3,5,1,8,6,7,4,2,5,6,3,7,8,1,2,4,4,1,6,8,5,7,3,2,7,3,1,5,4,8,6,2,7,3,2,6,4,5,1,8]},"distEstPair":{"pairList":[[0,0],[2,7],[1,4],[3,4],[1,3],[1,6],[5,8],[1,8],[1,2],[2,3],[6,7],[3,5],[4,6],[2,6],[6,8],[7,8],[1,7],[3,6],[4,5],[5,7],[2,4],[3,8],[4,7],[4,8],[5,6],[3,7],[2,5],[1,5],[2,8],[7,3],[6,4],[7,1],[5,2],[8,5],[7,5],[4,3],[5,3],[3,1],[6,1],[7,6],[4,1],[5,1],[8,2],[6,3],[8,3],[3,2],[7,4],[8,4],[4,2],[6,5],[7,2],[2,1],[8,6],[6,2],[8,7],[5,4],[8,1]]},"distEst2AFC":{"triplet":[[0,0,0],[3,5,2],[5,3,6],[1,2,7],[7,1,6],[3,2,5],[5,6,3],[7,6,1],[4,2,7],[3,5,2],[7,1,6],[1,7,2],[6,2,8],[1,2,7],[3,2,5],[2,3,4],[5,3,6],[8,6,7],[5,6,7],[4,1,7],[1,7,2],[6,8,1],[7,6,1],[5,6,3],[2,4,5]]}}