{"objLoc":[[0,0,0],[0,0.95,301],[0.9,0.95,38],[0.9,0.05,269],[0.7,0.75,130],[0,0.05,130],[-0.9,0.05,220],[-0.9,0.95,142],[-0.7,0.25,148]],"objIdentity":[0,6,7,5,4,1,2,8,3],"familiarise":{"path":[[0,0.5,340],[0.5,0.9,318],[0.9,0.1,233],[-0.9,0.2,77],[-0.7,0.7,230],[0.5,0.5,51],[0,0.2,166],[-0.2,0.8,315],[-0.5,0.1,94],[0.7,0.4,240],[0.9,0.9,311],[-0.5,0.5,54],[0.5,0.9,203],[0.5,0.1,58],[-0.6,0.8,63]]},"objlocLearn":{"learnOrder":[0,1,2,7,3,8,4,6,5],"startLoc":[[0,0,0],[0.1,0.1,10],[-0.1,0.5,180],[-0.5,0.1,0],[0.5,0.9,240],[0.5,0.5,60],[-0.5,0.5,50],[0.1,0.5,190],[-0.1,0.9,300]]},"objlocTestRun1":{"startLoc":[[0,0,0],[0.18108292456099856,0.6287397359002791,284],[-0.25162046750412975,0.10516775941213918,3],[-0.18108292456099856,0.3712602640997209,202],[-0.43403570794729768,0.85743669796193434,275],[-0.83809204939305282,0.68998611758272588,88],[0.83809204939305282,0.31001388241727412,272],[0.43403570794729768,0.14256330203806566,11],[0.25162046750412975,0.89483224058786082,29],[0.81223515454449136,0.15564957626310816,277],[0.45826866190691445,0.13902138536978195,354],[-0.81223515454449136,0.84435042373689184,184],[-0.45052722620786362,0.27963004094171373,106],[0.45052722620786362,0.72036995905828627,109],[-0.45826866190691445,0.86097861463021808,76],[0.34702853492829328,0.67331969705693984,20],[-0.34702853492829328,0.32668030294306016,350],[0.14809514516663874,0.65210324827931032,27],[0.42950985527646129,0.80002959119758033,184],[0.29492637290397422,0.3296713739502517,147],[0.69682696853713222,0.066429596914656622,207],[-0.69682696853713222,0.93357040308534334,231],[-0.42950985527646129,0.19997040880241967,52],[-0.29492637290397422,0.6703286260497483,176],[-0.14809514516663874,0.34789675172068962,47],[-0.67126555250245534,0.90639126607799736,102],[0.1293432085503689,0.13575619540503361,64],[-0.603892177102487,0.052287118448326543,307],[0.603892177102487,0.94771288155167344,59],[0.399438299276273,0.67768692638377259,292],[-0.1293432085503689,0.86424380459496641,223],[0.67126555250245534,0.093608733922002585,145],[-0.399438299276273,0.32231307361622741,244],[-0.56615722121725787,0.70820926656986471,9],[-0.44164708799392,0.67921488019775522,130],[0.81719532647552784,0.84350547397155473,126],[-0.81719532647552784,0.15649452602844527,94],[-0.0010850991954848704,0.50278088209267824,68],[0.0010850991954848704,0.49721911790732176,246],[0.44164708799392,0.32078511980224478,317],[0.56615722121725787,0.29179073343013534,292],[-0.15402464630307061,0.33716746075490972,65],[-0.502981556606148,0.63726897479982569,189],[0.15402464630307061,0.66283253924509022,231],[0.502981556606148,0.36273102520017425,331],[-0.33365172997310449,0.91608773690389267,226],[0.76955323173672963,0.53915322448633785,336],[0.33365172997310449,0.083912263096107345,60],[-0.76955323173672963,0.46084677551366215,200],[-0.36299911763701581,0.55782454281095506,174],[0.54683017355318331,0.66827729910740041,148],[0.013825365472376269,0.851923846457751,268],[0.36299911763701581,0.44217545718904494,127],[-0.54683017355318331,0.33172270089259953,195],[0.81969597062217869,0.31928532423982176,182],[-0.013825365472376269,0.14807615354224896,356],[-0.81969597062217869,0.6807146757601783,46],[-0.097146019175494439,0.89820026636223094,260],[-0.24616421167063623,0.16887441125611824,110],[-0.65790452436267555,0.93585562997586025,261],[0.097146019175494439,0.10179973363776906,141],[0.17874749596030542,0.66273206701444043,294],[-0.17874749596030542,0.33726793298555957,162],[0.65790452436267555,0.064144370024139752,112],[0.24616421167063623,0.83112558874388176,152]],"learnOrder":[0,4,7,8,2,1,5,6,3,5,4,1,7,3,8,6,2,6,1,8,3,7,5,4,2,7,2,4,8,1,6,3,5,6,4,1,5,3,7,8,2,4,7,8,3,6,5,2,1,2,8,5,6,4,3,1,7,7,4,1,3,2,6,5,8]},"distEstPair":{"pairList":[[0,0],[3,4],[1,4],[4,6],[1,6],[1,8],[7,8],[6,7],[1,5],[2,6],[3,7],[2,4],[4,7],[1,2],[2,7],[2,5],[1,3],[3,6],[4,8],[1,7],[3,5],[4,5],[2,3],[6,8],[5,7],[2,8],[5,6],[5,8],[3,8],[8,7],[6,5],[5,2],[7,4],[8,2],[3,2],[7,2],[6,4],[8,1],[2,1],[6,3],[7,3],[4,1],[5,4],[7,6],[6,2],[6,1],[8,3],[3,1],[5,1],[5,3],[8,4],[7,5],[8,5],[4,3],[7,1],[8,6],[4,2]]},"distEst2AFC":{"triplet":[[0,0,0],[6,2,8],[3,2,5],[4,2,7],[3,5,2],[5,3,6],[7,6,1],[6,8,1],[2,4,5],[7,1,6],[5,6,7],[8,6,7],[1,2,7],[7,1,6],[2,3,4],[1,2,7],[4,1,7],[3,2,5],[5,6,3],[1,7,2],[5,3,6],[7,6,1],[3,5,2],[5,6,3],[1,7,2]]}}