{"objLoc":[[0,0,0],[0.1,0.9,154],[0.9,0.9,294],[0.9,0.1,265],[0.7,0.7,313],[-0.1,0.1,139],[-0.9,0.1,353],[-0.9,0.9,322],[-0.7,0.3,76]],"objIdentity":[0,7,8,2,1,5,4,6,3],"familiarise":{"path":[[0,0.5,359],[-0.40450849718747373,0.20610737385376343,34],[-0.038831646377888496,0.54710655388501273,11],[0.45926570266798428,0.59068442525884179,83],[0.26390013842334736,0.13043199853262161,242],[-0.71772704502431661,0.32124099390916638,79],[-0.59676609722448271,0.80638885704716468,293],[0.39775579814379058,0.70186039377951115,97],[0.69164842429002715,0.29735189659203742,251],[0.20650056115202892,0.41831284439187127,271],[-0.29076038653210773,0.36604861275804451,209],[0.20650056115202892,0.31378438112421775,146],[-0.043499438847971084,0.746797083016437,252],[0.44368559354464654,0.85927261018836953,188],[-0.53446200718915915,0.65136091937061025,273],[0.45034574582304887,0.47771274170367994,344]]},"objlocLearn":{"learnOrder":[0,3,7,8,2,4,5,6,1],"startLoc":[[0,0,0],[0.5,0.9,240],[-0.5,0.1,0],[0.5,0.5,60],[-0.1,0.5,180],[-0.5,0.5,50],[-0.1,0.9,300],[0.1,0.5,190],[0.1,0.1,10]]},"objlocTestRun1":{"startLoc":[[0,0,0],[-0.01238872856237154,0.76499125512422,70],[0.082633873390941262,0.1597980656777731,166],[0.76182596042609219,0.27335434689404692,257],[-0.76182596042609219,0.72664565310595308,323],[-0.090771185912440641,0.86591915310518541,197],[0.01238872856237154,0.23500874487578005,327],[-0.082633873390941262,0.8402019343222269,226],[0.090771185912440641,0.13408084689481459,306],[0.158929027130782,0.66980743225224615,299],[-0.158929027130782,0.33019256774775385,345],[0.74761119507165041,0.31445090607047083,326],[0.055413946116682891,0.53113554269445773,318],[-0.050267278419269631,0.17498821193710065,234],[-0.055413946116682891,0.46886445730554227,316],[0.050267278419269631,0.82501178806289932,222],[-0.74761119507165041,0.68554909392952923,26],[0.84394411367657662,0.58555712197150167,155],[-0.14185714090467821,0.86981288237176535,57],[0.20028113662674024,0.081211407129238244,31],[-0.20028113662674024,0.91878859287076176,333],[0.825095917297797,0.69377904007398572,169],[-0.825095917297797,0.30622095992601428,137],[0.14185714090467821,0.13018711762823465,92],[-0.84394411367657662,0.41444287802849833,238],[-0.94096732927154658,0.76680421015920186,262],[-0.0741205208943833,0.29655517775897078,14],[0.59812778616512663,0.44298797019831659,336],[-0.46216751552820851,0.57520646938265552,181],[-0.59812778616512663,0.55701202980168341,156],[0.94096732927154658,0.23319578984079808,205],[0.0741205208943833,0.70344482224102922,247],[0.46216751552820851,0.42479353061734448,255],[0.14824034061932162,0.61654082783542807,66],[0.31596186427566314,0.79705250164923969,174],[-0.31596186427566314,0.20294749835076031,65],[-0.14824034061932162,0.38345917216457193,210],[-0.70098374222762194,0.23495992552038414,66],[0.70098374222762194,0.76504007447961586,312],[-0.17112712375438849,0.26015602693317247,77],[0.17112712375438849,0.73984397306682759,340],[0.10644831603542344,0.82616130302714086,131],[0.56887737351057854,0.909684684861938,255],[0.4928239938474383,0.31221263976509278,162],[0.087531235656488307,0.68121976385307381,150],[-0.087531235656488307,0.31878023614692619,160],[-0.4928239938474383,0.68778736023490716,131],[-0.56887737351057854,0.090315315138061972,248],[-0.10644831603542344,0.17383869697285914,188],[-0.42173271493251713,0.51291174211894719,335],[-0.58342884880098966,0.70232650582082767,270],[0.75239603176689651,0.093493171440603484,52],[0.29643726070043325,0.060603758616235348,24],[-0.75239603176689651,0.90650682855939646,32],[-0.29643726070043325,0.93939624138376465,114],[0.42173271493251713,0.48708825788105281,273],[0.58342884880098966,0.29767349417917233,161],[0.0074585929949906732,0.52597186330872914,296],[-0.17452815150961037,0.51276472894112712,160],[0.17452815150961037,0.48723527105887288,121],[0.33465272108536231,0.20729169048175577,236],[-0.0074585929949906732,0.47402813669127092,14],[0.82779380099382638,0.6250488615150992,192],[-0.82779380099382638,0.3749511384849008,268],[-0.33465272108536231,0.79270830951824423,85]],"learnOrder":[0,2,1,8,4,3,6,5,7,8,4,3,1,2,5,6,7,1,4,6,2,3,7,8,5,8,1,3,6,7,4,5,2,6,1,5,2,7,3,4,8,3,5,2,4,8,6,1,7,3,4,2,1,6,5,7,8,7,2,6,8,3,1,5,4]},"distEstPair":{"pairList":[[0,0],[2,7],[3,8],[5,6],[1,5],[4,7],[1,3],[4,8],[3,5],[3,7],[5,7],[1,4],[2,5],[2,4],[1,7],[1,6],[5,8],[4,5],[3,6],[4,6],[6,8],[1,8],[7,8],[1,2],[3,4],[2,8],[2,6],[6,7],[2,3],[7,6],[7,3],[6,1],[6,4],[8,6],[8,2],[4,3],[7,4],[7,5],[6,2],[8,3],[2,1],[8,5],[6,3],[4,1],[5,2],[5,3],[8,4],[7,1],[5,1],[3,1],[7,2],[4,2],[8,7],[6,5],[3,2],[5,4],[8,1]]},"distEst2AFC":{"triplet":[[0,0,0],[6,3,8],[4,1,6],[5,6,3],[5,1,3],[7,1,6],[5,6,3],[3,5,2],[2,4,6],[2,3,1],[5,4,3],[1,7,5],[7,1,6],[5,3,4],[5,3,1],[5,3,6],[4,7,2],[6,5,7],[6,8,2],[6,5,7],[2,1,3],[3,2,5],[5,3,4],[8,2,6],[1,5,7],[7,6,1],[3,5,2],[8,6,4],[2,3,1],[7,6,1],[5,3,6],[6,7,5],[3,2,5],[1,5,7],[2,1,3],[2,6,1],[5,1,3],[6,7,5],[5,4,3],[1,7,5],[5,3,1]]}}