{"objLoc":[[0,0,0],[0.1,0.9,212],[0.9,0.9,324],[0.9,0.1,321],[0.7,0.7,294],[-0.1,0.1,13],[-0.9,0.1,250],[-0.9,0.9,137],[-0.7,0.3,187]],"objIdentity":[0,8,2,3,1,4,7,5,6],"familiarise":{"path":[[0,0.5,169],[0.45315389351832497,0.71130913087034975,254],[-0.04562813161158713,0.676430893998287,56],[-0.47864083350380643,0.42643089399828704,264],[-0.8831493306912801,0.13253826785205047,238],[0.087146395584716374,0.37446016345171818,266],[0.33714639558471637,0.80747286534393747,327],[0.28488216395088961,0.31021191765980083,286],[-0.202302868441728,0.42268744483173332,143],[0.2970118989355589,0.39651946671026139,332],[-0.20268351457398898,0.37906971835901093,15],[0.76761221170200744,0.1371478227593432,286],[0.69802566122197474,0.63228185713012841,302],[-0.79375718183043509,0.47548916222864818,196],[0.16254757413260035,0.18311745750591141,227],[0.66064492317847312,0.13953958613208234,351]]},"objlocLearn":{"learnOrder":[0,5,6,7,1,3,2,4,8],"startLoc":[[0,0,0],[-0.1,0.9,300],[0.1,0.5,190],[-0.5,0.1,0],[0.1,0.1,10],[0.5,0.9,240],[-0.1,0.5,180],[-0.5,0.5,50],[0.5,0.5,60]]},"objlocTestRun1":{"startLoc":[[0,0,0],[0.23060252173325496,0.37497131584739057,257],[-0.26434540484876984,0.625518050569771,47],[0.26434540484876984,0.37448194943022906,32],[-0.23060252173325496,0.62502868415260937,345],[0.29044267694291354,0.20240529880447922,316],[0.36814810928848091,0.39803559709529257,57],[-0.36814810928848091,0.60196440290470743,56],[-0.29044267694291354,0.79759470119552078,136],[-0.77405932712457037,0.49365555606766476,46],[-0.85773963174515178,0.51927545833931765,315],[-0.45453943239482458,0.60781451557455812,328],[0.77405932712457037,0.50634444393233524,20],[0.85773963174515178,0.48072454166068235,336],[-0.61687161648926092,0.21270868964848411,316],[0.45453943239482458,0.39218548442544188,299],[0.61687161648926092,0.78729131035151589,238],[-0.68256892782662359,0.052877248450461045,50],[-0.58286710069726855,0.61466056932594548,147],[0.58286710069726855,0.38533943067405457,339],[-0.584121092737834,0.38035942441892179,114],[0.68256892782662359,0.947122751549539,53],[0.84268010020138651,0.1486985213383113,61],[0.584121092737834,0.61964057558107821,191],[-0.84268010020138651,0.8513014786616887,7],[-0.84857164503310867,0.148838953875587,244],[0.85838497088133758,0.249007244784677,40],[0.94708757400096721,0.31678106766512976,135],[-0.85838497088133758,0.750992755215323,49],[0.55691789212204235,0.50847814766315547,241],[-0.94708757400096721,0.6832189323348703,87],[-0.55691789212204235,0.49152185233684453,254],[0.84857164503310867,0.851161046124413,227],[0.52244879027085767,0.42364738770080224,125],[-0.06353339827524189,0.83899755461384551,17],[-0.58459216919195989,0.21583221733378344,360],[0.06353339827524189,0.16100244538615449,232],[0.58459216919195989,0.78416778266621656,3],[-0.4389651961263909,0.53712851228646841,270],[-0.52244879027085767,0.57635261229919776,139],[0.4389651961263909,0.46287148771353165,16],[0.11682972801583628,0.75583054473726574,77],[0.378573103281657,0.41704944227824092,324],[-0.15200794182768557,0.80529123412609871,72],[0.15200794182768557,0.19470876587390129,33],[-0.378573103281657,0.58295055772175908,76],[-0.069017056425937737,0.66325731995120252,358],[-0.11682972801583628,0.2441694552627342,227],[0.069017056425937737,0.33674268004879748,205],[-0.030785726305856784,0.4122189074004991,195],[0.82227903285319015,0.82180913286019253,309],[0.030785726305856784,0.58778109259950084,193],[0.012580496820684559,0.1174684459985692,240],[-0.0073793111132705452,0.87498676926381391,289],[0.0073793111132705452,0.12501323073618609,343],[-0.82227903285319015,0.17819086713980747,14],[-0.012580496820684559,0.8825315540014308,98],[-0.22728487962640848,0.90181556277452046,276],[0.19238065769875351,0.6728395121601134,208],[-0.19238065769875351,0.32716048783988655,134],[-0.27904548806088209,0.83258216091691473,246],[0.22728487962640848,0.098184437225479537,223],[0.8705847611880817,0.620243185145044,116],[-0.8705847611880817,0.37975681485495605,262],[0.27904548806088209,0.16741783908308527,81]],"learnOrder":[0,3,2,6,7,4,5,1,8,6,7,8,2,3,5,4,1,6,8,4,7,2,5,3,1,7,1,2,5,8,6,4,3,1,2,4,6,8,7,5,3,6,8,3,7,4,1,2,5,3,1,7,6,4,8,5,2,3,6,2,8,7,1,5,4]},"distEstPair":{"pairList":[[0,0],[2,3],[4,7],[1,3],[5,6],[6,8],[5,8],[7,8],[1,8],[5,7],[4,6],[2,8],[2,6],[1,4],[3,6],[1,5],[1,6],[3,5],[2,5],[1,7],[3,4],[2,4],[1,2],[4,5],[2,7],[4,8],[3,8],[3,7],[6,7],[4,3],[4,1],[3,1],[6,3],[7,6],[8,5],[8,6],[8,7],[7,5],[2,1],[5,3],[6,1],[7,4],[8,3],[7,1],[3,2],[5,4],[4,2],[7,2],[8,2],[8,1],[7,3],[6,2],[5,1],[6,5],[8,4],[5,2],[6,4]]},"distEst2AFC":{"triplet":[[0,0,0],[1,7,5],[6,7,5],[3,2,5],[2,3,1],[1,5,7],[8,2,6],[5,1,3],[2,1,3],[1,7,5],[4,1,6],[6,3,8],[7,6,1],[6,7,5],[5,1,3],[7,6,1],[3,5,2],[1,5,7],[8,6,4],[5,3,1],[3,2,5],[7,1,6],[4,7,2],[2,4,6],[6,8,2],[6,5,7],[3,5,2],[2,3,1],[2,6,1],[5,3,1],[6,5,7],[2,1,3],[7,1,6]]}}