{"objLoc":[[0,0,0],[0.1,0.9,109],[0.9,0.9,89],[0.9,0.1,334],[0.7,0.7,321],[-0.1,0.1,246],[-0.9,0.1,205],[-0.9,0.9,197],[-0.7,0.3,76]],"objIdentity":[0,8,5,4,3,1,6,7,2],"familiarise":{"path":[[0,0.5,11],[0.44147379642946349,0.73473578139294538,135],[0.86549784450767642,0.46977614927634292,208],[0.45097905823015561,0.19017969754096947,313],[-0.029651789739003842,0.32799837544946908,234],[-0.524785824109789,0.25841182496943638,6],[-0.30560025071525032,0.7078088481190199,166],[-0.58519670245062372,0.29329006184149908,195],[-0.092792825944519708,0.38011415067496424,107],[0.3996110505615843,0.29329006184149908,30],[0.85986347728780443,0.488655626086136,58],[0.43127982693674827,0.23113658863110892,109],[-0.56126632470457372,0.10926724522596143,284],[-0.4067578275171,0.58479550337353814,177],[0.55916799877196832,0.3259764582710174,20],[0.33217274890219495,0.77147972036520129,156]]},"objlocLearn":{"learnOrder":[0,3,6,1,4,2,5,7,8],"startLoc":[[0,0,0],[0.5,0.9,240],[0.1,0.5,190],[0.1,0.1,10],[-0.5,0.5,50],[-0.1,0.5,180],[-0.1,0.9,300],[-0.5,0.1,0],[0.5,0.5,60]]},"objlocTestRun1":{"startLoc":[[0,0,0],[-0.58325417641272459,0.78410972130427381,157],[-0.015214194723291927,0.25313174233567576,317],[-0.041606281825488131,0.59103938992518512,209],[-0.564429992868442,0.77508785194416929,305],[0.041606281825488131,0.40896061007481488,320],[0.58325417641272459,0.21589027869572619,138],[0.015214194723291927,0.74686825766432419,297],[0.564429992868442,0.22491214805583071,274],[0.77686529982514729,0.67473742666792913,347],[-0.02650246815849204,0.469917362102333,318],[-0.12844798752125358,0.76717667785254973,58],[-0.43784503925131152,0.65103579957932045,275],[0.43784503925131152,0.34896420042067955,155],[0.12844798752125358,0.23282332214745027,74],[0.02650246815849204,0.53008263789766707,98],[-0.77686529982514729,0.32526257333207087,107],[0.41284028658547173,0.55485005162170153,28],[0.92005852598376814,0.49869698344528718,101],[-0.42128893293781972,0.65050508927529394,274],[0.42128893293781972,0.34949491072470606,148],[-0.91209998532258618,0.74694631730519578,116],[-0.41284028658547173,0.44514994837829847,60],[0.91209998532258618,0.25305368269480422,37],[-0.92005852598376814,0.50130301655471277,81],[0.45405537322340178,0.669130379049245,346],[-0.61249006732193734,0.4994701509832789,185],[-0.068860455985325156,0.51420408372902271,47],[0.068860455985325156,0.48579591627097723,68],[-0.45405537322340178,0.330869620950755,294],[-0.15591345975953302,0.92931142881592821,308],[0.15591345975953302,0.070688571184071791,358],[0.61249006732193734,0.50052984901672115,228],[0.45077115778072313,0.59045068271079248,345],[-0.92984335874027146,0.45814937815231394,26],[0.20766884472462882,0.796207807811933,67],[0.16792371103040898,0.54087128575618992,235],[-0.45077115778072313,0.40954931728920752,297],[-0.20766884472462882,0.203792192188067,47],[0.92984335874027146,0.54185062184768606,289],[-0.16792371103040898,0.45912871424381013,252],[0.926720008280751,0.319937856366036,278],[-0.39745094158291722,0.679962857960291,357],[-0.86961239957006442,0.62535764613124178,290],[-0.926720008280751,0.680062143633964,118],[-0.57097395387065952,0.094907427924387333,271],[0.57097395387065952,0.90509257207561267,15],[0.86961239957006442,0.37464235386875822,242],[0.39745094158291722,0.32003714203970896,59],[-0.08162756072221318,0.5736162879326604,269],[0.17820817041482834,0.4175050533714128,44],[0.08162756072221318,0.4263837120673396,52],[-0.13189200613227031,0.29603970456709849,8],[0.13189200613227031,0.70396029543290151,32],[-0.17820817041482834,0.58249494662858714,127],[0.49784278984732228,0.70172281194790154,114],[-0.49784278984732228,0.29827718805209846,49],[0.31716622915238374,0.52781608651261,265],[-0.15236751025416367,0.365427621178515,297],[0.77268258258069311,0.26286345022209445,64],[0.15236751025416367,0.634572378821485,111],[0.35107345713532706,0.68868809369388118,133],[-0.35107345713532706,0.31131190630611882,314],[-0.77268258258069311,0.73713654977790555,164],[-0.31716622915238374,0.47218391348739,186]],"learnOrder":[0,2,3,4,5,8,6,7,1,5,3,8,2,6,4,7,1,8,2,7,3,5,4,1,6,3,4,5,1,7,6,2,8,2,5,3,8,6,7,1,4,1,8,7,5,6,2,3,4,5,4,1,7,3,8,2,6,4,5,3,1,2,6,7,8]},"distEstPair":{"pairList":[[0,0],[6,7],[7,8],[1,3],[1,6],[3,8],[2,6],[6,8],[5,7],[3,5],[4,5],[1,4],[1,7],[3,7],[4,7],[5,8],[3,6],[3,4],[2,4],[5,6],[4,8],[2,7],[4,6],[1,2],[2,8],[2,5],[1,8],[1,5],[2,3],[5,1],[5,4],[6,2],[6,4],[6,1],[6,5],[8,7],[5,3],[7,4],[3,1],[5,2],[8,4],[7,5],[8,5],[6,3],[8,1],[8,6],[7,2],[4,1],[3,2],[4,3],[7,6],[4,2],[2,1],[7,1],[8,3],[8,2],[7,3]]},"distEst2AFC":{"triplet":[[0,0,0],[1,7,5],[6,5,7],[5,3,6],[2,6,1],[7,6,1],[1,5,7],[5,6,3],[7,1,6],[5,3,1],[5,6,3],[5,4,3],[3,2,5],[6,5,7],[8,2,6],[2,1,3],[5,1,3],[5,3,6],[2,3,1],[6,7,5],[8,6,4],[5,1,3],[5,4,3],[4,1,6],[3,5,2],[2,1,3],[3,2,5],[6,8,2],[3,5,2],[6,3,8],[5,3,4],[2,3,1],[5,3,4],[1,5,7],[7,6,1],[5,3,1],[6,7,5],[2,4,6],[1,7,5],[7,1,6],[4,7,2]]}}