{"objLoc":[[0,0,0],[0,0.95,311],[0.9,0.95,103],[0.9,0.05,27],[0.7,0.75,275],[0,0.05,163],[-0.9,0.05,196],[-0.9,0.95,262],[-0.7,0.25,306]],"objIdentity":[0,5,3,8,6,7,4,2,1],"familiarise":{"path":[[0,0.5,103],[0.5,0.9,247],[0.9,0.1,303],[-0.9,0.2,292],[-0.7,0.7,1],[0.5,0.5,333],[0,0.2,291],[-0.2,0.8,345],[-0.5,0.1,175],[0.7,0.4,239],[0.9,0.9,265],[-0.5,0.5,168],[0.5,0.9,290],[0.5,0.1,158],[-0.6,0.8,47]]},"objlocLearn":{"learnOrder":[0,4,8,2,6,1,3,5,7],"startLoc":[[0,0,0],[-0.5,0.5,50],[0.5,0.5,60],[-0.1,0.5,180],[0.1,0.5,190],[0.1,0.1,10],[0.5,0.9,240],[-0.1,0.9,300],[-0.5,0.1,0]]},"objlocTestRun1":{"startLoc":[[0,0,0],[-0.28658562475543231,0.050800642834715304,294],[-0.29183805758496945,0.28086009835331649,317],[0.26608733655326006,0.4320379087780436,262],[0.28658562475543231,0.9491993571652847,52],[-0.26608733655326006,0.5679620912219564,42],[0.32335985644511417,0.52006998383359293,308],[-0.32335985644511417,0.479930016166407,33],[0.29183805758496945,0.71913990164668351,353],[-0.44993085840491337,0.29229751225199063,294],[-0.8769082074526735,0.83852645632390277,116],[0.79712005867064839,0.32678369485635878,91],[0.4436772448437562,0.72956313461262245,138],[-0.4436772448437562,0.27043686538737755,90],[0.44993085840491337,0.70770248774800937,353],[0.8769082074526735,0.16147354367609723,22],[-0.79712005867064839,0.67321630514364128,119],[-0.92134666724322845,0.8476329169133483,27],[0.076521279782407484,0.778123509626661,66],[0.92134666724322845,0.15236708308665173,97],[0.10178947956380853,0.57090002730195388,32],[0.19015924742562346,0.45196908605220865,186],[-0.076521279782407484,0.221876490373339,111],[-0.10178947956380853,0.42909997269804612,346],[-0.19015924742562346,0.54803091394779135,102],[0.4887345202931454,0.50104948303978269,214],[-0.045849474357242556,0.50286801848646479,160],[-0.23816186319921623,0.85260567885073058,356],[0.045849474357242556,0.49713198151353521,306],[0.89397885175017455,0.83602549578428331,196],[-0.89397885175017455,0.16397450421571669,26],[-0.4887345202931454,0.49895051696021731,164],[0.23816186319921623,0.14739432114926942,175],[0.043609904358574744,0.12190945312126389,150],[-0.043609904358574744,0.87809054687873611,91],[0.84979787213816138,0.26291271180409564,289],[-0.84979787213816138,0.7370872881959043,137],[0.0052555098776192882,0.61938573726523583,37],[-0.20604185665588642,0.92836532018186557,343],[-0.0052555098776192882,0.38061426273476417,157],[0.20604185665588642,0.071634679818134428,316],[0.9030949904515142,0.4070974503944485,50],[0.6793184293508383,0.77317788592395764,273],[-0.9030949904515142,0.59290254960555155,216],[-0.22019888408267779,0.50423028895254918,15],[-0.6793184293508383,0.22682211407604236,274],[0.22019888408267779,0.49576971104745082,10],[0.036326080507680089,0.76366072717958333,222],[-0.036326080507680089,0.23633927282041667,26],[0.24578064025725094,0.24649176210690293,256],[-0.234097466070686,0.17634024918795932,53],[0.64029090604746763,0.683576540813637,260],[0.30957583491724433,0.81010401783473884,19],[-0.30957583491724433,0.18989598216526116,29],[-0.64029090604746763,0.316423459186363,80],[-0.24578064025725094,0.75350823789309707,319],[0.234097466070686,0.82365975081204068,287],[0.14757675074852034,0.0775503668007475,184],[-0.42044052630849787,0.12362528606480756,334],[-0.45954498541364414,0.9456442355625011,140],[0.87798314001183808,0.62634036659979708,189],[0.45954498541364414,0.054355764437498857,355],[-0.87798314001183808,0.37365963340020292,152],[0.42044052630849787,0.8763747139351924,113],[-0.14757675074852034,0.92244963319925244,110]],"learnOrder":[0,8,6,3,4,7,5,1,2,3,6,1,4,8,7,2,5,5,3,1,4,6,7,8,2,4,2,3,6,1,5,8,7,8,4,1,5,7,2,3,6,3,1,7,2,5,6,8,4,6,4,5,3,7,1,2,8,4,3,6,5,2,1,7,8]},"distEstPair":{"pairList":[[0,0],[1,4],[1,8],[4,7],[5,8],[1,6],[3,8],[2,6],[7,8],[4,6],[1,7],[5,7],[4,8],[5,6],[6,8],[2,3],[1,3],[6,7],[2,7],[1,2],[3,6],[2,4],[3,7],[3,5],[2,5],[1,5],[3,4],[4,5],[2,8],[7,3],[6,1],[4,3],[8,1],[5,3],[7,5],[5,4],[3,2],[6,5],[7,2],[2,1],[5,2],[7,6],[5,1],[8,7],[8,3],[8,5],[7,1],[8,6],[8,4],[4,1],[4,2],[8,2],[6,2],[6,4],[6,3],[7,4],[3,1]]},"distEst2AFC":{"triplet":[[0,0,0],[6,2,8],[6,8,1],[3,2,5],[1,7,2],[5,3,6],[1,2,7],[5,6,7],[5,6,3],[4,2,7],[3,5,2],[7,6,1],[3,5,2],[1,2,7],[4,1,7],[8,6,7],[3,2,5],[7,1,6],[2,3,4],[5,6,3],[7,1,6],[5,3,6],[1,7,2],[2,4,5],[7,6,1]]}}