{"objLoc":[[0,0,0],[0.1,0.9,135],[0.9,0.9,343],[0.9,0.1,264],[0.7,0.7,216],[-0.1,0.1,57],[-0.9,0.1,57],[-0.9,0.9,21],[-0.7,0.3,312]],"objIdentity":[0,3,7,8,6,1,2,5,4],"familiarise":{"path":[[0,0.5,151],[-0.49384417029756889,0.42178276747988458,80],[-0.828409473476998,0.79335518021858165,44],[-0.35288121532942124,0.63884668303110792,122],[-0.85280506290761693,0.64757288624974962,340],[-0.42878101482940395,0.38261325413314717,117],[-0.2659969376008256,0.85537254193280554,187],[-0.746627785569985,0.717553864024306,254],[-0.58384370834140664,0.24479457622464756,131],[-0.085061683211494543,0.20991633935258491,350],[0.6580831422658997,0.87904694571144315,347],[0.54560761509396716,0.39186191331882553,91],[-0.35318643120519988,0.830233060107903,180],[-0.67458023604846951,0.447210838548414,109],[-0.233106439619006,0.68194661994135941,103],[-0.73188846474891811,0.6470683830692967,14]]},"objlocLearn":{"learnOrder":[0,3,7,6,4,8,2,1,5],"startLoc":[[0,0,0],[0.5,0.9,240],[-0.5,0.1,0],[0.1,0.5,190],[-0.5,0.5,50],[0.5,0.5,60],[-0.1,0.5,180],[0.1,0.1,10],[-0.1,0.9,300]]},"objlocTestRun1":{"startLoc":[[0,0,0],[-0.3373722875003366,0.93507095396492945,278],[-0.288726393054941,0.74815762148549614,78],[0.056336098876412291,0.2676670618104065,225],[-0.92273586281014119,0.73215025563964964,31],[0.3373722875003366,0.064929046035070534,19],[0.92273586281014119,0.26784974436035036,192],[-0.056336098876412291,0.73233293818959355,195],[0.288726393054941,0.25184237851450381,230],[-0.32705754007116922,0.26454234620415407,262],[0.40314052056031796,0.26352417874712009,352],[-0.76079430861032793,0.38020868845405875,186],[0.76079430861032793,0.61979131154594125,117],[-0.022976810768633851,0.74615380232185591,287],[0.32705754007116922,0.73545765379584593,98],[0.022976810768633851,0.25384619767814415,159],[-0.40314052056031796,0.73647582125287991,29],[0.30584339700746871,0.63571138284860518,10],[-0.30584339700746871,0.36428861715139482,347],[-0.27582830177795475,0.79307021389550769,301],[-0.33174057349739133,0.72184226460622181,251],[0.33174057349739133,0.27815773539377819,148],[0.49848866641444062,0.29460528624932636,63],[0.27582830177795475,0.20692978610449231,57],[-0.49848866641444062,0.70539471375067364,91],[0.28430250818970787,0.81430106944476022,198],[-0.4293157898534547,0.14260076604268057,258],[-0.28430250818970787,0.18569893055523978,238],[0.4293157898534547,0.85739923395731943,101],[0.25121204783341894,0.38092475246577839,344],[0.36278170239468527,0.39806181167048366,266],[-0.25121204783341894,0.61907524753422161,200],[-0.36278170239468527,0.60193818832951629,221],[-0.82978697859979555,0.826231150268606,152],[-0.25370645044569978,0.46780278433271738,90],[0.73546420610372287,0.75188799127186157,129],[0.29946449537065239,0.56147774300192455,273],[0.82978697859979555,0.17376884973139395,6],[-0.73546420610372287,0.24811200872813843,42],[-0.29946449537065239,0.43852225699807545,17],[0.25370645044569978,0.53219721566728262,15],[-0.44611550140472173,0.26959067904117523,308],[0.26986012769314666,0.12572596849554396,254],[0.30197393300450887,0.8478738308834699,171],[-0.26986012769314666,0.874274031504456,36],[0.44611550140472173,0.73040932095882471,177],[0.77844943689662416,0.19822775396968573,171],[-0.77844943689662416,0.80177224603031427,63],[-0.30197393300450887,0.15212616911653015,157],[0.45991090734120438,0.3560143585692388,144],[0.8987200540296465,0.40378795220008434,222],[-0.45991090734120438,0.6439856414307612,229],[0.20221521335322085,0.058277346454966683,17],[-0.20221521335322085,0.94172265354503337,135],[-0.8987200540296465,0.59621204779991566,226],[0.34051787655370197,0.78213334064013118,182],[-0.34051787655370197,0.21786665935986882,309],[0.092594199796513579,0.672705677923424,238],[0.560141476729132,0.50237338379467289,59],[-0.092594199796513579,0.32729432207657605,26],[-0.87252723104594854,0.58180364886941771,232],[-0.60272218038231,0.45031926956048385,10],[-0.560141476729132,0.49762661620532711,211],[0.60272218038231,0.54968073043951615,339],[0.87252723104594854,0.41819635113058229,208]],"learnOrder":[0,6,8,3,5,2,1,7,4,5,4,7,3,6,1,2,8,7,3,6,4,8,5,2,1,4,7,8,3,5,2,1,6,6,5,3,4,2,7,8,1,4,3,6,7,8,5,1,2,6,4,2,3,7,8,5,1,3,4,7,1,6,8,2,5]},"distEstPair":{"pairList":[[0,0],[2,7],[3,8],[2,5],[3,5],[2,8],[2,6],[4,7],[7,8],[2,4],[4,6],[6,8],[3,6],[1,7],[1,2],[1,4],[1,5],[5,6],[1,3],[3,4],[4,8],[5,8],[6,7],[4,5],[3,7],[5,7],[2,3],[1,6],[1,8],[7,5],[8,1],[6,3],[8,2],[7,2],[5,1],[4,2],[7,4],[4,1],[5,4],[8,7],[6,5],[8,5],[8,6],[2,1],[6,1],[6,2],[4,3],[3,1],[7,1],[5,3],[7,3],[6,4],[7,6],[5,2],[8,3],[8,4],[3,2]]},"distEst2AFC":{"triplet":[[0,0,0],[6,7,5],[5,3,4],[3,2,5],[5,3,1],[3,5,2],[2,3,1],[4,1,6],[5,1,3],[5,3,6],[2,4,6],[1,7,5],[5,3,1],[6,5,7],[1,5,7],[5,4,3],[6,8,2],[7,1,6],[2,6,1],[2,1,3],[4,7,2],[5,6,3],[3,5,2],[7,6,1],[2,1,3],[3,2,5],[7,1,6],[5,4,3],[2,3,1],[6,5,7],[8,2,6],[1,7,5],[5,3,6],[6,7,5],[5,1,3],[6,3,8],[1,5,7],[5,6,3],[7,6,1],[8,6,4],[5,3,4]]}}