{"objLoc":[[0,0,0],[0,0.95,41],[0.9,0.95,351],[0.9,0.05,263],[0.7,0.75,127],[0,0.05,255],[-0.9,0.05,288],[-0.9,0.95,233],[-0.7,0.25,150]],"objIdentity":[0,4,5,2,3,6,8,7,1],"familiarise":{"path":[[0,0.5,67],[0.5,0.9,331],[0.9,0.1,98],[-0.9,0.2,99],[-0.7,0.7,344],[0.5,0.5,46],[0,0.2,270],[-0.2,0.8,2],[-0.5,0.1,309],[0.7,0.4,251],[0.9,0.9,200],[-0.5,0.5,337],[0.5,0.9,185],[0.5,0.1,64],[-0.6,0.8,194]]},"objlocLearn":{"learnOrder":[0,2,7,1,8,4,6,3,5],"startLoc":[[0,0,0],[-0.1,0.5,180],[-0.5,0.1,0],[0.1,0.1,10],[0.5,0.5,60],[-0.5,0.5,50],[0.1,0.5,190],[0.5,0.9,240],[-0.1,0.9,300]]},"objlocTestRun1":{"startLoc":[[0,0,0],[0.1291355681859076,0.39767574270818806,341],[0.050167382588352363,0.54219647395521642,63],[0.37448862234471952,0.5513649140832948,238],[-0.16963894278121922,0.6677705086460195,310],[0.16963894278121922,0.3322294913539805,156],[-0.050167382588352363,0.45780352604478358,347],[-0.37448862234471952,0.4486350859167052,319],[-0.1291355681859076,0.60232425729181194,263],[0.45852638443110832,0.79282728747217179,58],[-0.053452411655364254,0.40266984118499372,310],[0.49023530146590727,0.8214498382927371,313],[-0.28133618924972209,0.35425944939682408,4],[-0.49023530146590727,0.1785501617072629,143],[0.28133618924972209,0.64574055060317592,29],[0.053452411655364254,0.59733015881500628,297],[-0.45852638443110832,0.20717271252782826,287],[0.5904386623375264,0.091301949134061311,295],[0.047965445569092283,0.930171338063051,177],[0.044653960617923746,0.17317656701215722,279],[-0.044653960617923746,0.82682343298784278,3],[-0.26465051074734919,0.17616403875273651,160],[-0.5904386623375264,0.90869805086593869,31],[-0.047965445569092283,0.069828661936949032,252],[0.26465051074734919,0.82383596124726344,69],[-0.19387576488996755,0.19823363697060747,317],[-0.30573734302567418,0.45455051818881431,298],[0.30573734302567418,0.54544948181118569,346],[0.19387576488996755,0.80176636302939253,62],[0.539140505427369,0.27722967321344749,283],[0.21075055521183977,0.52530049926878442,195],[-0.539140505427369,0.72277032678655251,351],[-0.21075055521183977,0.47469950073121553,216],[0.8907711537470826,0.18101070458009516,45],[-0.81147199282510218,0.5497244599704828,241],[0.81147199282510218,0.4502755400295172,145],[0.76059473002591638,0.87535028764770428,198],[-0.56960907607502653,0.66670176497176348,176],[-0.76059473002591638,0.12464971235229572,204],[0.56960907607502653,0.33329823502823658,178],[-0.8907711537470826,0.81898929541990484,338],[0.027083971354469008,0.524886646990611,131],[0.56250417492800087,0.30192734002412541,358],[-0.027083971354469008,0.47511335300938895,172],[-0.56250417492800087,0.69807265997587464,171],[0.53792131320579739,0.58944087990561755,133],[-0.53792131320579739,0.41055912009438245,186],[-0.23341246585559045,0.85444113149939749,50],[0.23341246585559045,0.14555886850060251,90],[0.48270235237901721,0.74701221461476619,162],[-0.0846647335293577,0.40788422853887085,331],[-0.085827098139382677,0.37227002876103943,249],[0.085827098139382677,0.62772997123896057,102],[-0.48270235237901721,0.25298778538523381,330],[0.0846647335293577,0.59211577146112915,69],[-0.37003921945063439,0.19370728053507008,352],[0.37003921945063439,0.80629271946492986,187],[-0.1841318992686824,0.85664407035295376,264],[-0.86151953391425162,0.63528641581479772,164],[0.1841318992686824,0.14335592964704624,78],[0.72019217100132171,0.48333408557020197,259],[0.86151953391425162,0.36471358418520233,7],[0.050102022815557132,0.44278328708112524,352],[-0.72019217100132171,0.516665914429798,12],[-0.050102022815557132,0.55721671291887476,41]],"learnOrder":[0,2,1,7,8,4,5,3,6,5,7,4,6,8,2,3,1,6,3,8,4,1,2,7,5,7,8,4,3,2,5,6,1,1,6,2,3,8,7,4,5,1,4,5,8,7,3,2,6,2,4,7,3,6,8,1,5,5,8,1,2,4,7,6,3]},"distEstPair":{"pairList":[[0,0],[2,6],[4,6],[3,8],[1,7],[3,5],[7,8],[2,5],[1,4],[2,8],[4,7],[6,7],[5,8],[6,8],[1,6],[2,4],[2,7],[3,4],[1,8],[1,5],[4,8],[1,2],[4,5],[5,7],[3,6],[3,7],[5,6],[1,3],[2,3],[4,2],[7,3],[5,3],[8,1],[2,1],[3,2],[8,5],[6,4],[5,4],[5,1],[8,2],[6,5],[4,3],[5,2],[7,2],[7,6],[6,3],[7,5],[4,1],[6,1],[7,1],[8,4],[8,7],[6,2],[8,3],[7,4],[8,6],[3,1]]},"distEst2AFC":{"triplet":[[0,0,0],[2,4,5],[1,7,2],[3,2,5],[1,2,7],[4,2,7],[1,7,2],[5,6,3],[6,8,1],[7,6,1],[3,5,2],[5,6,7],[1,2,7],[7,1,6],[3,5,2],[4,1,7],[8,6,7],[5,6,3],[7,1,6],[5,3,6],[3,2,5],[6,2,8],[5,3,6],[2,3,4],[7,6,1]]}}