{"objLoc":[[0,0,0],[0,0.95,18],[0.9,0.95,105],[0.9,0.05,260],[0.7,0.75,8],[0,0.05,75],[-0.9,0.05,19],[-0.9,0.95,109],[-0.7,0.25,240]],"objIdentity":[0,3,5,6,1,7,2,8,4],"familiarise":{"path":[[0,0.5,274],[0.5,0.9,350],[0.9,0.1,274],[-0.9,0.2,139],[-0.7,0.7,148],[0.5,0.5,257],[0,0.2,98],[-0.2,0.8,308],[-0.5,0.1,329],[0.7,0.4,274],[0.9,0.9,187],[-0.5,0.5,61],[0.5,0.9,108],[0.5,0.1,103],[-0.6,0.8,118]]},"objlocLearn":{"learnOrder":[0,3,7,1,2,8,5,4,6],"startLoc":[[0,0,0],[0.5,0.9,240],[-0.5,0.1,0],[0.1,0.1,10],[-0.1,0.5,180],[0.5,0.5,60],[-0.1,0.9,300],[-0.5,0.5,50],[0.1,0.5,190]]},"objlocTestRun1":{"startLoc":[[0,0,0],[0.070682037127406436,0.12490374149058792,106],[0.29023653906857921,0.398134790720857,133],[0.56516039498916482,0.64912428299677538,98],[-0.29023653906857921,0.601865209279143,34],[0.044085128120846043,0.888689801833706,272],[-0.044085128120846043,0.11131019816629395,263],[-0.56516039498916482,0.35087571700322462,2],[-0.070682037127406436,0.87509625850941208,87],[0.44187822588572451,0.051890450803556282,98],[-0.17032706071164444,0.77914179454337351,285],[-0.48150572538680853,0.23747274590270728,183],[-0.48618625622673045,0.78742062117910738,168],[0.48150572538680853,0.76252725409729272,95],[0.48618625622673045,0.21257937882089262,218],[0.17032706071164444,0.22085820545662649,316],[-0.44187822588572451,0.94810954919644375,358],[-0.061557738148580274,0.7151978542856805,10],[0.061557738148580274,0.2848021457143195,189],[-0.19070160422605625,0.14149369527377509,16],[0.19070160422605625,0.85850630472622491,304],[0.600457741171849,0.32348029524381927,230],[-0.32856557495571831,0.4291285634438,143],[0.32856557495571831,0.5708714365562,111],[-0.600457741171849,0.67651970475618073,23],[-0.68188999521965377,0.24039937072301631,323],[0.33324554273445423,0.88129224341977785,328],[-0.0398895013666654,0.44250722375785162,343],[0.0398895013666654,0.55749277624214844,332],[0.68188999521965377,0.75960062927698369,12],[-0.33324554273445423,0.11870775658022215,316],[-0.074771710187181026,0.82767717461567691,16],[0.074771710187181026,0.17232282538432309,354],[-0.11629582049324731,0.67146960462246552,274],[0.73654533069368555,0.67897471005723942,323],[-0.38411215480781497,0.79882243391033869,271],[-0.259712034726367,0.30572894496336622,327],[0.11629582049324731,0.32853039537753448,267],[-0.73654533069368555,0.32102528994276058,326],[0.38411215480781497,0.20117756608966125,11],[0.259712034726367,0.69427105503663378,245],[0.25628673100022775,0.607068374530211,305],[-0.25628673100022775,0.39293162546978905,320],[-0.64062126198131808,0.73463699569475627,16],[-0.0866584155395758,0.32532364830996996,173],[0.64062126198131808,0.26536300430524373,210],[-0.53056859557662261,0.90749378299493677,81],[0.0866584155395758,0.67467635169003,156],[0.53056859557662261,0.0925062170050632,302],[0.608160369359261,0.17569818988161795,353],[-0.57793885064574768,0.14241839212309593,241],[0.40346500507912614,0.18569709335446444,331],[-0.608160369359261,0.82430181011838211,53],[-0.5152770807205187,0.34719033321201481,163],[0.57793885064574768,0.85758160787690407,32],[-0.40346500507912614,0.81430290664553562,66],[0.5152770807205187,0.65280966678798524,194],[-0.21805079155149348,0.81423411078556862,245],[-0.42534878037503748,0.85783856717750839,98],[-0.57994938319536238,0.82160812436344233,231],[0.57994938319536238,0.17839187563655767,317],[-0.18753665288669169,0.25809108344630211,272],[0.18753665288669169,0.74190891655369784,206],[0.21805079155149348,0.18576588921443132,255],[0.42534878037503748,0.14216143282249161,120],[0.25485081638681589,0.84607741603525755,222],[-0.072708783425014675,0.93223695096253323,250],[0.072708783425014675,0.067763049037466772,17],[-0.2236703539916009,0.56358051981397084,14],[-0.17186975073237737,0.15235874785836867,124],[0.17186975073237737,0.84764125214163133,292],[-0.25485081638681589,0.15392258396474243,154],[0.2236703539916009,0.43641948018602916,311],[-0.32729097821620562,0.77414868681768312,106],[-0.021159761428247228,0.47383042213148463,110],[-0.65268639983293308,0.32727669480237487,318],[-0.022482090167086757,0.71657945465507888,137],[0.65268639983293308,0.67272330519762513,183],[0.32729097821620562,0.22585131318231688,287],[0.021159761428247228,0.52616957786851537,121],[0.022482090167086757,0.28342054534492112,2]],"learnOrder":[0,8,1,2,5,3,7,6,4,4,1,3,2,7,6,5,8,2,6,5,1,3,8,4,7,5,3,4,8,1,7,2,6,3,1,6,4,7,5,2,8,6,2,4,1,8,7,5,3,1,6,3,5,4,2,7,8,7,4,2,6,1,5,3,8,8,3,7,2,5,1,4,6,1,6,7,8,3,5,2,4]},"distEstPair":{"pairList":[[0,0],[5,7],[3,4],[7,8],[2,4],[2,8],[1,5],[5,8],[4,6],[6,8],[1,3],[2,3],[3,5],[1,4],[6,7],[1,7],[4,5],[2,5],[1,2],[3,7],[4,7],[5,6],[1,6],[3,6],[4,8],[3,8],[2,6],[1,8],[2,7],[7,6],[3,1],[4,1],[6,3],[7,1],[7,5],[5,3],[6,4],[8,1],[8,7],[7,4],[7,3],[4,2],[8,3],[6,2],[5,2],[7,2],[8,5],[3,2],[8,2],[2,1],[8,4],[8,6],[6,5],[5,1],[6,1],[5,4],[4,3]]},"distEst2AFC":{"triplet":[[0,0,0],[1,2,7],[7,6,1],[5,6,3],[7,6,1],[1,2,7],[3,5,2],[2,3,4],[2,4,5],[3,2,5],[8,6,7],[4,1,7],[1,7,2],[5,6,7],[6,2,8],[5,3,6],[7,1,6],[4,2,7],[3,5,2],[6,8,1],[7,1,6],[5,6,3],[1,7,2],[3,2,5],[5,3,6]]}}