{"objLoc":[[0,0,0],[0.1,0.9,4],[0.9,0.9,181],[0.9,0.1,179],[0.7,0.7,49],[-0.1,0.1,52],[-0.9,0.1,79],[-0.9,0.9,151],[-0.7,0.3,90]],"objIdentity":[0,6,1,3,2,8,7,4,5],"familiarise":{"path":[[0,0.5,265],[0.35355339059327379,0.14644660940672621,129],[-0.6208166741919614,0.37139766375059124,204],[0.82807206524164112,0.75962623140437235,17],[0.7671373935390674,0.26335315558371136,231],[-0.13917039349758253,0.6859714173244108,246],[0.35323348300852148,0.59914732849094565,143],[-0.64615734401057434,0.63404682519344657,50],[0.32413838226542213,0.87596872079311427,150],[-0.11733541416404136,0.6412329394001689,266],[0.012074108387219007,0.15827002625563474,211],[-0.26024540912029454,0.57760531022834671,319],[-0.017840598997126006,0.14029545665864884,209],[-0.76098542447452022,0.80942606301750708,65],[-0.38363063436313422,0.48139654852225344,214],[-0.87876466873391945,0.55098309900228615,20]]},"objlocLearn":{"learnOrder":[0,6,2,5,4,1,7,3,8],"startLoc":[[0,0,0],[0.1,0.5,190],[-0.1,0.5,180],[-0.1,0.9,300],[-0.5,0.5,50],[0.1,0.1,10],[-0.5,0.1,0],[0.5,0.9,240],[0.5,0.5,60]]},"objlocTestRun1":{"startLoc":[[0,0,0],[-0.60094321287169983,0.19085906410106346,45],[0.336537384431742,0.683258858964142,262],[0.60094321287169983,0.80914093589893654,328],[-0.36971813490836708,0.34920998696694416,22],[0.40071412062025474,0.607708867153389,16],[0.36971813490836708,0.65079001303305584,103],[-0.336537384431742,0.316741141035858,209],[-0.40071412062025474,0.39229113284661105,338],[0.39257375323357929,0.7203322411317139,210],[-0.43524033374611709,0.27115154992949403,245],[0.80429941577112918,0.39742783893742262,234],[-0.39257375323357929,0.2796677588682861,341],[0.82362234015902192,0.21479647032569327,309],[-0.82362234015902192,0.78520352967430673,130],[0.43524033374611709,0.72884845007050592,296],[-0.80429941577112918,0.60257216106257738,95],[0.523201690705865,0.28691463195105643,355],[0.52651433096512656,0.88149713414945363,144],[-0.40773080217823682,0.8213337283322748,200],[-0.358722722992511,0.65723363894614384,234],[0.40773080217823682,0.17866627166772514,114],[0.358722722992511,0.34276636105385616,314],[-0.523201690705865,0.71308536804894351,357],[-0.52651433096512656,0.11850286585054637,206],[0.283750952387437,0.30985118109119653,81],[-0.3160801009282232,0.13067834611542373,103],[-0.41607551649419844,0.34404010159649023,295],[0.3160801009282232,0.86932165388457627,202],[0.32950632427377641,0.60204902511495528,196],[0.41607551649419844,0.65595989840350977,54],[-0.32950632427377641,0.39795097488504472,267],[-0.283750952387437,0.69014881890880342,57],[0.65437944385341185,0.34996718144521888,68],[-0.09303795568918112,0.45236194480110004,212],[-0.888392578161199,0.21633293734746373,223],[0.888392578161199,0.78366706265253627,69],[-0.096014210189494478,0.33550427643258895,337],[0.096014210189494478,0.664495723567411,255],[-0.65437944385341185,0.65003281855478112,289],[0.09303795568918112,0.5476380551989,282],[-0.32275836995154467,0.4330859910977774,189],[-0.49846896033792304,0.91231992522611816,228],[0.49846896033792304,0.087680074773881844,7],[-0.61933744230994914,0.468066262670058,210],[0.61933744230994914,0.531933737329942,220],[0.32275836995154467,0.56691400890222265,241],[0.09310947770747853,0.31499105123553423,74],[-0.09310947770747853,0.68500894876446572,116],[-0.58169108349436494,0.64609105650683851,351],[0.011478069237186569,0.92532985859110028,99],[-0.41992570124261125,0.82216437240522966,252],[0.41992570124261125,0.17783562759477034,96],[-0.52729847482522851,0.82436643538818055,207],[0.58169108349436494,0.35390894349316154,314],[0.52729847482522851,0.1756335646118195,295],[-0.011478069237186569,0.074670141408899743,11],[0.24882400671075805,0.14090731218228159,153],[0.53534715734223348,0.10993206219585272,142],[0.092712958666741049,0.83972963821017743,325],[-0.53534715734223348,0.89006793780414728,13],[-0.44824808927609777,0.94081562900064386,164],[-0.092712958666741049,0.16027036178982257,354],[-0.24882400671075805,0.85909268781771841,14],[0.44824808927609777,0.059184370999356153,242]],"learnOrder":[0,7,8,3,5,6,1,4,2,1,4,3,5,2,6,8,7,4,3,5,2,1,6,8,7,3,5,8,1,6,4,2,7,3,6,1,5,8,4,7,2,2,5,1,4,8,6,3,7,7,8,1,5,6,3,2,4,5,8,6,4,7,2,1,3]},"distEstPair":{"pairList":[[0,0],[4,5],[4,7],[2,3],[1,3],[3,8],[1,6],[5,6],[1,4],[2,5],[3,6],[2,6],[6,8],[1,5],[2,8],[5,7],[4,6],[3,7],[3,4],[2,7],[4,8],[7,8],[6,7],[1,8],[1,2],[5,8],[2,4],[1,7],[3,5],[4,3],[8,1],[6,1],[7,1],[7,3],[8,2],[8,7],[3,2],[2,1],[6,4],[5,1],[7,6],[4,2],[5,3],[6,5],[8,3],[5,2],[7,4],[7,2],[8,4],[4,1],[6,3],[6,2],[7,5],[8,6],[3,1],[5,4],[8,5]]},"distEst2AFC":{"triplet":[[0,0,0],[1,5,7],[5,3,1],[5,6,3],[1,7,5],[3,2,5],[4,7,2],[5,3,6],[3,5,2],[7,1,6],[6,5,7],[5,3,4],[5,1,3],[7,6,1],[5,3,1],[2,6,1],[8,2,6],[6,7,5],[3,2,5],[2,1,3],[5,3,4],[4,1,6],[1,7,5],[8,6,4],[2,3,1],[5,6,3],[5,4,3],[7,6,1],[6,8,2],[3,5,2],[5,3,6],[6,5,7],[2,4,6],[2,3,1],[6,7,5],[6,3,8],[1,5,7],[5,4,3],[2,1,3],[5,1,3],[7,1,6]]}}