{"objLoc":[[0,0,0],[0.1,0.9,315],[0.9,0.9,349],[0.9,0.1,313],[0.7,0.7,192],[-0.1,0.1,84],[-0.9,0.1,5],[-0.9,0.9,155],[-0.7,0.3,145]],"objIdentity":[0,8,2,1,4,3,7,6,5],"familiarise":{"path":[[0,0.5,258],[0.49384417029756889,0.42178276747988458,24],[0.27465859690303018,0.871179790629468,280],[-0.11934677990033077,0.563349052966639,320],[-0.59210606769998919,0.7261331301952173,228],[0.80826457204581348,0.1885812058772669,254],[-0.17654318096639454,0.3622293835441972,311],[0.27661071255193043,0.573538514414547,342],[-0.21420287917190156,0.47813401672627454,127],[-0.62872166544942232,0.75773046846164793,22],[-0.50776071764958841,0.2725826053236497,112],[0.49208697750680286,0.25513019888636618,62],[-0.0078368700713927764,0.24640399566772442,135],[0.29307064150463136,0.64572175069137083,182],[-0.16008325201369361,0.85703088156172058,285],[-0.42504288413029606,0.4330068334835076,343]]},"objlocLearn":{"learnOrder":[0,7,5,3,8,6,1,4,2],"startLoc":[[0,0,0],[-0.5,0.1,0],[-0.1,0.9,300],[0.5,0.9,240],[0.5,0.5,60],[0.1,0.5,190],[0.1,0.1,10],[-0.5,0.5,50],[-0.1,0.5,180]]},"objlocTestRun1":{"startLoc":[[0,0,0],[-0.68723196715746981,0.36712724367828942,343],[0.68723196715746981,0.63287275632171058,129],[0.21562740592884982,0.50254875360341811,133],[-0.21562740592884982,0.49745124639658195,50],[-0.43598715867222521,0.37428016411881759,273],[0.43598715867222521,0.62571983588118241,169],[0.60918991976982251,0.11962922206274641,174],[-0.60918991976982251,0.8803707779372536,68],[-0.37327118415115029,0.06173695184097059,20],[-0.26031168350286554,0.89633330571689573,248],[-0.87408098854940364,0.72498490826389173,174],[0.37327118415115029,0.93826304815902939,298],[-0.0041490967778095716,0.78053682152714854,10],[0.87408098854940364,0.27501509173610822,300],[0.0041490967778095716,0.21946317847285146,303],[0.26031168350286554,0.10366669428310427,100],[0.37501059396905662,0.16126862286158333,119],[0.62601582016526258,0.57950057070824612,262],[-0.2712978726185083,0.70675012172064788,266],[-0.37501059396905662,0.83873137713841661,287],[0.2712978726185083,0.29324987827935212,31],[0.7160152433586835,0.26248555995297085,165],[-0.62601582016526258,0.42049942929175382,307],[-0.7160152433586835,0.73751444004702915,357],[0.19271973188411357,0.49048388896180073,261],[0.53408719643311064,0.94625132109399357,291],[-0.47607209424448155,0.90218543823583319,41],[0.30925828255761151,0.68867673914206606,353],[0.47607209424448155,0.09781456176416678,118],[-0.30925828255761151,0.31132326085793394,65],[-0.19271973188411357,0.50951611103819927,242],[-0.53408719643311064,0.053748678906006389,3],[-0.65187236750622479,0.93439959060184319,152],[0.32677032962004565,0.49833534735628482,251],[0.45594122241183316,0.70250675090613,2],[0.65187236750622479,0.065600409398156811,117],[-0.13654189067379136,0.59816336839802609,52],[0.13654189067379136,0.40183663160197391,44],[-0.32677032962004565,0.50166465264371518,339],[-0.45594122241183316,0.29749324909387004,27],[0.16833802575294005,0.16998872487607075,171],[0.25222989151382696,0.88670197527021888,122],[-0.16833802575294005,0.83001127512392925,336],[0.13950077096386598,0.51836593368581252,210],[-0.13950077096386598,0.48163406631418748,245],[-0.44133361549878475,0.59074915125056471,167],[0.44133361549878475,0.40925084874943524,240],[-0.25222989151382696,0.11329802472978112,24],[-0.56853653605228338,0.24948994030798588,189],[-0.084405491334779773,0.60930999141191944,313],[-0.26544042928399775,0.37769168256119634,191],[0.084405491334779773,0.39069000858808056,145],[-0.057477479175223542,0.33603958902409981,33],[0.56853653605228338,0.75051005969201412,235],[0.26544042928399775,0.62230831743880366,247],[0.057477479175223542,0.66396041097590019,252],[-0.48557888444309855,0.49651425532750826,89],[-0.81714959738794479,0.47686106429194941,147],[0.48557888444309855,0.50348574467249174,172],[0.30384483953748603,0.6563988555054705,102],[-0.19189815216615974,0.72840585463377217,142],[0.19189815216615974,0.27159414536622783,21],[-0.30384483953748603,0.34360114449452944,180],[0.81714959738794479,0.52313893570805059,151]],"learnOrder":[0,6,2,5,1,7,3,4,8,1,4,6,5,7,2,3,8,2,8,3,6,7,1,4,5,8,5,7,2,3,6,4,1,4,2,5,8,3,7,6,1,6,4,2,1,5,7,3,8,5,7,8,3,2,1,4,6,6,5,2,7,8,4,3,1]},"distEstPair":{"pairList":[[0,0],[3,6],[4,8],[1,8],[3,4],[1,3],[2,3],[3,8],[4,5],[3,5],[4,7],[3,7],[1,2],[7,8],[2,7],[1,4],[5,8],[2,4],[1,6],[1,5],[5,6],[6,7],[1,7],[2,6],[2,5],[5,7],[4,6],[6,8],[2,8],[5,3],[6,4],[3,1],[6,3],[7,3],[8,5],[6,1],[5,1],[4,3],[8,4],[5,4],[5,2],[4,1],[7,2],[6,5],[7,4],[7,1],[8,7],[3,2],[8,6],[2,1],[8,2],[7,5],[6,2],[7,6],[8,1],[4,2],[8,3]]},"distEst2AFC":{"triplet":[[0,0,0],[2,1,3],[8,2,6],[7,6,1],[3,2,5],[7,6,1],[2,3,1],[6,8,2],[8,6,4],[1,5,7],[2,1,3],[6,3,8],[5,1,3],[6,5,7],[1,7,5],[5,1,3],[1,5,7],[6,7,5],[2,4,6],[1,7,5],[6,5,7],[2,3,1],[3,5,2],[7,1,6],[4,1,6],[5,3,1],[3,5,2],[6,7,5],[7,1,6],[5,3,1],[3,2,5],[4,7,2],[2,6,1]]}}