{"objLoc":[[0,0,0],[0,0.95,157],[0.9,0.95,10],[0.9,0.05,198],[0.7,0.75,157],[0,0.05,152],[-0.9,0.05,119],[-0.9,0.95,74],[-0.7,0.25,223]],"objIdentity":[0,5,7,2,1,6,4,3,8],"familiarise":{"path":[[0,0.5,308],[0.5,0.9,178],[0.9,0.1,305],[-0.9,0.2,29],[-0.7,0.7,182],[0.5,0.5,24],[0,0.2,155],[-0.2,0.8,35],[-0.5,0.1,46],[0.7,0.4,215],[0.9,0.9,82],[-0.5,0.5,39],[0.5,0.9,80],[0.5,0.1,126],[-0.6,0.8,169]]},"objlocLearn":{"learnOrder":[0,8,1,5,3,4,7,2,6],"startLoc":[[0,0,0],[0.5,0.5,60],[0.1,0.1,10],[-0.1,0.9,300],[0.5,0.9,240],[-0.5,0.5,50],[-0.5,0.1,0],[-0.1,0.5,180],[0.1,0.5,190]]},"objlocTestRun1":{"startLoc":[[0,0,0],[0.19345253067038798,0.7384638744065134,126],[-0.38142945855359683,0.08190402791967033,205],[-0.29927353655218342,0.75682782824004169,290],[0.29927353655218342,0.24317217175995831,300],[-0.61424689298959056,0.5821316173881913,75],[0.61424689298959056,0.4178683826118087,264],[-0.19345253067038798,0.2615361255934866,290],[0.38142945855359683,0.91809597208032967,16],[0.15816846362885956,0.37054225926662443,39],[-0.15816846362885956,0.62945774073337557,157],[-0.045727063070691923,0.629038146989517,80],[-0.020394282709767661,0.54311700208133906,318],[0.020394282709767661,0.45688299791866094,260],[-0.30093405992489169,0.56042971486493842,257],[0.30093405992489169,0.43957028513506158,278],[0.045727063070691923,0.370961853010483,120],[0.37908917760204147,0.27123004751371765,83],[-0.11142565322579127,0.50360039544123736,226],[0.3068145207593384,0.20342942013539361,150],[-0.3068145207593384,0.79657057986460633,338],[0.137662669737391,0.55692746327588094,232],[-0.137662669737391,0.44307253672411911,140],[0.11142565322579127,0.49639960455876264,308],[-0.37908917760204147,0.72876995248628229,138],[-0.72513924792224227,0.24979265617237845,65],[0.72513924792224227,0.75020734382762155,282],[0.59540842338568756,0.850475166983455,170],[0.52546245149449056,0.53204375614789068,94],[0.33527149668407225,0.71622972252757666,250],[-0.59540842338568756,0.14952483301654496,353],[-0.33527149668407225,0.28377027747242334,89],[-0.52546245149449056,0.46795624385210932,285],[-0.42928742018149807,0.059225035459631814,275],[-0.86211023119524666,0.460212655866708,44],[0.86211023119524666,0.539787344133292,303],[0.21490921789055145,0.2011847903289492,167],[-0.21490921789055145,0.7988152096710508,46],[0.47267796872602336,0.76872708868917283,194],[-0.47267796872602336,0.23127291131082717,107],[0.42928742018149807,0.94077496454036824,64],[0.24578347337620604,0.31565507469776821,29],[-0.24578347337620604,0.68434492530223179,72],[0.79401964767745281,0.6202918384924816,155],[0.44981940694551453,0.39128951024747372,232],[-0.44981940694551453,0.60871048975252628,32],[-0.79401964767745281,0.37970816150751835,258],[-0.082355938109415175,0.75124587644468432,37],[0.082355938109415175,0.24875412355531573,64],[-0.59415556506639422,0.13575924703472336,257],[-0.66661595760855308,0.58435246125684426,319],[-0.79507142852024093,0.41712388010026125,354],[-0.4381612845670278,0.57441639967613112,236],[0.59415556506639422,0.86424075296527669,172],[0.79507142852024093,0.58287611989973875,32],[0.66661595760855308,0.41564753874315574,202],[0.4381612845670278,0.42558360032386888,66],[-0.21370549084076523,0.49736641886106137,186],[-0.89831550479978572,0.272459515097618,220],[-0.29214797203522186,0.28740067635201783,300],[0.4108639658160162,0.75656805428237428,117],[0.89831550479978572,0.727540484902382,356],[0.29214797203522186,0.71259932364798217,359],[0.21370549084076523,0.50263358113893863,298],[-0.4108639658160162,0.24343194571762572,250],[0.78643940661375078,0.42776191517613865,265],[-0.16167890898809428,0.36578471117147643,316],[-0.40735290556928566,0.47426887172271109,343],[-0.82242569559978607,0.9444668102791457,307],[0.82242569559978607,0.055533189720854303,231],[-0.78643940661375078,0.57223808482386129,27],[0.40735290556928566,0.525731128277289,225],[0.16167890898809428,0.63421528882852352,128],[0.094043960067975177,0.81060180401723148,60],[-0.096858020116396618,0.0743803791126576,322],[-0.89410259541662973,0.22976748398067182,297],[-0.094043960067975177,0.18939819598276852,190],[0.0763638797675485,0.59759794202454475,167],[-0.0763638797675485,0.40240205797545525,177],[0.89410259541662973,0.77023251601932818,94],[0.096858020116396618,0.9256196208873424,145]],"learnOrder":[0,2,5,7,3,4,8,6,1,7,3,6,4,8,1,5,2,4,2,3,7,5,1,6,8,7,3,8,1,6,4,2,5,4,5,1,6,2,3,7,8,4,8,5,2,6,1,7,3,4,5,7,2,8,3,1,6,2,1,3,8,5,7,6,4,3,2,4,1,5,7,8,6,4,6,5,8,3,7,1,2]},"distEstPair":{"pairList":[[0,0],[1,3],[1,5],[5,7],[1,7],[2,6],[1,8],[5,8],[2,7],[3,5],[4,6],[7,8],[2,4],[1,6],[4,5],[1,2],[3,8],[5,6],[6,8],[3,7],[4,8],[2,5],[2,8],[1,4],[3,4],[2,3],[6,7],[4,7],[3,6],[2,1],[5,1],[5,4],[5,2],[7,4],[4,1],[4,3],[6,2],[7,2],[3,1],[3,2],[7,3],[6,5],[8,1],[7,1],[8,6],[4,2],[8,3],[6,4],[6,3],[5,3],[8,5],[8,4],[7,6],[7,5],[8,2],[8,7],[6,1]]},"distEst2AFC":{"triplet":[[0,0,0],[7,6,1],[5,3,6],[4,1,7],[3,2,5],[1,2,7],[2,4,5],[3,5,2],[5,6,7],[3,5,2],[6,2,8],[1,2,7],[5,6,3],[1,7,2],[7,6,1],[8,6,7],[5,3,6],[2,3,4],[7,1,6],[4,2,7],[7,1,6],[6,8,1],[1,7,2],[5,6,3],[3,2,5]]}}