{"objLoc":[[0,0,0],[0,0.95,186],[0.9,0.95,279],[0.9,0.05,314],[0.7,0.75,3],[0,0.05,112],[-0.9,0.05,345],[-0.9,0.95,185],[-0.7,0.25,115]],"objIdentity":[0,6,8,2,4,5,1,7,3],"familiarise":{"path":[[0,0.5,336],[0.5,0.9,135],[0.9,0.1,271],[-0.9,0.2,275],[-0.7,0.7,314],[0.5,0.5,40],[0,0.2,109],[-0.2,0.8,171],[-0.5,0.1,243],[0.7,0.4,93],[0.9,0.9,253],[-0.5,0.5,237],[0.5,0.9,66],[0.5,0.1,116],[-0.6,0.8,320]]},"objlocLearn":{"learnOrder":[0,3,1,6,8,4,5,2,7],"startLoc":[[0,0,0],[0.5,0.9,240],[0.1,0.1,10],[0.1,0.5,190],[0.5,0.5,60],[-0.5,0.5,50],[-0.1,0.9,300],[-0.1,0.5,180],[-0.5,0.1,0]]},"objlocTestRun1":{"startLoc":[[0,0,0],[0.0044084527035103821,0.46050963370102643,215],[-0.0044084527035103821,0.53949036629897362,171],[0.0049968548601810464,0.13334975130742344,359],[-0.0049968548601810464,0.86665024869257656,82],[-0.614746520874919,0.68945332658731251,164],[0.58923076805694907,0.63353617511055571,157],[-0.58923076805694907,0.36646382488944435,274],[0.614746520874919,0.31054667341268749,206],[-0.44553143499717524,0.39115081280993047,248],[0.44553143499717524,0.60884918719006953,149],[-0.045503773282743423,0.55920383466846491,79],[-0.638403643419651,0.19682154527102824,53],[-0.40814216620799354,0.628308173073411,92],[0.40814216620799354,0.37169182692658903,143],[0.045503773282743423,0.44079616533153509,25],[0.638403643419651,0.80317845472897176,289],[0.23003343070874632,0.1851553707764298,25],[0.42186898373480736,0.94364372941820307,14],[-0.23003343070874632,0.81484462922357026,72],[-0.85192474740935564,0.33432710391676917,81],[0.091231172738487756,0.891506271470756,96],[-0.42186898373480736,0.056356270581796944,6],[0.85192474740935564,0.66567289608323077,139],[-0.091231172738487756,0.108493728529244,246],[-0.94772876197346378,0.6908856290444173,36],[0.9405955756181763,0.64608626640253675,250],[0.07272163737152644,0.15831251916053071,34],[-0.9405955756181763,0.35391373359746325,317],[-0.07272163737152644,0.84168748083946932,162],[0.94772876197346378,0.3091143709555827,204],[0.47263563554836313,0.81843340460512726,152],[-0.47263563554836313,0.18156659539487274,290],[-0.27715248305544032,0.44524131262910288,122],[-0.13476254030725326,0.71029587275441108,118],[-0.072587844309968827,0.711741299885576,42],[-0.80883462164867281,0.678069579372639,295],[0.072587844309968827,0.288258700114424,37],[0.27715248305544032,0.55475868737089717,35],[0.13476254030725326,0.28970412724558892,251],[0.80883462164867281,0.32193042062736105,338],[-0.523480165412,0.38417844307810656,36],[0.84299000641618327,0.20786237839898936,106],[-0.84299000641618327,0.79213762160101064,47],[-0.15057718990487706,0.37525286459525364,144],[0.049152313303046521,0.28371607891730533,205],[0.15057718990487706,0.62474713540474636,299],[-0.049152313303046521,0.71628392108269467,155],[0.523480165412,0.61582155692189344,280],[-0.54639938578417313,0.16922985165550553,144],[0.89037041586757026,0.26325677035671363,169],[0.28621072328635194,0.29085595013162774,163],[-0.89037041586757026,0.73674322964328631,85],[-0.063053056861332266,0.12476229405549773,115],[0.54639938578417313,0.83077014834449447,350],[-0.28621072328635194,0.70914404986837232,32],[0.063053056861332266,0.87523770594450223,228],[0.13351852529736336,0.255665806398292,52],[-0.20382488066177878,0.12439869320453217,184],[0.5535057347297887,0.053880849910823536,70],[0.20382488066177878,0.87560130679546777,10],[-0.21038456650735432,0.86471679109428168,185],[-0.5535057347297887,0.94611915008917646,160],[-0.13351852529736336,0.744334193601708,242],[0.21038456650735432,0.13528320890571832,89]],"learnOrder":[0,2,6,3,7,8,5,1,4,6,2,7,4,5,1,3,8,2,8,6,1,3,4,5,7,5,3,2,7,6,1,4,8,3,2,1,8,5,7,6,4,7,1,5,6,8,2,4,3,1,3,4,7,2,5,8,6,2,3,5,7,4,1,6,8]},"distEstPair":{"pairList":[[0,0],[6,8],[1,8],[4,6],[5,7],[7,8],[1,3],[5,8],[3,5],[2,6],[5,6],[4,8],[3,4],[6,7],[4,7],[2,3],[1,4],[2,7],[1,7],[1,5],[2,4],[2,5],[2,8],[3,8],[1,6],[3,6],[4,5],[1,2],[3,7],[7,2],[8,1],[7,6],[5,2],[8,5],[7,5],[4,2],[4,3],[2,1],[8,3],[6,4],[3,1],[5,3],[6,3],[5,4],[8,4],[4,1],[6,1],[8,7],[8,2],[7,4],[6,5],[3,2],[5,1],[7,1],[8,6],[6,2],[7,3]]},"distEst2AFC":{"triplet":[[0,0,0],[1,7,2],[7,6,1],[8,6,7],[7,6,1],[5,3,6],[2,4,5],[5,3,6],[1,7,2],[3,5,2],[6,2,8],[1,2,7],[5,6,3],[2,3,4],[7,1,6],[3,5,2],[4,2,7],[3,2,5],[1,2,7],[6,8,1],[5,6,3],[3,2,5],[4,1,7],[7,1,6],[5,6,7]]}}