{"objLoc":[[0,0,0],[0.1,0.9,90],[0.9,0.9,162],[0.9,0.1,148],[0.7,0.7,94],[-0.1,0.1,314],[-0.9,0.1,67],[-0.9,0.9,8],[-0.7,0.3,344]],"objIdentity":[0,5,7,6,4,2,1,3,8],"familiarise":{"path":[[0,0.5,49],[0.4330127018922193,0.75,282],[0.7053322193997329,0.330664716027288,233],[-0.79443932333485412,0.3044861063713627,121],[0.044231244610569931,0.84912514138638984,151],[0.19873974179804363,0.37359688323881307,343],[-0.79882430846178054,0.30384040949468777,325],[-0.53386467634517809,0.72786445757290075,155],[0.46552615067391767,0.69296496087039983,190],[0.12452697064266838,0.3272881100608146,298],[0.072262739008841642,0.82454905774495124,339],[0.38692293453376037,0.43597607701646579,193],[0.87207079767175855,0.5569370248162997,191],[0.45273551369904652,0.82925654232381318,165],[0.15884288755280995,0.42474804513633946,162],[0.63437114570038666,0.57925654232381318,61]]},"objlocLearn":{"learnOrder":[0,1,6,4,3,8,7,5,2],"startLoc":[[0,0,0],[0.1,0.1,10],[0.1,0.5,190],[-0.5,0.5,50],[0.5,0.9,240],[0.5,0.5,60],[-0.5,0.1,0],[-0.1,0.9,300],[-0.1,0.5,180]]},"objlocTestRun1":{"startLoc":[[0,0,0],[-0.92357161538802135,0.11333538996833636,263],[0.71136218265000606,0.08003998585105275,305],[0.94492450215269608,0.4973813129927912,133],[0.3554833773823563,0.61851535898028587,104],[0.92357161538802135,0.88666461003166364,160],[-0.94492450215269608,0.5026186870072088,86],[-0.71136218265000606,0.91996001414894724,24],[-0.3554833773823563,0.38148464101971408,333],[-0.42583268341635144,0.15769620644549276,346],[-0.357243347869629,0.90728078871069862,298],[0.357243347869629,0.09271921128930144,353],[0.61854336106804408,0.47596145430796277,331],[-0.61854336106804408,0.52403854569203723,97],[0.64595748789484086,0.09342325668691942,32],[-0.64595748789484086,0.90657674331308058,290],[0.42583268341635144,0.84230379355450724,134],[-0.64586780794920484,0.36544254210323135,145],[-0.050965323182810177,0.12984595608777694,356],[0.39488012203204,0.33365168641952225,261],[0.050965323182810177,0.87015404391222306,185],[0.377158073902551,0.40858826735017917,324],[0.64586780794920484,0.63455745789676865,319],[-0.377158073902551,0.59141173264982083,330],[-0.39488012203204,0.66634831358047775,169],[-0.67861166343544332,0.87935063587272466,278],[0.13726796931610802,0.90473030297617874,125],[-0.13726796931610802,0.095269697023821265,83],[0.67861166343544332,0.12064936412727534,202],[-0.42693530204206492,0.0929607793915135,311],[0.42693530204206492,0.90703922060848652,331],[-0.056183575143445005,0.92804469700331449,63],[0.056183575143445005,0.071955302996685511,349],[0.65916375717967035,0.80286586763233658,127],[-0.17576154247994019,0.8741589793479102,246],[-0.65916375717967035,0.19713413236766342,271],[0.29127753253583494,0.206341978914653,89],[0.17576154247994019,0.1258410206520898,224],[0.29250584047422684,0.7655254060035559,311],[-0.29127753253583494,0.793658021085347,179],[-0.29250584047422684,0.2344745939964441,358],[-0.0026991798472400658,0.29149837765470543,68],[0.17929921491182238,0.42018368383105037,316],[-0.37535620082897631,0.46769280065105212,270],[0.46912716542317051,0.1483099410662635,150],[-0.46912716542317051,0.8516900589337365,270],[-0.17929921491182238,0.57981631616894957,186],[0.37535620082897631,0.53230719934894788,206],[0.0026991798472400658,0.70850162234529457,224],[-0.40973798598654726,0.68878485063644068,92],[-0.88972727892962644,0.52245866492398962,276],[0.15859043478335905,0.21116920901467257,66],[0.19474632861622693,0.93581813337298225,76],[-0.19474632861622693,0.064181866627017747,309],[0.88972727892962644,0.47754133507601038,124],[-0.15859043478335905,0.78883079098532738,253],[0.40973798598654726,0.31121514936355937,95],[-0.79426709755042713,0.69562614805490042,228],[0.083649804181403956,0.92834250160283582,265],[-0.44794757552959868,0.58978480818902979,57],[0.23835579502304721,0.67538298720500434,323],[-0.23835579502304721,0.32461701279499566,154],[0.44794757552959868,0.41021519181097016,194],[0.79426709755042713,0.30437385194509953,329],[-0.083649804181403956,0.071657498397164177,239]],"learnOrder":[0,7,4,5,6,3,1,8,2,7,5,1,8,4,2,6,3,6,7,5,3,4,2,8,1,5,8,4,1,3,7,2,6,8,1,4,2,5,3,6,7,7,4,1,6,2,8,5,3,5,7,4,2,6,3,8,1,6,3,5,4,8,1,2,7]},"distEstPair":{"pairList":[[0,0],[1,3],[1,7],[2,7],[3,5],[3,8],[6,8],[4,6],[1,8],[5,8],[6,7],[7,8],[2,6],[4,5],[2,8],[2,5],[3,6],[1,2],[5,7],[3,7],[4,7],[1,5],[1,4],[2,4],[4,8],[5,6],[3,4],[1,6],[2,3],[7,6],[6,1],[4,2],[7,5],[6,3],[5,4],[5,3],[6,5],[3,1],[6,2],[5,1],[2,1],[8,5],[8,2],[4,3],[7,3],[8,4],[5,2],[6,4],[4,1],[7,2],[3,2],[8,6],[8,3],[7,1],[7,4],[8,1],[8,7]]},"distEst2AFC":{"triplet":[[0,0,0],[1,5,7],[5,6,3],[6,7,5],[6,3,8],[6,5,7],[5,1,3],[3,2,5],[1,7,5],[7,1,6],[5,4,3],[6,7,5],[5,3,6],[3,2,5],[1,7,5],[2,6,1],[2,1,3],[5,3,6],[6,5,7],[2,1,3],[4,7,2],[2,3,1],[5,3,4],[8,6,4],[5,3,1],[7,6,1],[5,3,4],[7,6,1],[8,2,6],[5,4,3],[5,6,3],[2,4,6],[4,1,6],[5,3,1],[7,1,6],[2,3,1],[6,8,2],[5,1,3],[3,5,2],[1,5,7],[3,5,2]]}}