{"objLoc":[[0,0,0],[0,0.95,314],[0.9,0.95,210],[0.9,0.05,101],[0.7,0.75,67],[0,0.05,148],[-0.9,0.05,43],[-0.9,0.95,247],[-0.7,0.25,158]],"objIdentity":[0,4,7,2,3,5,8,1,6],"familiarise":{"path":[[0,0.5,118],[0.5,0.9,252],[0.9,0.1,132],[-0.9,0.2,302],[-0.7,0.7,174],[0.5,0.5,186],[0,0.2,138],[-0.2,0.8,360],[-0.5,0.1,186],[0.7,0.4,202],[0.9,0.9,13],[-0.5,0.5,260],[0.5,0.9,152],[0.5,0.1,158],[-0.6,0.8,102]]},"objlocLearn":{"learnOrder":[0,4,3,5,6,2,7,8,1],"startLoc":[[0,0,0],[-0.5,0.5,50],[0.5,0.9,240],[-0.1,0.9,300],[0.1,0.5,190],[-0.1,0.5,180],[-0.5,0.1,0],[0.5,0.5,60],[0.1,0.1,10]]},"objlocTestRun1":{"startLoc":[[0,0,0],[0.78297859876162623,0.73328688629756833,319],[-0.83134549886919373,0.87407399634300775,158],[-0.78297859876162623,0.26671311370243167,223],[-0.61501945865759344,0.88057371210872715,20],[0.61501945865759344,0.11942628789127281,335],[0.83134549886919373,0.12592600365699222,273],[0.19402867984367539,0.69714910179379985,352],[-0.19402867984367539,0.30285089820620015,91],[0.335466579577897,0.069238653229591454,349],[-0.16108345270520036,0.40688746627879446,51],[-0.335466579577897,0.93076134677040856,257],[0.16108345270520036,0.59311253372120554,25],[0.27523793368552524,0.32833182707289243,218],[-0.058152027017248795,0.77505138360688131,22],[-0.27523793368552524,0.67166817292710757,131],[0.058152027017248795,0.22494861639311869,94],[0.30566122109832378,0.13499563133730652,10],[0.72808181617970291,0.31588870112212092,264],[-0.61776403133052793,0.308703421707077,163],[0.74633061418107394,0.4807499725972974,311],[-0.72808181617970291,0.684111298877879,191],[-0.30566122109832378,0.86500436866269348,306],[-0.74633061418107394,0.51925002740270254,115],[0.61776403133052793,0.691296578292923,116],[-0.023514378077191103,0.8701678240841455,94],[0.11243993338976181,0.61340968015887665,153],[0.588238715109896,0.722260190390963,322],[-0.11243993338976181,0.3865903198411233,173],[0.023514378077191103,0.1298321759158545,126],[-0.62920888259331065,0.8485258618399989,246],[-0.588238715109896,0.277739809609037,59],[0.62920888259331065,0.15147413816000105,342],[0.49844457061411712,0.91268621496878244,170],[0.26926178906687687,0.16917849834045678,296],[0.12697625778397742,0.20716347810040392,26],[-0.26926178906687687,0.83082150165954327,39],[0.78598405745803746,0.54300021508320184,183],[-0.49844457061411712,0.087313785031217561,156],[-0.78598405745803746,0.45699978491679816,142],[-0.12697625778397742,0.79283652189959608,167],[0.55215259520086213,0.0803145189026561,176],[0.52288602514991767,0.20213731075807079,115],[0.49840329433402791,0.33800641380940993,194],[-0.49840329433402791,0.66199358619059012,274],[-0.52288602514991767,0.79786268924192916,312],[-0.50632304770168468,0.88093198381845483,288],[-0.55215259520086213,0.91968548109734394,11],[0.50632304770168468,0.11906801618154515,190],[-0.50728922563886747,0.64817073583859841,242],[0.32101673687457227,0.33813357153514023,136],[-0.5540046705366235,0.50943105651345655,28],[0.56234524648247519,0.670493545610396,241],[-0.32101673687457227,0.66186642846485977,213],[-0.56234524648247519,0.329506454389604,265],[0.5540046705366235,0.49056894348654345,133],[0.50728922563886747,0.35182926416140159,3],[-0.015493238988329591,0.12969839273054451,105],[0.017504850975355993,0.63963152622192776,145],[0.052443885903749529,0.75644206603396857,227],[-0.052443885903749529,0.24355793396603137,163],[0.015493238988329591,0.87030160726945549,164],[-0.017504850975355993,0.36036847377807224,8],[0.38693369945095851,0.40823491309945237,347],[-0.38693369945095851,0.59176508690054763,248]],"learnOrder":[0,3,8,7,5,1,4,2,6,3,2,7,6,1,4,5,8,3,1,6,4,5,7,8,2,5,6,8,2,1,7,4,3,4,1,3,5,2,8,6,7,3,2,4,8,6,5,7,1,6,5,8,3,1,7,4,2,3,1,6,2,7,5,8,4]},"distEstPair":{"pairList":[[0,0],[2,5],[4,8],[3,6],[4,7],[2,3],[1,3],[1,8],[4,6],[2,7],[1,5],[1,4],[1,2],[5,8],[5,6],[1,6],[6,8],[6,7],[3,8],[2,4],[1,7],[4,5],[3,4],[3,5],[2,8],[2,6],[7,8],[3,7],[5,7],[6,2],[6,4],[4,1],[7,3],[4,2],[5,1],[8,7],[5,3],[5,2],[7,2],[6,3],[3,2],[7,1],[7,4],[7,6],[8,4],[6,1],[3,1],[2,1],[6,5],[8,2],[8,5],[8,6],[8,3],[8,1],[5,4],[4,3],[7,5]]},"distEst2AFC":{"triplet":[[0,0,0],[5,6,3],[7,6,1],[6,2,8],[7,6,1],[1,2,7],[2,3,4],[3,2,5],[4,2,7],[5,6,3],[7,1,6],[5,3,6],[1,7,2],[3,2,5],[7,1,6],[5,3,6],[4,1,7],[1,7,2],[5,6,7],[2,4,5],[1,2,7],[8,6,7],[3,5,2],[6,8,1],[3,5,2]]}}