{"objLoc":[[0,0,0],[0.1,0.9,235],[0.9,0.9,182],[0.9,0.1,317],[0.7,0.7,66],[-0.1,0.1,307],[-0.9,0.1,271],[-0.9,0.9,240],[-0.7,0.3,356]],"objIdentity":[0,6,2,7,1,8,3,5,4],"familiarise":{"path":[[0,0.5,244],[0.47552825814757677,0.34549150281252627,338],[0.33770958023907716,0.82612235078168572,253],[0.58011439036224566,0.38881249721198785,203],[0.48470989267397324,0.87962608893581984,223],[0.63089574503534163,0.40147371095430212,15],[-0.35391200797686639,0.57512188862123248,288],[-0.73693422953635546,0.89651569346450211,194],[-0.70205599266429286,0.39773366833459,114],[0.79223605447332557,0.52846728245607721,222],[0.47084224963005594,0.14544506089658821,359],[0.76473487577629251,0.549953558084062,139],[-0.73526512422370749,0.549953558084062,161],[0.24636205922395649,0.35914456270751716,46],[-0.7481598361443168,0.25461609943986369,138],[-0.2481598361443168,0.25461609943986369,330]]},"objlocLearn":{"learnOrder":[0,7,3,8,4,1,5,2,6],"startLoc":[[0,0,0],[-0.5,0.1,0],[0.5,0.9,240],[0.5,0.5,60],[-0.5,0.5,50],[0.1,0.1,10],[-0.1,0.9,300],[-0.1,0.5,180],[0.1,0.5,190]]},"objlocTestRun1":{"startLoc":[[0,0,0],[-0.82248217914360455,0.93022025425030208,24],[-0.730289468834043,0.686177003439274,254],[-0.15197497527758358,0.88129311000200616,205],[0.15197497527758358,0.11870688999799388,356],[0.730289468834043,0.313822996560726,164],[0.35042518528366834,0.65765364586368646,164],[0.82248217914360455,0.069779745749697877,14],[-0.35042518528366834,0.34234635413631354,13],[0.48981022867203067,0.50883411363913145,168],[-0.48981022867203067,0.49116588636086855,306],[-0.39965359345420109,0.20599439587302248,212],[0.43916756156548814,0.10948532181436046,89],[0.5421220073387869,0.49421248560604414,345],[-0.43916756156548814,0.89051467818563956,336],[-0.5421220073387869,0.50578751439395586,162],[0.39965359345420109,0.79400560412697752,162],[-0.079775338928759834,0.29302671987464834,106],[0.45362045142794244,0.88661553147432182,4],[-0.347270035773723,0.22388506577784384,15],[0.66281389026870974,0.69615879589049756,307],[0.079775338928759834,0.70697328012535166,360],[-0.66281389026870974,0.30384120410950238,214],[-0.45362045142794244,0.11338446852567818,170],[0.347270035773723,0.77611493422215616,285],[-0.52926814633984,0.6154068587894912,175],[-0.31486300050426935,0.62502368423514,128],[0.31658485869702718,0.13038658957116195,18],[-0.39150055274015511,0.519466005997031,358],[0.52926814633984,0.3845931412105088,346],[0.31486300050426935,0.37497631576485996,57],[0.39150055274015511,0.48053399400296903,97],[-0.31658485869702718,0.869613410428838,125],[-0.33044097932372968,0.26360854003529932,202],[-0.39708037141958624,0.83778878726256134,33],[0.38001724485489258,0.42053152591352128,262],[0.33044097932372968,0.73639145996470068,5],[-0.1048339347200961,0.062234959738625487,168],[-0.38001724485489258,0.57946847408647872,110],[0.39708037141958624,0.16221121273743866,232],[0.1048339347200961,0.93776504026137453,357],[-0.050584796013997527,0.32962282726634351,53],[0.19012717599451595,0.37836578418639322,225],[0.42882265200421926,0.2288740207972661,157],[-0.42882265200421926,0.77112597920273385,357],[0.050584796013997527,0.67037717273365649,312],[-0.88391026571966846,0.84004580215251923,256],[0.88391026571966846,0.15995419784748083,238],[-0.19012717599451595,0.62163421581360678,94],[-0.34188216839312563,0.1255115546333716,75],[-0.65087129836915847,0.72832597757691708,161],[0.42639504937529721,0.51510500281485261,137],[0.85968285445421133,0.51542630863967454,108],[0.34188216839312563,0.8744884453666284,60],[-0.85968285445421133,0.48457369136032546,229],[0.65087129836915847,0.27167402242308292,106],[-0.42639504937529721,0.48489499718514739,176],[-0.85349755848146946,0.748392850939423,78],[0.85349755848146946,0.251607149060577,254],[-0.518280611351015,0.92192905414455573,109],[-0.60937599276055543,0.27290886999772435,95],[0.6394855072361223,0.55851733013672467,273],[-0.6394855072361223,0.44148266986327533,304],[0.60937599276055543,0.72709113000227565,217],[0.518280611351015,0.078070945855444274,74]],"learnOrder":[0,6,1,7,3,5,8,2,4,1,5,8,2,3,6,7,4,7,1,2,8,3,4,5,6,1,8,3,2,5,4,6,7,7,4,1,3,2,5,8,6,8,2,3,7,4,5,1,6,7,8,2,5,3,1,4,6,6,2,1,4,3,7,8,5]},"distEstPair":{"pairList":[[0,0],[3,4],[1,7],[3,8],[1,3],[1,4],[2,6],[2,5],[4,8],[2,7],[2,3],[3,7],[4,7],[1,2],[1,8],[5,6],[6,7],[5,8],[1,5],[4,5],[2,8],[1,6],[7,8],[6,8],[2,4],[5,7],[4,6],[3,5],[3,6],[7,6],[7,1],[8,6],[3,1],[5,1],[8,1],[8,3],[2,1],[4,3],[4,2],[5,3],[5,4],[6,4],[5,2],[8,2],[6,1],[6,3],[8,7],[7,5],[4,1],[3,2],[7,4],[7,2],[7,3],[6,2],[6,5],[8,4],[8,5]]},"distEst2AFC":{"triplet":[[0,0,0],[6,8,2],[6,7,5],[3,2,5],[6,5,7],[5,1,3],[7,6,1],[2,1,3],[1,5,7],[5,1,3],[4,7,2],[7,1,6],[1,7,5],[2,3,1],[5,3,1],[6,7,5],[2,1,3],[6,5,7],[6,3,8],[3,2,5],[1,7,5],[5,3,1],[1,5,7],[7,1,6],[8,2,6],[3,5,2],[7,6,1],[2,6,1],[3,5,2],[4,1,6],[2,4,6],[8,6,4],[2,3,1]]}}