{"objLoc":[[0,0,0],[0,0.95,179],[0.9,0.95,83],[0.9,0.05,92],[0.7,0.75,143],[0,0.05,136],[-0.9,0.05,359],[-0.9,0.95,147],[-0.7,0.25,278]],"objIdentity":[0,5,2,3,4,8,1,7,6],"familiarise":{"path":[[0,0.5,113],[0.5,0.9,320],[0.9,0.1,243],[-0.9,0.2,141],[-0.7,0.7,183],[0.5,0.5,189],[0,0.2,335],[-0.2,0.8,206],[-0.5,0.1,241],[0.7,0.4,19],[0.9,0.9,118],[-0.5,0.5,21],[0.5,0.9,65],[0.5,0.1,334],[-0.6,0.8,338]]},"objlocLearn":{"learnOrder":[0,5,3,8,7,6,1,2,4],"startLoc":[[0,0,0],[-0.1,0.9,300],[0.5,0.9,240],[0.5,0.5,60],[-0.5,0.1,0],[0.1,0.5,190],[0.1,0.1,10],[-0.1,0.5,180],[-0.5,0.5,50]]},"objlocTestRun1":{"startLoc":[[0,0,0],[0.070885144076648962,0.58260287959231882,71],[0.61114835946988522,0.71374251641738773,37],[-0.61114835946988522,0.28625748358261227,30],[-0.070885144076648962,0.41739712040768123,277],[0.5281251550486159,0.335878547777259,76],[-0.30376524746518235,0.51879537946134235,167],[-0.5281251550486159,0.664121452222741,31],[0.30376524746518235,0.48120462053865765,120],[-0.076562835613801464,0.087736055806791557,356],[-0.64665392327733251,0.588623806879123,325],[-0.7183069749444575,0.23295446304703837,312],[-0.024617386731427923,0.1134642005375025,139],[0.024617386731427923,0.8865357994624975,253],[0.7183069749444575,0.76704553695296163,14],[0.64665392327733251,0.41137619312087703,181],[0.076562835613801464,0.91226394419320844,42],[0.47237800242108324,0.55366650068848366,265],[-0.15920539170457876,0.4760023180235825,158],[0.53548398768083616,0.7031752505143446,118],[-0.15600636121461137,0.061680381479802149,271],[0.15600636121461137,0.93831961852019785,95],[-0.53548398768083616,0.2968247494856554,175],[0.15920539170457876,0.5239976819764175,3],[-0.47237800242108324,0.44633349931151634,2],[0.47118315695943497,0.33563065035546147,205],[0.215151390544769,0.3182914863082702,128],[-0.47118315695943497,0.66436934964453853,136],[-0.5527319336044727,0.24113850631231509,132],[0.5527319336044727,0.758861493687685,112],[-0.71277608236977374,0.87467760441762021,62],[-0.215151390544769,0.6817085136917298,353],[0.71277608236977374,0.12532239558237979,280],[-0.19452042962116484,0.56689084435127146,350],[0.19452042962116484,0.43310915564872854,190],[0.88212462534329816,0.25426548232227036,86],[0.21334911191243738,0.68456340902567447,175],[0.176639604996718,0.39276716636083814,213],[-0.88212462534329816,0.74573451767772969,181],[-0.176639604996718,0.60723283363916192,155],[-0.21334911191243738,0.31543659097432547,91],[-0.26360694316324812,0.49781428779357673,21],[0.22178968797277693,0.471061606083156,232],[0.26360694316324812,0.50218571220642327,91],[-0.41043267721700943,0.23201590325741783,69],[-0.22178968797277693,0.52893839391684394,184],[0.0732343311863723,0.48805687143578724,138],[0.41043267721700943,0.76798409674258217,331],[-0.0732343311863723,0.51194312856421276,19],[0.46485606274532959,0.19490370016623981,136],[-0.14906296726576435,0.054895881974738638,180],[0.00020588763869215654,0.1242864657004874,209],[-0.62347404490573655,0.79208963087874307,291],[0.62347404490573655,0.20791036912125688,322],[-0.00020588763869215654,0.8757135342995126,170],[-0.46485606274532959,0.80509629983376019,36],[0.14906296726576435,0.9451041180252614,262],[-0.60939037071960134,0.19981272665242017,177],[0.60939037071960134,0.80018727334757989,253],[0.61062351551661087,0.745597246372798,129],[0.16892886787865397,0.39469378664616245,70],[-0.45053365870812673,0.094727917538765222,122],[-0.61062351551661087,0.254402753627202,197],[-0.16892886787865397,0.60530621335383761,346],[0.45053365870812673,0.90527208246123481,330]],"learnOrder":[0,8,3,7,4,5,6,1,2,6,7,5,4,8,1,3,2,3,6,1,8,4,5,2,7,6,3,2,4,8,1,7,5,7,3,2,5,4,6,8,1,8,1,4,6,5,3,2,7,5,2,7,8,4,3,1,6,4,8,5,2,3,1,6,7]},"distEstPair":{"pairList":[[0,0],[5,6],[4,7],[3,5],[2,5],[1,8],[2,6],[1,7],[1,4],[7,8],[3,4],[4,8],[2,4],[2,3],[4,6],[3,7],[5,8],[5,7],[3,8],[2,7],[6,8],[6,7],[1,2],[1,6],[3,6],[1,5],[1,3],[4,5],[2,8],[5,2],[4,3],[8,6],[7,1],[3,1],[4,2],[8,3],[8,7],[6,4],[8,2],[7,4],[6,5],[7,3],[7,5],[2,1],[6,3],[5,3],[6,1],[4,1],[3,2],[8,4],[5,4],[7,6],[5,1],[7,2],[6,2],[8,5],[8,1]]},"distEst2AFC":{"triplet":[[0,0,0],[3,5,2],[5,3,6],[1,2,7],[7,1,6],[8,6,7],[2,4,5],[5,6,7],[7,1,6],[2,3,4],[6,8,1],[5,6,3],[6,2,8],[3,2,5],[1,2,7],[7,6,1],[4,1,7],[1,7,2],[5,3,6],[3,5,2],[1,7,2],[3,2,5],[7,6,1],[5,6,3],[4,2,7]]}}