{"objLoc":[[0,0,0],[0,0.95,41],[0.9,0.95,351],[0.9,0.05,263],[0.7,0.75,127],[0,0.05,255],[-0.9,0.05,288],[-0.9,0.95,233],[-0.7,0.25,150]],"objIdentity":[0,4,5,2,3,6,8,7,1],"familiarise":{"path":[[0,0.5,67],[0.5,0.9,331],[0.9,0.1,98],[-0.9,0.2,99],[-0.7,0.7,344],[0.5,0.5,46],[0,0.2,270],[-0.2,0.8,2],[-0.5,0.1,309],[0.7,0.4,251],[0.9,0.9,200],[-0.5,0.5,337],[0.5,0.9,185],[0.5,0.1,64],[-0.6,0.8,194]]},"objlocLearn":{"learnOrder":[0,2,7,1,8,4,6,3,5],"startLoc":[[0,0,0],[-0.1,0.5,180],[-0.5,0.1,0],[0.1,0.1,10],[0.5,0.5,60],[-0.5,0.5,50],[0.1,0.5,190],[0.5,0.9,240],[-0.1,0.9,300]]},"objlocTestRun1":{"startLoc":[[0,0,0],[0.28133618924972209,0.64574055060317592,176],[0.56250417492800087,0.30192734002412541,204],[-0.56250417492800087,0.69807265997587464,178],[-0.19387576488996755,0.19823363697060747,338],[-0.28133618924972209,0.35425944939682408,131],[0.19387576488996755,0.80176636302939253,358],[-0.050167382588352363,0.45780352604478358,172],[0.050167382588352363,0.54219647395521642,171],[0.76059473002591638,0.87535028764770428,133],[0.45852638443110832,0.79282728747217179,186],[-0.0846647335293577,0.40788422853887085,50],[0.5904386623375264,0.091301949134061311,90],[-0.76059473002591638,0.12464971235229572,162],[-0.45852638443110832,0.20717271252782826,331],[-0.5904386623375264,0.90869805086593869,249],[0.0846647335293577,0.59211577146112915,102],[0.26465051074734919,0.82383596124726344,330],[-0.86151953391425162,0.63528641581479772,69],[0.539140505427369,0.27722967321344749,352],[0.53792131320579739,0.58944087990561755,187],[-0.539140505427369,0.72277032678655251,264],[0.86151953391425162,0.36471358418520233,164],[-0.53792131320579739,0.41055912009438245,78],[-0.26465051074734919,0.17616403875273651,259],[-0.81147199282510218,0.5497244599704828,7],[-0.21210406942408605,0.63915638404912589,352],[-0.21075055521183977,0.47469950073121553,12],[0.21210406942408605,0.36084361595087411,41],[0.085827098139382677,0.62772997123896057,307],[-0.085827098139382677,0.37227002876103943,350],[0.21075055521183977,0.52530049926878442,75],[0.81147199282510218,0.4502755400295172,284],[-0.050102022815557132,0.55721671291887476,139],[-0.23341246585559045,0.85444113149939749,45],[-0.040289380308855247,0.93461767033289889,252],[-0.8907711537470826,0.81898929541990484,357],[0.23341246585559045,0.14555886850060251,161],[0.040289380308855247,0.065382329667101113,57],[0.8907711537470826,0.18101070458009516,13],[0.050102022815557132,0.44278328708112524,224],[0.027083971354469008,0.524886646990611,96],[-0.48270235237901721,0.25298778538523381,232],[-0.57950691504419294,0.34183567986532226,50],[-0.16963894278121922,0.6677705086460195,331],[0.16963894278121922,0.3322294913539805,346],[0.48270235237901721,0.74701221461476619,37],[0.57950691504419294,0.65816432013467774,307],[-0.027083971354469008,0.47511335300938895,30],[-0.90584362139018015,0.30964828158302915,103],[0.37003921945063439,0.80629271946492986,293],[-0.37003921945063439,0.19370728053507008,349],[0.90584362139018015,0.69035171841697085,314],[-0.72019217100132171,0.516665914429798,118],[-0.49023530146590727,0.1785501617072629,113],[0.49023530146590727,0.8214498382927371,131],[0.72019217100132171,0.48333408557020197,52],[-0.48389410478796541,0.87825909509281253,75],[-0.37448862234471952,0.4486350859167052,344],[0.1841318992686824,0.14335592964704624,80],[0.37448862234471952,0.5513649140832948,247],[0.044653960617923746,0.17317656701215722,1],[0.48389410478796541,0.12174090490718745,170],[-0.1841318992686824,0.85664407035295376,109],[-0.044653960617923746,0.82682343298784278,184],[0.053452411655364254,0.59733015881500628,37],[-0.12315621870664546,0.37149931133850056,101],[0.12315621870664546,0.62850068866149944,256],[0.1291355681859076,0.39767574270818806,297],[0.30573734302567418,0.54544948181118569,213],[-0.053452411655364254,0.40266984118499372,92],[-0.1291355681859076,0.60232425729181194,166],[-0.30573734302567418,0.45455051818881431,273],[0.78902810943270763,0.44420074060116621,193],[-0.56960907607502653,0.66670176497176348,16],[0.047965445569092283,0.930171338063051,319],[0.662450238798762,0.48660135089263912,226],[-0.662450238798762,0.51339864910736088,210],[-0.047965445569092283,0.069828661936949032,65],[-0.78902810943270763,0.55579925939883379,145],[0.56960907607502653,0.33329823502823658,319]],"learnOrder":[0,2,4,8,7,6,3,5,1,3,5,4,6,7,1,2,8,5,8,2,7,6,4,3,1,6,8,1,4,3,7,5,2,3,2,4,5,6,8,1,7,1,6,4,7,3,2,8,5,8,5,1,4,6,7,3,2,8,2,1,6,7,4,5,3,2,8,4,1,3,6,5,7,5,7,2,8,4,6,1,3]},"distEstPair":{"pairList":[[0,0],[4,5],[2,7],[6,7],[3,7],[2,4],[4,8],[1,3],[1,8],[2,6],[3,6],[4,7],[5,6],[5,8],[2,8],[2,5],[4,6],[1,2],[1,7],[3,5],[1,5],[7,8],[6,8],[3,8],[1,4],[2,3],[5,7],[3,4],[1,6],[5,4],[4,2],[6,5],[8,7],[8,1],[7,5],[7,4],[3,1],[8,6],[7,2],[7,3],[7,1],[5,2],[3,2],[5,1],[6,3],[5,3],[7,6],[6,2],[6,1],[8,5],[8,2],[6,4],[4,3],[8,4],[2,1],[8,3],[4,1]]},"distEst2AFC":{"triplet":[[0,0,0],[3,2,5],[5,3,6],[1,7,2],[8,6,7],[1,7,2],[6,2,8],[2,3,4],[7,6,1],[2,4,5],[3,5,2],[1,2,7],[4,2,7],[1,2,7],[3,2,5],[6,8,1],[4,1,7],[7,6,1],[5,6,3],[7,1,6],[5,6,3],[5,6,7],[5,3,6],[7,1,6],[3,5,2]]}}