{"objLoc":[[0,0,0],[0,0.95,235],[0.9,0.95,182],[0.9,0.05,317],[0.7,0.75,66],[0,0.05,307],[-0.9,0.05,271],[-0.9,0.95,240],[-0.7,0.25,356]],"objIdentity":[0,6,2,7,1,8,3,5,4],"familiarise":{"path":[[0,0.5,248],[0.5,0.9,311],[0.9,0.1,72],[-0.9,0.2,237],[-0.7,0.7,252],[0.5,0.5,127],[0,0.2,285],[-0.2,0.8,294],[-0.5,0.1,72],[0.7,0.4,342],[0.9,0.9,172],[-0.5,0.5,240],[0.5,0.9,77],[0.5,0.1,291],[-0.6,0.8,116]]},"objlocLearn":{"learnOrder":[0,5,1,2,8,4,7,6,3],"startLoc":[[0,0,0],[-0.1,0.9,300],[0.1,0.1,10],[-0.1,0.5,180],[0.5,0.5,60],[-0.5,0.5,50],[-0.5,0.1,0],[0.1,0.5,190],[0.5,0.9,240]]},"objlocTestRun1":{"startLoc":[[0,0,0],[0.43868497589940442,0.35169667628548229,335],[-0.13780303538968325,0.93890071626537142,80],[-0.084443040809831157,0.62306822515359717,227],[0.24577095444741887,0.11041428753430238,253],[-0.43868497589940442,0.64830332371451771,149],[0.084443040809831157,0.37693177484640283,348],[0.13780303538968325,0.061099283734628564,44],[-0.24577095444741887,0.88958571246569762,18],[-0.54581302494297868,0.60896657657951858,174],[0.37095215877848381,0.53119328933344745,82],[-0.52653646031302181,0.52190086524223078,349],[0.19638336145184704,0.28071792882063318,336],[0.52653646031302181,0.47809913475776927,8],[0.54581302494297868,0.39103342342048142,12],[-0.19638336145184704,0.71928207117936682,121],[-0.37095215877848381,0.46880671066655255,264],[0.79964403716150967,0.93772624843026753,24],[0.49243946148025447,0.53697653563447811,115],[-0.055817465231111793,0.12119060560261691,70],[-0.92679385958343552,0.50337914910122661,106],[0.92679385958343552,0.49662085089877339,188],[-0.79964403716150967,0.06227375156973252,161],[-0.49243946148025447,0.46302346436552189,5],[0.055817465231111793,0.87880939439738315,217],[0.4220792239112186,0.0523532457683179,132],[-0.32589196669706116,0.56276664677017951,7],[0.32589196669706116,0.43723335322982054,4],[-0.39625830032432113,0.83038390863024147,52],[0.28261849595988259,0.90724541444355078,317],[0.39625830032432113,0.16961609136975853,261],[-0.28261849595988259,0.092754585556449248,187],[-0.4220792239112186,0.9476467542316821,342],[-0.45414228875128876,0.89977672575715373,81],[-0.52135878788886125,0.14451381789442208,209],[-0.49908214599068296,0.22680045231963741,28],[0.52135878788886125,0.85548618210557792,283],[-0.92887783706463289,0.51327137177445414,178],[0.92887783706463289,0.48672862822554586,196],[0.49908214599068296,0.77319954768036259,263],[0.45414228875128876,0.10022327424284627,8],[-0.15963871340436281,0.933652349306555,345],[0.15963871340436281,0.0663476506934449,240],[-0.35554947129760922,0.35631014394913552,33],[0.919028520424032,0.642535292932483,243],[0.35554947129760922,0.64368985605086448,275],[-0.21574377529434713,0.80041171985775772,262],[0.21574377529434713,0.19958828014224228,72],[-0.919028520424032,0.357464707067517,245],[-0.52239793181079586,0.22681918727628592,330],[-0.58557631160626267,0.75441233938889,302],[0.15438388913778184,0.52165085425495228,204],[-0.15438388913778184,0.47834914574504778,114],[0.74214647466522665,0.15918759787631925,117],[-0.74214647466522665,0.84081240212368069,256],[0.52239793181079586,0.77318081272371408,298],[0.58557631160626267,0.24558766061110998,55],[-0.069283673840181373,0.52157617235044573,102],[-0.33028900623041862,0.18321605636706423,240],[-0.25866170738713107,0.15246093591615695,130],[-0.82574943894161468,0.0603519115604676,105],[0.33028900623041862,0.81678394363293583,316],[0.82574943894161468,0.9396480884395324,190],[0.069283673840181373,0.47842382764955421,249],[0.25866170738713107,0.847539064083843,304],[0.66362071112105214,0.59474561523144143,89],[-0.66362071112105214,0.40525438476855852,65],[0.92906827977741913,0.24358752147343787,90],[0.56218283804685676,0.52091790208261113,132],[-0.56218283804685676,0.47908209791738887,324],[0.28004195280915017,0.48944139821516452,181],[-0.92906827977741913,0.75641247852656213,341],[-0.28004195280915017,0.51055860178483548,215],[0.092951942610202745,0.47522532140146673,79],[0.35219087574358093,0.51407958889493355,134],[-0.074755688263583323,0.12279844403586682,254],[0.74893119419740151,0.76497415445337369,39],[-0.35219087574358093,0.48592041110506645,196],[-0.092951942610202745,0.52477467859853322,233],[-0.74893119419740151,0.23502584554662631,330],[0.074755688263583323,0.87720155596413318,71]],"learnOrder":[0,6,5,4,3,2,8,1,7,7,1,6,4,2,3,8,5,5,4,3,6,2,1,8,7,5,6,2,4,7,8,3,1,2,1,3,5,8,4,7,6,8,4,6,5,2,3,7,1,7,5,6,2,4,8,3,1,7,2,8,5,6,1,3,4,8,4,5,2,6,3,1,7,4,1,7,2,5,8,6,3]},"distEstPair":{"pairList":[[0,0],[2,7],[6,7],[4,5],[2,5],[1,5],[1,4],[5,6],[4,6],[3,4],[2,8],[4,8],[1,6],[3,6],[2,6],[1,7],[1,8],[2,3],[1,2],[4,7],[3,5],[1,3],[7,8],[5,7],[6,8],[3,7],[2,4],[3,8],[5,8],[7,6],[5,1],[7,2],[8,3],[2,1],[6,4],[7,1],[6,5],[3,1],[7,4],[5,3],[7,3],[8,7],[6,2],[5,4],[4,3],[8,5],[3,2],[8,1],[8,2],[4,1],[8,4],[5,2],[7,5],[6,1],[4,2],[6,3],[8,6]]},"distEst2AFC":{"triplet":[[0,0,0],[8,6,7],[3,5,2],[7,1,6],[5,6,7],[5,6,3],[6,8,1],[3,2,5],[7,6,1],[1,2,7],[4,1,7],[6,2,8],[1,7,2],[3,5,2],[5,3,6],[4,2,7],[2,3,4],[7,1,6],[2,4,5],[1,7,2],[3,2,5],[5,6,3],[7,6,1],[5,3,6],[1,2,7]]}}