{"objLoc":[[0,0,0],[0,0.95,315],[0.9,0.95,349],[0.9,0.05,313],[0.7,0.75,192],[0,0.05,84],[-0.9,0.05,5],[-0.9,0.95,155],[-0.7,0.25,145]],"objIdentity":[0,8,2,1,4,3,7,6,5],"familiarise":{"path":[[0,0.5,105],[0.5,0.9,351],[0.9,0.1,121],[-0.9,0.2,79],[-0.7,0.7,24],[0.5,0.5,354],[0,0.2,47],[-0.2,0.8,116],[-0.5,0.1,26],[0.7,0.4,81],[0.9,0.9,142],[-0.5,0.5,323],[0.5,0.9,125],[0.5,0.1,355],[-0.6,0.8,11]]},"objlocLearn":{"learnOrder":[0,7,5,1,2,6,3,8,4],"startLoc":[[0,0,0],[-0.5,0.1,0],[-0.1,0.9,300],[0.1,0.1,10],[-0.1,0.5,180],[0.1,0.5,190],[0.5,0.9,240],[0.5,0.5,60],[-0.5,0.5,50]]},"objlocTestRun1":{"startLoc":[[0,0,0],[-0.94452545691939171,0.064363417363867526,5],[0.26265373163393052,0.11182112011234149,316],[-0.26265373163393052,0.88817887988765853,85],[0.94452545691939171,0.93563658263613247,79],[-0.56352143291121792,0.31868136615526271,2],[-0.23799684046622532,0.58617522128662325,94],[0.23799684046622532,0.41382477871337675,99],[0.56352143291121792,0.68131863384473723,207],[-0.30776715332148846,0.49047759027205662,188],[0.045972358078829531,0.50575595187067879,288],[-0.19692450510131126,0.23398289741392098,281],[-0.51855060949177678,0.8149615611707488,335],[0.19692450510131126,0.766017102586079,190],[-0.045972358078829531,0.49424404812932121,337],[0.51855060949177678,0.1850384388292512,294],[0.30776715332148846,0.50952240972794338,69],[0.20458464836379625,0.78704201932932771,252],[0.055304094876686014,0.94201494297336419,330],[-0.889184502790986,0.45990303989533976,326],[-0.055304094876686014,0.05798505702663577,311],[-0.20458464836379625,0.21295798067067229,234],[-0.594353317712526,0.73747906677297537,346],[0.889184502790986,0.54009696010466024,91],[0.594353317712526,0.26252093322702463,252],[0.13016210132731459,0.78270468303220619,45],[-0.13016210132731459,0.21729531696779386,239],[0.298021258990591,0.92945390139343331,256],[0.05267529299783287,0.89528372242148457,242],[-0.05267529299783287,0.10471627757851543,180],[0.55132782854274276,0.93973686630235642,149],[-0.55132782854274276,0.060263133697643578,313],[-0.298021258990591,0.070546098606566687,170],[-0.056440101733618644,0.41082237235387453,115],[-0.15953263265183665,0.91497893212191039,17],[0.15953263265183665,0.085021067878089662,238],[-0.42442848847582,0.7891186858989192,273],[0.056440101733618644,0.58917762764612547,182],[-0.43998017812457774,0.86393447482920216,263],[0.42442848847582,0.21088131410108085,231],[0.43998017812457774,0.13606552517079784,181],[0.41975648670640847,0.32575627097531018,68],[-0.10179647571598509,0.21935526376398284,129],[0.22747829153222704,0.55605504556547014,263],[0.0011516012942002912,0.46612407068421885,271],[-0.22747829153222704,0.44394495443452986,20],[0.10179647571598509,0.78064473623601716,155],[-0.41975648670640847,0.67424372902468988,220],[-0.0011516012942002912,0.53387592931578109,264],[-0.50046876781057814,0.22401829830809672,144],[0.71747788823268044,0.24549003762459287,196],[0.50046876781057814,0.77598170169190328,137],[-0.18164861692794582,0.79050417844777388,123],[-0.24140572902497198,0.75621398047452848,118],[0.18164861692794582,0.20949582155222612,296],[-0.71747788823268044,0.75450996237540713,28],[0.24140572902497198,0.24378601952547158,14],[0.38261211514968,0.82545376395551873,247],[-0.200217252493972,0.52524219151766383,131],[-0.16554766734706455,0.31413601093508925,339],[0.16554766734706455,0.68586398906491075,62],[-0.38261211514968,0.17454623604448125,149],[0.200217252493972,0.47475780848233617,144],[-0.66315679545075679,0.532529876011617,184],[0.66315679545075679,0.46747012398838295,57],[-0.75926509097335626,0.70804258878259652,354],[0.26769306189276759,0.47363679292250283,228],[-0.020106268696146581,0.20294450510619411,335],[0.020106268696146581,0.79705549489380589,231],[0.25725603693984106,0.057477536989313342,229],[-0.26769306189276759,0.52636320707749717,217],[-0.25725603693984106,0.94252246301068665,89],[0.75926509097335626,0.29195741121740348,104],[0.12316391029910241,0.80019410112427147,61],[0.41928822181166153,0.82963551459348273,255],[-0.835336974938232,0.10101363398311836,309],[0.54830820254598978,0.50186965337193967,80],[-0.12316391029910241,0.19980589887572853,23],[-0.41928822181166153,0.17036448540651727,146],[0.835336974938232,0.89898636601688164,348],[-0.54830820254598978,0.49813034662806033,53]],"learnOrder":[0,8,1,5,4,3,2,6,7,6,7,5,4,1,3,8,2,3,6,1,2,7,8,5,4,6,2,4,3,7,1,5,8,6,5,1,7,2,8,3,4,2,1,3,4,7,5,6,8,7,4,3,2,5,6,8,1,7,8,6,2,3,4,1,5,1,8,6,2,3,4,7,5,4,2,5,3,8,6,1,7]},"distEstPair":{"pairList":[[0,0],[5,6],[4,6],[4,8],[2,4],[3,7],[3,8],[1,4],[1,6],[3,5],[4,7],[6,8],[4,5],[5,8],[2,5],[3,6],[1,5],[2,8],[7,8],[1,7],[3,4],[1,2],[2,3],[6,7],[2,6],[1,3],[1,8],[5,7],[2,7],[8,4],[5,3],[5,1],[7,1],[7,3],[8,3],[7,4],[6,4],[4,2],[7,6],[4,1],[6,3],[8,5],[5,2],[3,2],[6,2],[5,4],[8,6],[6,5],[7,2],[3,1],[2,1],[4,3],[8,2],[6,1],[8,7],[8,1],[7,5]]},"distEst2AFC":{"triplet":[[0,0,0],[7,1,6],[6,8,1],[5,6,3],[1,2,7],[7,1,6],[3,2,5],[5,3,6],[4,2,7],[1,7,2],[3,2,5],[1,2,7],[8,6,7],[3,5,2],[5,6,7],[3,5,2],[6,2,8],[1,7,2],[5,3,6],[4,1,7],[2,3,4],[5,6,3],[7,6,1],[2,4,5],[7,6,1]]}}