{"objLoc":[[0,0,0],[0.1,0.9,179],[0.9,0.9,83],[0.9,0.1,92],[0.7,0.7,143],[-0.1,0.1,136],[-0.9,0.1,359],[-0.9,0.9,147],[-0.7,0.3,278]],"objIdentity":[0,5,2,3,4,8,1,7,6],"familiarise":{"path":[[0,0.5,85],[0.383022221559489,0.17860619515673037,172],[0.84981243480808988,0.35779016992938051,168],[-0.61174266236976294,0.695216751445178,291],[-0.87670229448636539,0.27119270336696505,7],[0.014304229702002513,0.72518320310651185,257],[-0.089651615706877158,0.236109402739609,91],[0.39753341668574049,0.3485849299115415,238],[-0.572762309590256,0.10666303431187377,230],[0.26590825835516807,0.65130206932690082,21],[0.50831306847833657,0.21399221575720295,259],[0.71962219934868632,0.667146109275528,123],[-0.2651855536635217,0.84079428694245828,198],[0.23291179538235107,0.79721641556862921,268],[0.66149544573340724,0.53969737811360208,65],[-0.312874619051828,0.3147463237697371,91]]},"objlocLearn":{"learnOrder":[0,8,7,1,5,2,6,3,4],"startLoc":[[0,0,0],[0.5,0.5,60],[-0.5,0.1,0],[0.1,0.1,10],[-0.1,0.9,300],[-0.1,0.5,180],[0.1,0.5,190],[0.5,0.9,240],[-0.5,0.5,50]]},"objlocTestRun1":{"startLoc":[[0,0,0],[0.0043292964316712784,0.42859364618256057,205],[-0.048379468485532609,0.735391116297478,280],[-0.0043292964316712784,0.57140635381743943,340],[-0.1200404748204265,0.34428774979011167,119],[0.1200404748204265,0.65571225020988833,84],[-0.5099137772582063,0.76067892989543284,255],[0.048379468485532609,0.26460888370252195,308],[0.5099137772582063,0.23932107010456716,9],[0.052920748218122135,0.86118101769631927,90],[-0.028236712340096212,0.58031858670501468,142],[-0.052920748218122135,0.13881898230368073,82],[0.028236712340096212,0.41968141329498532,164],[0.47785305444932152,0.28680678237016577,300],[-0.071864750271955311,0.12560903250884864,221],[0.071864750271955311,0.87439096749115142,37],[-0.47785305444932152,0.71319321762983423,148],[-0.43214590660594826,0.509860057245475,327],[0.028282770829709689,0.94409544171095616,94],[-0.0009168532427225734,0.56329270153316546,51],[0.320145660974495,0.06050677928608672,87],[-0.028282770829709689,0.05590455828904381,326],[0.0009168532427225734,0.43670729846683459,122],[-0.320145660974495,0.93949322071391328,59],[0.43214590660594826,0.490139942754525,108]],"learnOrder":[0,8,7,4,2,6,5,3,1,8,3,4,7,2,1,5,6,8,6,7,5,2,3,1,4]},"objlocTestRun2":{"startLoc":[[0,0,0],[0.47338682727804543,0.89831337779961185,205],[-0.76051688340567392,0.17120425592193766,157],[-0.27935112818025015,0.3875599572749755,221],[0.27935112818025015,0.6124400427250245,197],[0.76051688340567392,0.82879574407806234,254],[-0.3846579100463256,0.62838516549647472,294],[0.3846579100463256,0.37161483450352534,312],[-0.47338682727804543,0.10168662220038818,96],[0.21989936082156475,0.31947377833012003,308],[0.27240463292143174,0.27634562226331183,98],[-0.25631558548907113,0.32812608020778983,97],[0.25631558548907113,0.67187391979221012,330],[0.58184994013433244,0.6462359527264957,168],[-0.21989936082156475,0.68052622166988,218],[-0.27240463292143174,0.72365437773668817,117],[-0.58184994013433244,0.3537640472735043,308],[0.87945356025254873,0.49880640274208765,354],[-0.226620997074565,0.87522555071678076,286],[-0.088370864972899546,0.0869760146899422,126],[0.088370864972899546,0.9130239853100578,71],[0.226620997074565,0.12477444928321924,291],[0.52263161137869374,0.92493982770135863,80],[-0.52263161137869374,0.07506017229864137,264],[-0.87945356025254873,0.50119359725791235,285]],"learnOrder":[0,7,5,2,6,1,8,4,3,5,3,2,6,8,1,7,4,5,3,8,4,7,2,6,1]},"distEstPair":{"pairList":[[0,0],[6,8],[1,2],[2,4],[5,7],[1,6],[7,6],[7,5],[5,6],[6,2],[1,3],[2,3],[3,4],[2,1],[3,2],[3,5],[2,8],[5,4],[5,8],[3,6],[2,7],[6,7],[8,3],[4,3],[1,4],[6,4],[4,2],[3,1],[8,1],[5,2],[8,5],[7,3],[1,5],[7,1],[8,6],[4,1],[6,5],[8,7],[4,8],[4,7],[7,8]]},"distEstEgo":{"pairList":[[0,0],[4,2],[3,2],[5,6],[2,8],[6,7],[2,1],[6,5],[7,6],[2,3],[8,6],[7,3],[1,2]]},"distEst2AFC":{"triplet":[[0,0,0],[8,7,5],[4,3,1],[6,5,7],[3,7,1],[1,3,2],[8,5,7],[6,7,5],[8,5,7],[2,3,1],[6,7,5],[5,8,7],[5,7,6],[1,4,3],[6,5,7],[4,3,1],[2,1,3],[7,8,2],[4,1,3],[2,3,1],[4,1,3],[7,3,5],[3,4,6],[2,1,3],[8,7,5]]}}