{"objLoc":[[0,0,0],[0,0.95,263],[0.9,0.95,203],[0.9,0.05,45],[0.7,0.75,144],[0,0.05,282],[-0.9,0.05,184],[-0.9,0.95,66],[-0.7,0.25,308]],"objIdentity":[0,6,3,5,8,7,1,4,2],"familiarise":{"path":[[0,0.5,106],[0.5,0.9,60],[0.9,0.1,143],[-0.9,0.2,184],[-0.7,0.7,111],[0.5,0.5,155],[0,0.2,299],[-0.2,0.8,203],[-0.5,0.1,300],[0.7,0.4,359],[0.9,0.9,120],[-0.5,0.5,33],[0.5,0.9,279],[0.5,0.1,54],[-0.6,0.8,262]]},"objlocLearn":{"learnOrder":[0,2,5,3,8,6,7,4,1],"startLoc":[[0,0,0],[-0.1,0.5,180],[-0.1,0.9,300],[0.5,0.9,240],[0.5,0.5,60],[0.1,0.5,190],[-0.5,0.1,0],[-0.5,0.5,50],[0.1,0.1,10]]},"objlocTestRun1":{"startLoc":[[0,0,0],[-0.60328060364233638,0.60473110441860367,184],[-0.69976584662759911,0.085372863952303618,167],[0.60328060364233638,0.39526889558139638,260],[0.69976584662759911,0.91462713604769641,15],[0.027880716476355774,0.28552943473675135,260],[-0.027880716476355774,0.71447056526324859,104],[0.0041600121659215866,0.20008942728480272,177],[-0.0041600121659215866,0.79991057271519728,315],[-0.90979691385305794,0.60631472995232483,68],[0.33003072367427028,0.57108492691968737,233],[-0.33003072367427028,0.42891507308031263,174],[0.2964438462818752,0.276064352533115,284],[0.6683050225635816,0.610917134668456,202],[-0.6683050225635816,0.389082865331544,104],[-0.2964438462818752,0.723935647466885,66],[0.90979691385305794,0.39368527004767517,184],[-0.24728439968398946,0.550983374072378,235],[0.24728439968398946,0.449016625927622,256],[0.37150747421296521,0.25206929820496893,139],[0.42691795057184306,0.28162736369740593,98],[-0.42691795057184306,0.71837263630259407,100],[0.92799492966008423,0.53004474013714553,322],[-0.37150747421296521,0.74793070179503107,320],[-0.92799492966008423,0.46995525986285447,21],[-0.7515487678028856,0.28633306832124494,215],[0.83756703725723336,0.32112021732638263,187],[0.7515487678028856,0.71366693167875506,64],[0.53057206534699231,0.20297230851043208,167],[-0.40900929018693893,0.70362380346620412,69],[0.40900929018693893,0.29637619653379588,244],[-0.83756703725723336,0.67887978267361737,61],[-0.53057206534699231,0.797027691489568,180],[0.67554958084934258,0.78811280025817154,184],[0.016966344955968868,0.16878551683291,158],[0.24163205629792833,0.85620068487834255,176],[-0.016966344955968868,0.83121448316709,335],[-0.16231489429805729,0.58532005573242429,326],[-0.24163205629792833,0.14379931512165745,82],[0.16231489429805729,0.41467994426757571,166],[-0.67554958084934258,0.21188719974182846,247],[0.28869532831824579,0.091813181131625843,301],[-0.28869532831824579,0.90818681886837416,334],[-0.6939197971164246,0.60608334365543048,9],[0.6939197971164246,0.39391665634456946,238],[0.78065314801058316,0.50575241168955631,90],[-0.64234312538521288,0.59934342056539125,355],[0.64234312538521288,0.40065657943460875,340],[-0.78065314801058316,0.49424758831044369,246],[0.34772831424242429,0.26306089707888358,166],[0.116596917189748,0.92093706557659272,282],[-0.48002539893596191,0.62148687646125955,157],[-0.21167341332295891,0.57604464275960465,48],[0.21167341332295891,0.4239553572403954,5],[0.48002539893596191,0.37851312353874039,268],[-0.34772831424242429,0.73693910292111642,352],[-0.116596917189748,0.0790629344234073,73],[-0.058464912192334587,0.631236813913425,346],[-0.51602247971008142,0.21344397149836497,166],[0.058464912192334587,0.368763186086575,161],[0.48994387679035617,0.89487405121914976,176],[0.65306404499101267,0.11310118234790567,68],[-0.65306404499101267,0.88689881765209433,190],[-0.48994387679035617,0.10512594878085021,192],[0.51602247971008142,0.78655602850163508,335]],"learnOrder":[0,8,1,4,5,3,7,6,2,8,2,6,1,3,7,5,4,8,4,7,6,2,1,3,5,7,5,3,4,2,6,1,8,3,6,1,2,4,5,8,7,2,6,7,3,4,1,5,8,5,8,6,7,3,2,1,4,6,4,2,7,5,1,3,8]},"distEstPair":{"pairList":[[0,0],[3,8],[3,6],[4,7],[4,8],[5,8],[7,8],[1,7],[3,4],[1,5],[2,4],[3,7],[1,4],[1,3],[5,7],[1,6],[6,8],[5,6],[3,5],[2,7],[2,3],[6,7],[2,6],[1,8],[4,5],[2,8],[1,2],[2,5],[4,6],[4,3],[6,1],[4,1],[8,2],[8,4],[6,2],[7,3],[7,2],[5,4],[6,4],[7,5],[5,1],[7,6],[8,5],[3,1],[8,6],[6,3],[5,3],[4,2],[6,5],[7,4],[8,1],[7,1],[8,3],[3,2],[5,2],[8,7],[2,1]]},"distEst2AFC":{"triplet":[[0,0,0],[1,2,7],[3,2,5],[5,6,3],[7,1,6],[8,6,7],[7,6,1],[1,7,2],[4,2,7],[2,3,4],[1,7,2],[5,3,6],[7,1,6],[1,2,7],[3,2,5],[5,6,3],[6,2,8],[5,6,7],[3,5,2],[5,3,6],[4,1,7],[2,4,5],[7,6,1],[3,5,2],[6,8,1]]}}