{"objLoc":[[0,0,0],[0,0.95,301],[0.9,0.95,38],[0.9,0.05,269],[0.7,0.75,130],[0,0.05,130],[-0.9,0.05,220],[-0.9,0.95,142],[-0.7,0.25,148]],"objIdentity":[0,6,7,5,4,1,2,8,3],"familiarise":{"path":[[0,0.5,340],[0.5,0.9,318],[0.9,0.1,233],[-0.9,0.2,77],[-0.7,0.7,230],[0.5,0.5,51],[0,0.2,166],[-0.2,0.8,315],[-0.5,0.1,94],[0.7,0.4,240],[0.9,0.9,311],[-0.5,0.5,54],[0.5,0.9,203],[0.5,0.1,58],[-0.6,0.8,63]]},"objlocLearn":{"learnOrder":[0,1,2,7,3,8,4,6,5],"startLoc":[[0,0,0],[0.1,0.1,10],[-0.1,0.5,180],[-0.5,0.1,0],[0.5,0.9,240],[0.5,0.5,60],[-0.5,0.5,50],[0.1,0.5,190],[-0.1,0.9,300]]},"objlocTestRun1":{"startLoc":[[0,0,0],[-0.34702853492829328,0.32668030294306016,68],[0.34702853492829328,0.67331969705693984,246],[-0.54683017355318331,0.33172270089259953,317],[0.54683017355318331,0.66827729910740041,292],[0.67126555250245534,0.093608733922002585,65],[-0.83809204939305282,0.68998611758272588,189],[0.83809204939305282,0.31001388241727412,231],[-0.67126555250245534,0.90639126607799736,331],[-0.0010850991954848704,0.50278088209267824,226],[0.24616421167063623,0.83112558874388176,336],[0.81223515454449136,0.15564957626310816,60],[0.0010850991954848704,0.49721911790732176,200],[-0.24616421167063623,0.16887441125611824,174],[-0.14809514516663874,0.34789675172068962,148],[-0.81223515454449136,0.84435042373689184,268],[0.14809514516663874,0.65210324827931032,127],[0.1293432085503689,0.13575619540503361,195],[-0.33686901350256931,0.49117395085522531,182],[0.42950985527646129,0.80002959119758033,356],[-0.502981556606148,0.63726897479982569,46],[0.502981556606148,0.36273102520017425,260],[0.33686901350256931,0.50882604914477469,110],[-0.1293432085503689,0.86424380459496641,261],[-0.42950985527646129,0.19997040880241967,141],[-0.56615722121725787,0.70820926656986471,294],[0.81969597062217869,0.31928532423982176,162],[0.67910953316844846,0.050327397653422937,112],[-0.67910953316844846,0.949672602346577,152],[0.56615722121725787,0.29179073343013534,211],[-0.81969597062217869,0.6807146757601783,218],[-0.399438299276273,0.32231307361622741,55],[0.399438299276273,0.67768692638377259,125],[-0.29160371997592777,0.80750771812976552,60],[0.29160371997592777,0.19249228187023448,266],[0.81719532647552784,0.84350547397155473,72],[-0.81719532647552784,0.15649452602844527,301],[-0.097146019175494439,0.89820026636223094,154],[0.33365172997310449,0.083912263096107345,217],[-0.33365172997310449,0.91608773690389267,139],[0.097146019175494439,0.10179973363776906,214],[0.36299911763701581,0.44217545718904494,331],[0.18108292456099856,0.6287397359002791,50],[-0.18108292456099856,0.3712602640997209,278],[-0.36299911763701581,0.55782454281095506,240],[-0.76955323173672963,0.46084677551366215,147],[0.030163364298943882,0.71709778987343531,350],[0.76955323173672963,0.53915322448633785,286],[-0.030163364298943882,0.28290221012656469,56],[0.45826866190691445,0.13902138536978195,166],[-0.72784134960989333,0.60452938221374142,257],[-0.013825365472376269,0.14807615354224896,333],[0.72784134960989333,0.39547061778625858,304],[-0.45826866190691445,0.86097861463021808,345],[0.17874749596030542,0.66273206701444043,104],[0.013825365472376269,0.851923846457751,303],[-0.17874749596030542,0.33726793298555957,99],[-0.29492637290397422,0.6703286260497483,113],[0.65790452436267555,0.064144370024139752,242],[0.25162046750412975,0.89483224058786082,78],[-0.65790452436267555,0.93585562997586025,139],[0.29492637290397422,0.3296713739502517,359],[-0.25162046750412975,0.10516775941213918,307],[0.28171306493205089,0.48788801567893014,248],[-0.28171306493205089,0.51211198432106986,56],[-0.26118864318044249,0.93260809906094588,280],[0.45052722620786362,0.72036995905828627,177],[0.26118864318044249,0.067391900939054117,226],[-0.45052722620786362,0.27963004094171373,210],[0.43403570794729768,0.14256330203806566,117],[-0.44164708799392,0.67921488019775522,79],[-0.43403570794729768,0.85743669796193434,45],[0.44164708799392,0.32078511980224478,319],[0.637954173504239,0.83087753473532255,78],[0.1791968329135431,0.22694542854366295,139],[0.15402464630307061,0.66283253924509022,68],[-0.69682696853713222,0.93357040308534334,299],[-0.15402464630307061,0.33716746075490972,180],[0.69682696853713222,0.066429596914656622,103],[-0.1791968329135431,0.773054571456337,69],[-0.637954173504239,0.16912246526467739,233]],"learnOrder":[0,2,6,4,8,3,1,5,7,3,8,5,7,4,2,1,6,2,8,1,7,3,4,6,5,6,3,4,8,2,7,5,1,4,8,1,5,7,2,6,3,6,3,7,2,1,8,5,4,3,4,1,8,7,2,5,6,3,5,2,1,7,6,8,4,4,2,8,6,5,3,1,7,5,8,7,6,3,2,4,1]},"distEstPair":{"pairList":[[0,0],[5,6],[1,8],[5,7],[1,5],[3,6],[1,7],[3,7],[6,8],[7,8],[4,6],[4,8],[4,7],[2,3],[4,5],[5,8],[1,6],[6,7],[1,2],[2,5],[3,5],[1,3],[3,4],[2,4],[1,4],[3,8],[2,8],[2,7],[2,6],[6,2],[8,3],[8,1],[5,4],[4,1],[4,3],[6,4],[6,1],[7,1],[7,3],[7,2],[5,3],[4,2],[7,5],[8,2],[7,4],[8,7],[2,1],[8,6],[5,2],[7,6],[5,1],[6,5],[6,3],[3,1],[8,5],[8,4],[3,2]]},"distEst2AFC":{"triplet":[[0,0,0],[6,8,1],[6,2,8],[3,5,2],[1,2,7],[8,6,7],[2,3,4],[1,7,2],[5,6,3],[4,1,7],[7,6,1],[1,2,7],[3,2,5],[2,4,5],[5,3,6],[5,6,7],[3,2,5],[7,6,1],[1,7,2],[5,3,6],[7,1,6],[3,5,2],[4,2,7],[5,6,3],[7,1,6]]}}