{"objLoc":[[0,0,0],[0,0.95,103],[0.9,0.95,345],[0.9,0.05,278],[0.7,0.75,356],[0,0.05,75],[-0.9,0.05,50],[-0.9,0.95,328],[-0.7,0.25,25]],"objIdentity":[0,7,1,3,8,4,6,2,5],"familiarise":{"path":[[0,0.5,161],[0.5,0.9,23],[0.9,0.1,108],[-0.9,0.2,340],[-0.7,0.7,102],[0.5,0.5,97],[0,0.2,147],[-0.2,0.8,298],[-0.5,0.1,183],[0.7,0.4,98],[0.9,0.9,123],[-0.5,0.5,351],[0.5,0.9,67],[0.5,0.1,88],[-0.6,0.8,249]]},"objlocLearn":{"learnOrder":[0,7,4,8,5,1,2,6,3],"startLoc":[[0,0,0],[-0.5,0.1,0],[-0.5,0.5,50],[0.5,0.5,60],[-0.1,0.9,300],[0.1,0.1,10],[-0.1,0.5,180],[0.1,0.5,190],[0.5,0.9,240]]},"objlocTestRun1":{"startLoc":[[0,0,0],[-0.34074793110235496,0.428347415248214,29],[-0.79046106983166275,0.34052049742981882,178],[0.79046106983166275,0.65947950257018118,13],[-0.17619938431240373,0.19666778025985504,188],[-0.66174290192832652,0.38741381022145638,115],[0.17619938431240373,0.8033322197401449,48],[0.34074793110235496,0.57165258475178593,80],[0.66174290192832652,0.61258618977854362,92],[-0.30655001058623793,0.38163809818413874,10],[-0.78071645973611559,0.20120898830773692,178],[-0.25381334897366042,0.62594786886981746,74],[-0.55041731057733112,0.73411072347092876,338],[0.30655001058623793,0.61836190181586126,207],[0.55041731057733112,0.26588927652907124,325],[0.78071645973611559,0.79879101169226308,91],[0.25381334897366042,0.37405213113018254,60],[-0.098800413729143569,0.24596919713460219,283],[-0.4751525124119344,0.52767156672759885,102],[0.27020251628597319,0.60165397719826252,181],[-0.27020251628597319,0.39834602280173753,198],[-0.028821286575655594,0.63180762712917615,67],[0.4751525124119344,0.4723284332724012,60],[0.028821286575655594,0.36819237287082385,19],[0.098800413729143569,0.75403080286539781,41],[0.34636062473494617,0.86396896858562366,282],[0.69791630380667313,0.30135911421738426,305],[0.48245476061154563,0.83069289189749684,175],[-0.34636062473494617,0.13603103141437634,208],[-0.48245476061154563,0.16930710810250316,66],[-0.53248733943050541,0.78779069984767569,159],[-0.69791630380667313,0.69864088578261574,126],[0.53248733943050541,0.21220930015232431,125],[0.18448790427539169,0.2070030253685039,344],[-0.18448790427539169,0.7929969746314961,233],[0.79489141515120032,0.81570967076276468,146],[0.515835018800836,0.36958613189844863,132],[-0.515835018800836,0.63041386810155142,142],[-0.47428714518849419,0.59230775965049742,349],[-0.79489141515120032,0.18429032923723526,255],[0.47428714518849419,0.40769224034950258,41],[-0.15184826214054109,0.54821822869813674,37],[-0.11582740668308127,0.53826421662865886,40],[0.0099416649586951261,0.67665926206651927,190],[0.15184826214054109,0.45178177130186326,153],[-0.92406231601510469,0.13381943237248428,336],[0.11582740668308127,0.46173578337134114,341],[-0.0099416649586951261,0.32334073793348067,240],[0.92406231601510469,0.86618056762751572,302],[0.37664294113691005,0.9433517697976963,330],[-0.37664294113691005,0.056648230202303709,187],[0.06558234309990367,0.17458777707228645,318],[-0.068160641884302084,0.33687007131879859,49],[-0.095370485095389326,0.42558327712962418,110],[-0.06558234309990367,0.82541222292771355,339],[0.068160641884302084,0.66312992868120135,128],[0.095370485095389326,0.57441672287037582,64],[-0.22578073471094923,0.74209752748844715,223],[-0.61509394080732593,0.88335996033186748,42],[0.22578073471094923,0.2579024725115529,228],[-0.15098039687678128,0.30351374241447726,40],[0.61509394080732593,0.11664003966813251,314],[-0.041876101597868406,0.3501493895198064,222],[0.041876101597868406,0.64985061048019355,171],[0.15098039687678128,0.69648625758552274,269]],"learnOrder":[0,3,1,5,2,4,6,7,8,7,5,8,2,3,6,1,4,8,5,6,2,7,1,3,4,4,1,2,8,6,7,5,3,7,3,5,4,8,6,1,2,2,3,5,6,8,7,1,4,5,1,6,3,8,2,7,4,7,6,3,5,2,4,8,1]},"distEstPair":{"pairList":[[0,0],[2,6],[1,7],[5,7],[3,6],[1,4],[1,6],[2,8],[3,7],[4,6],[2,4],[1,2],[4,5],[5,6],[6,7],[3,4],[2,5],[5,8],[3,5],[6,8],[4,8],[3,8],[2,3],[7,8],[4,7],[1,8],[1,3],[2,7],[1,5],[6,1],[8,4],[3,2],[6,5],[7,4],[5,3],[5,4],[6,3],[4,3],[5,1],[8,2],[8,5],[8,7],[6,4],[7,2],[7,3],[2,1],[8,1],[4,1],[7,5],[4,2],[6,2],[8,6],[7,6],[5,2],[3,1],[8,3],[7,1]]},"distEst2AFC":{"triplet":[[0,0,0],[1,2,7],[4,2,7],[1,2,7],[7,6,1],[6,2,8],[5,6,3],[8,6,7],[5,3,6],[7,1,6],[1,7,2],[4,1,7],[5,6,3],[3,2,5],[7,6,1],[3,5,2],[5,6,7],[7,1,6],[3,2,5],[6,8,1],[3,5,2],[2,3,4],[1,7,2],[2,4,5],[5,3,6]]}}