{"objLoc":[[0,0,0],[0.1,0.9,103],[0.9,0.9,345],[0.9,0.1,278],[0.7,0.7,356],[-0.1,0.1,75],[-0.9,0.1,50],[-0.9,0.9,328],[-0.7,0.3,25]],"objIdentity":[0,7,1,3,8,4,6,2,5],"familiarise":{"path":[[0,0.5,111],[0.46984631039295421,0.32898992833716567,60],[0.4089116386903805,0.82526300415782661,293],[0.83293568676859353,0.56030337204122416,322],[0.3330118391903979,0.56902957525986586,327],[-0.10429801437929997,0.32662476513669736,347],[0.01666293342053389,0.81177262827469554,167],[0.11206743110880629,0.32095903655086355,169],[-0.30245135516871452,0.600555488286237,355],[0.69207054019955883,0.70508395155389048,112],[0.3263936893899736,0.36408477152264118,184],[0.61318190756549662,0.77366079366713714,86],[-0.33233666803382023,0.44809263920998044,143],[0.665227382226004,0.37833616546585513,209],[-0.327318769415318,0.50020550887100268,113],[0.13293365731090218,0.69557107311563959,348]]},"objlocLearn":{"learnOrder":[0,5,2,6,7,3,4,8,1],"startLoc":[[0,0,0],[-0.1,0.9,300],[-0.1,0.5,180],[0.1,0.5,190],[-0.5,0.1,0],[0.5,0.9,240],[-0.5,0.5,50],[0.5,0.5,60],[0.1,0.1,10]]},"objlocTestRun1":{"startLoc":[[0,0,0],[-0.70048135007003187,0.24997431503547562,356],[0.88390145331473868,0.31220161211860809,78],[-0.067727949637069,0.90101957086731743,10],[0.46819412271770883,0.91966035956488756,310],[0.70048135007003187,0.75002568496452438,278],[-0.88390145331473868,0.68779838788139191,115],[-0.46819412271770883,0.080339640435112436,230],[0.067727949637069,0.098980429132682568,1],[0.93106223189388659,0.27220706069428818,331],[0.028206851957981269,0.45742264352378392,84],[-0.46529629550492285,0.0741758529712891,199],[0.46529629550492285,0.92582414702871085,246],[0.56191937724747043,0.28827126188748714,58],[-0.028206851957981269,0.54257735647621608,89],[-0.56191937724747043,0.7117287381125128,265],[-0.93106223189388659,0.72779293930571187,140],[0.26465604091243849,0.46253073339342732,111],[-0.77145281989611147,0.61608765098271834,297],[0.20182775010689707,0.20115463482572482,261],[-0.20182775010689707,0.79884536517427518,185],[-0.26465604091243849,0.53746926660657268,16],[0.011101367297706874,0.766850345661278,236],[-0.011101367297706874,0.23314965433872203,190],[0.77145281989611147,0.38391234901728166,247]],"learnOrder":[0,4,5,3,2,8,1,6,7,2,5,4,8,3,1,7,6,6,7,5,1,2,8,4,3]},"objlocTestRun2":{"startLoc":[[0,0,0],[0.68611750802706939,0.2561787194406106,285],[0.50456710683130468,0.77810196404113885,199],[0.76501778214008276,0.27589053849685208,305],[-0.68611750802706939,0.74382128055938934,42],[-0.76501778214008276,0.72410946150314792,222],[0.063790264921090009,0.89078418613904509,234],[-0.063790264921090009,0.10921581386095487,80],[-0.50456710683130468,0.22189803595886115,83],[0.012722658527287864,0.91941440254242979,274],[0.30042185999115117,0.271485816157131,47],[-0.30042185999115117,0.728514183842869,55],[0.41548418596911846,0.17374155063611571,29],[-0.63801217768090934,0.75502052166456823,267],[-0.41548418596911846,0.82625844936388426,75],[0.63801217768090934,0.24497947833543177,162],[-0.012722658527287864,0.080585597457570157,44],[0.54364215302221441,0.22834426307178884,342],[0.41270464502491361,0.49908986046348713,171],[-0.85162660793042066,0.90954100722626829,186],[-0.41270464502491361,0.50091013953651287,45],[0.037060348840732019,0.33707129157987342,232],[-0.54364215302221441,0.7716557369282111,268],[0.85162660793042066,0.090458992773731678,218],[-0.037060348840732019,0.66292870842012652,108]],"learnOrder":[0,1,7,4,5,8,6,2,3,7,1,5,2,4,6,8,3,1,8,6,4,3,5,2,7]},"distEstPair":{"pairList":[[0,0],[4,3],[8,7],[6,2],[7,8],[5,6],[4,7],[6,8],[2,7],[8,1],[6,4],[5,8],[3,1],[8,6],[1,5],[2,1],[7,6],[1,3],[1,4],[4,8],[6,7],[8,5],[3,2],[6,5],[7,3],[3,5],[4,2],[2,3],[5,7],[3,6],[2,8],[2,4],[5,2],[3,4],[7,5],[4,1],[8,3],[1,6],[5,4],[1,2],[7,1]]},"distEstEgo":{"pairList":[[0,0],[7,3],[4,2],[2,3],[2,8],[6,7],[8,6],[6,5],[7,6],[2,1],[1,2],[5,6],[3,2]]},"distEst2AFC":{"triplet":[[0,0,0],[6,5,7],[8,7,5],[4,3,1],[5,8,7],[2,1,3],[6,7,5],[4,1,3],[2,3,1],[4,3,1],[8,7,5],[7,8,2],[5,7,6],[1,3,2],[8,5,7],[3,7,1],[2,3,1],[8,5,7],[1,4,3],[6,5,7],[3,4,6],[6,7,5],[2,1,3],[7,3,5],[4,1,3]]}}