{"objLoc":[[0,0,0],[0,0.95,278],[0.9,0.95,8],[0.9,0.05,229],[0.7,0.75,270],[0,0.05,180],[-0.9,0.05,81],[-0.9,0.95,72],[-0.7,0.25,274]],"objIdentity":[0,5,2,1,6,8,3,7,4],"familiarise":{"path":[[0,0.5,260],[0.5,0.9,106],[0.9,0.1,331],[-0.9,0.2,258],[-0.7,0.7,196],[0.5,0.5,52],[0,0.2,135],[-0.2,0.8,243],[-0.5,0.1,160],[0.7,0.4,157],[0.9,0.9,223],[-0.5,0.5,185],[0.5,0.9,235],[0.5,0.1,217],[-0.6,0.8,290]]},"objlocLearn":{"learnOrder":[0,8,4,6,5,3,1,7,2],"startLoc":[[0,0,0],[0.5,0.5,60],[-0.5,0.5,50],[0.1,0.5,190],[-0.1,0.9,300],[0.5,0.9,240],[0.1,0.1,10],[-0.5,0.1,0],[-0.1,0.5,180]]},"objlocTestRun1":{"startLoc":[[0,0,0],[-0.4517902438492945,0.3207841780466365,266],[0.23994558179164577,0.54282754032731917,183],[-0.765380344630092,0.46889784607836638,232],[0.41534533972627535,0.57741978204785838,77],[0.4517902438492945,0.6792158219533635,323],[-0.23994558179164577,0.45717245967268083,348],[0.765380344630092,0.53110215392163362,115],[-0.41534533972627535,0.42258021795214162,312],[0.12006230053621554,0.31975688518210654,112],[-0.49005583673329794,0.55182036979637983,10],[-0.12006230053621554,0.68024311481789346,18],[0.17138258967230352,0.0853535905028486,67],[-0.17138258967230352,0.91464640949715137,25],[0.49005583673329794,0.44817963020362017,93],[0.60664529177313042,0.22905278571093107,329],[-0.60664529177313042,0.770947214289069,165],[-0.12446333778751835,0.5223809773264545,47],[0.023434891219743584,0.65612023275624853,292],[-0.678015574669693,0.63351262451112089,146],[-0.023434891219743584,0.34387976724375147,9],[-0.27135465859438107,0.12165178114036777,309],[0.27135465859438107,0.87834821885963221,99],[0.12446333778751835,0.4776190226735455,256],[0.678015574669693,0.36648737548887911,129],[-0.6475319065816223,0.095429903138597866,286],[0.48383061390672871,0.31636553619171082,305],[0.6475319065816223,0.90457009686140211,194],[-0.36962615514864533,0.34764738078391882,202],[0.36962615514864533,0.65235261921608112,45],[0.39368384504993276,0.892174045374658,136],[-0.48383061390672871,0.68363446380828918,155],[-0.39368384504993276,0.107825954625342,185],[-0.30814981457710905,0.14725739550150729,322],[0.90975637693952094,0.35573705927407728,109],[0.52027756280013215,0.085963287820979534,143],[0.30814981457710905,0.85274260449849271,286],[0.72947931116625386,0.34296047404902391,149],[-0.72947931116625386,0.657039525950976,67],[-0.90975637693952094,0.64426294072592272,303],[-0.52027756280013215,0.91403671217902049,205],[-0.63646979433361783,0.40327631955192855,22],[-0.0094076013233367756,0.92937265333041363,357],[0.13396486097988719,0.66656581534158055,83],[0.6100846637149282,0.15275561344906474,222],[0.0094076013233367756,0.070627346669586366,133],[-0.6100846637149282,0.84724438655093526,289],[-0.13396486097988719,0.33343418465841945,226],[0.63646979433361783,0.59672368044807145,296],[-0.77242528833856439,0.7889950920532357,104],[0.25580655469318,0.753107585738417,99],[-0.11252973268873361,0.33644552493105606,217],[-0.25580655469318,0.24689241426158304,338],[-0.25933317182833465,0.63828756492797023,255],[0.77242528833856439,0.2110049079467643,95],[0.25933317182833465,0.36171243507202971,45],[0.11252973268873361,0.66355447506894394,166],[-0.66281116267912865,0.39570300382297963,351],[-0.47974272341534524,0.8538083740457878,246],[-0.500157115572994,0.15971302154762745,70],[-0.037614273163222259,0.42967721310577922,17],[0.66281116267912865,0.60429699617702037,343],[0.47974272341534524,0.14619162595421226,310],[0.037614273163222259,0.57032278689422078,299],[0.500157115572994,0.84028697845237255,348],[-0.15673262670539284,0.59501980795438114,216],[0.67247412595092415,0.11128754618415504,336],[-0.84409535325372209,0.061137072588314911,53],[-0.46474615747356512,0.52719323590355494,42],[0.46474615747356512,0.472806764096445,134],[0.15673262670539284,0.40498019204561886,276],[0.84409535325372209,0.93886292741168509,116],[-0.67247412595092415,0.888712453815845,230],[-0.4723891450065873,0.58763448340779589,4],[0.06739146521926824,0.24624579324276641,196],[-0.025586592075747941,0.41194701683332369,122],[0.18668577543030745,0.18285817305676788,324],[-0.06739146521926824,0.75375420675723359,339],[0.025586592075747941,0.58805298316667631,139],[-0.18668577543030745,0.81714182694323212,143],[0.4723891450065873,0.41236551659220411,324]],"learnOrder":[0,3,1,6,4,7,5,2,8,4,3,8,2,6,7,1,5,7,4,5,8,2,6,3,1,4,1,8,2,6,7,5,3,4,3,2,8,1,5,7,6,1,3,6,8,7,4,2,5,1,8,3,4,6,5,2,7,1,8,6,7,5,4,3,2,2,3,5,8,4,6,1,7,1,7,6,4,3,2,8,5]},"distEstPair":{"pairList":[[0,0],[6,8],[2,7],[1,2],[4,6],[1,5],[1,4],[4,5],[3,5],[5,7],[2,8],[1,7],[1,3],[4,7],[3,7],[4,8],[1,8],[2,5],[2,6],[5,8],[3,4],[5,6],[3,8],[1,6],[6,7],[3,6],[2,3],[2,4],[7,8],[4,2],[5,4],[3,2],[7,2],[5,2],[6,4],[8,2],[5,1],[6,1],[7,3],[4,1],[6,5],[8,7],[6,2],[8,5],[3,1],[7,5],[8,1],[7,1],[8,3],[8,6],[5,3],[7,4],[4,3],[7,6],[8,4],[2,1],[6,3]]},"distEst2AFC":{"triplet":[[0,0,0],[3,5,2],[4,1,7],[5,6,7],[6,2,8],[5,3,6],[7,6,1],[1,7,2],[7,6,1],[1,2,7],[6,8,1],[5,3,6],[3,2,5],[8,6,7],[5,6,3],[3,2,5],[2,3,4],[4,2,7],[2,4,5],[3,5,2],[5,6,3],[7,1,6],[1,2,7],[7,1,6],[1,7,2]]}}