{"objLoc":[[0,0,0],[0,0.95,165],[0.9,0.95,112],[0.9,0.05,84],[0.7,0.75,100],[0,0.05,295],[-0.9,0.05,41],[-0.9,0.95,226],[-0.7,0.25,100]],"objIdentity":[0,4,6,7,2,1,3,5,8],"familiarise":{"path":[[0,0.5,67],[0.5,0.9,356],[0.9,0.1,271],[-0.9,0.2,81],[-0.7,0.7,54],[0.5,0.5,186],[0,0.2,142],[-0.2,0.8,26],[-0.5,0.1,122],[0.7,0.4,4],[0.9,0.9,277],[-0.5,0.5,315],[0.5,0.9,193],[0.5,0.1,31],[-0.6,0.8,297]]},"objlocLearn":{"learnOrder":[0,3,4,1,7,5,8,2,6],"startLoc":[[0,0,0],[0.5,0.9,240],[-0.5,0.5,50],[0.1,0.1,10],[-0.5,0.1,0],[-0.1,0.9,300],[0.5,0.5,60],[-0.1,0.5,180],[0.1,0.5,190]]},"objlocTestRun1":{"startLoc":[[0,0,0],[-0.25095845437360803,0.544356720985164,311],[0.71657126606421073,0.4733162050051884,335],[0.5056127372884327,0.51125260087582358,283],[-0.47713388984735478,0.62873056290914864,78],[-0.5056127372884327,0.48874739912417642,163],[0.47713388984735478,0.37126943709085136,141],[0.25095845437360803,0.45564327901483603,169],[-0.71657126606421073,0.52668379499481155,266],[-0.072952449985978648,0.72739636509147709,44],[0.045626543905931308,0.88705874338056334,229],[0.051605748781428942,0.82053630810576927,219],[-0.051605748781428942,0.17946369189423073,320],[0.072952449985978648,0.27260363490852291,347],[-0.37914374795566691,0.27082449746874382,45],[0.37914374795566691,0.72917550253125618,48],[-0.045626543905931308,0.11294125661943666,298],[0.857102030808897,0.1732466935367179,237],[-0.33937548122699229,0.655797989422681,174],[-0.46091999191171457,0.43643721732266882,193],[0.46091999191171457,0.56356278267733118,182],[-0.087444998342100358,0.84221524205012832,97],[-0.857102030808897,0.82675330646328216,350],[0.33937548122699229,0.34420201057731903,76],[0.087444998342100358,0.15778475794987165,295],[-0.29811625952186466,0.61860826856738871,70],[0.28262232352162647,0.063188668003168955,150],[-0.34893143751180306,0.32790670091473295,39],[0.29811625952186466,0.38139173143261129,268],[0.34893143751180306,0.672093299085267,310],[0.85345274822964434,0.15393485090566256,11],[-0.28262232352162647,0.93681133199683109,350],[-0.85345274822964434,0.84606514909433739,307],[-0.75425752823082171,0.65628896251638813,255],[0.75425752823082171,0.34371103748361193,22],[0.93152140997586064,0.44611866982566734,98],[-0.082061564565063458,0.858112498524461,307],[0.62994865095798036,0.36984910360014384,325],[-0.62994865095798036,0.63015089639985611,3],[-0.93152140997586064,0.55388133017433261,200],[0.082061564565063458,0.14188750147553897,297],[0.44580991733843062,0.43386892535710675,258],[-0.44580991733843062,0.56613107464289325,92],[-0.90139151831937459,0.26810437943944321,213],[0.40439949750354925,0.61651396630197874,106],[-0.40439949750354925,0.38348603369802126,106],[-0.50271764660166585,0.77183179972784866,134],[0.90139151831937459,0.73189562056055679,275],[0.50271764660166585,0.22816820027215134,82],[-0.57702796898602382,0.51156407472074694,211],[-0.19705443773512948,0.50573287487657637,290],[-0.0085007882510648586,0.39338879074516986,332],[-0.084421671185896316,0.46217030531980779,240],[0.0085007882510648586,0.60661120925483014,286],[0.084421671185896316,0.53782969468019215,41],[0.57702796898602382,0.48843592527925306,184],[0.19705443773512948,0.49426712512342363,7],[0.38814921354129023,0.0865573705557095,319],[-0.83742850891882292,0.43135111576011043,167],[0.83742850891882292,0.56864888423988957,222],[-0.822797197439852,0.36219942288143614,267],[-0.38814921354129023,0.91344262944429055,52],[0.822797197439852,0.63780057711856386,109],[0.85189257786546735,0.41052144204384966,236],[-0.85189257786546735,0.58947855795615034,228],[0.91141124896783388,0.57089419772702565,112],[-0.33981390743199408,0.6695070171471218,47],[0.25633017977120937,0.303367181505811,337],[-0.87122065318476594,0.52416473021417231,284],[-0.25633017977120937,0.696632818494189,28],[-0.91141124896783388,0.42910580227297435,147],[0.33981390743199408,0.3304929828528782,70],[0.87122065318476594,0.47583526978582774,341],[0.4702660051210234,0.60129938638233815,241],[0.47165191548107405,0.25604201650841096,3],[0.22943916852243257,0.38838839926876845,8],[-0.4702660051210234,0.39870061361766185,264],[0.72172945156871393,0.81057358984860572,100],[-0.72172945156871393,0.18942641015139422,311],[-0.22943916852243257,0.61161160073123155,72],[-0.47165191548107405,0.743957983491589,163]],"learnOrder":[0,3,4,2,1,6,5,7,8,2,4,3,7,6,1,5,8,2,4,7,3,5,6,8,1,1,3,8,5,4,2,7,6,7,3,2,4,1,5,6,8,6,2,8,7,3,1,4,5,4,5,3,2,7,6,8,1,2,8,4,5,6,1,3,7,3,5,4,6,8,7,1,2,4,3,2,8,5,1,6,7]},"distEstPair":{"pairList":[[0,0],[2,5],[2,6],[5,8],[4,7],[3,4],[3,6],[6,7],[4,8],[5,7],[1,6],[1,7],[1,5],[3,5],[4,5],[2,4],[1,2],[6,8],[2,7],[5,6],[4,6],[2,8],[7,8],[2,3],[1,8],[3,7],[1,4],[3,8],[1,3],[2,1],[5,4],[4,3],[3,2],[5,3],[6,1],[7,5],[7,6],[6,3],[6,5],[4,2],[4,1],[8,2],[5,1],[6,4],[8,5],[7,1],[8,3],[7,4],[8,1],[8,7],[7,3],[6,2],[8,6],[3,1],[7,2],[5,2],[8,4]]},"distEst2AFC":{"triplet":[[0,0,0],[1,7,2],[3,5,2],[2,4,5],[6,2,8],[7,1,6],[4,1,7],[1,2,7],[5,3,6],[6,8,1],[1,7,2],[5,6,3],[4,2,7],[5,6,7],[2,3,4],[7,1,6],[3,5,2],[7,6,1],[5,6,3],[3,2,5],[1,2,7],[5,3,6],[7,6,1],[3,2,5],[8,6,7]]}}