{"objLoc":[[0,0,0],[0.1,0.9,65],[0.9,0.9,8],[0.9,0.1,167],[0.7,0.7,261],[-0.1,0.1,152],[-0.9,0.1,175],[-0.9,0.9,5],[-0.7,0.3,176]],"objIdentity":[0,4,7,8,3,2,6,5,1],"familiarise":{"path":[[0,0.5,128],[0.36567685080958523,0.84099918003124929,117],[0.51186270317095361,0.36284680204973158,299],[0.1772973999915245,0.73441921478842875,197],[0.2468839504715572,0.23928518041764357,7],[-0.68029990409523022,0.61389177383355564,267],[-0.25171625374417406,0.87141081128858278,181],[-0.52403577125168765,0.45207552731587075,281],[0.44625995502430882,0.21015363171620302,179],[0.29175145783683509,0.68568188986377976,112],[-0.15375180425734886,0.45868663999400638,303],[-0.65101275194148545,0.51095087162783315,63],[0.276171102625302,0.88555746504374522,101],[0.75432348060681975,0.73937161268237683,175],[-0.0937246155496062,0.20945234844917193,310],[-0.38051283372512923,0.61902837059366789,42]]},"objlocLearn":{"learnOrder":[0,4,1,8,7,2,6,3,5],"startLoc":[[0,0,0],[-0.5,0.5,50],[0.1,0.1,10],[0.5,0.5,60],[-0.5,0.1,0],[-0.1,0.5,180],[0.1,0.5,190],[0.5,0.9,240],[-0.1,0.9,300]]},"objlocTestRun1":{"startLoc":[[0,0,0],[0.1986017546216638,0.064144452266770277,232],[-0.35217047175232558,0.851454158709996,78],[0.41827211516185764,0.73310634331487556,215],[0.35217047175232558,0.14854584129000403,76],[-0.41827211516185764,0.26689365668512444,145],[-0.1986017546216638,0.93585554773322976,215],[0.76292034205384707,0.38449804085706474,220],[-0.76292034205384707,0.61550195914293526,39],[-0.753312052112521,0.64202196902373165,70],[-0.064371017516375681,0.8438041845211024,165],[-0.31264308628083354,0.84109957991070117,186],[0.064371017516375681,0.1561958154788976,309],[-0.93817529183879977,0.792306621720464,208],[0.93817529183879977,0.207693378279536,293],[0.753312052112521,0.35797803097626829,134],[0.31264308628083354,0.15890042008929883,68],[0.53254044397313915,0.639435308552501,101],[0.8671199891082475,0.42766529641804657,9],[-0.53254044397313915,0.36056469144749903,132],[0.5481477615413648,0.34966931524582412,229],[-0.8671199891082475,0.57233470358195349,304],[-0.069185185332678548,0.86816764250177747,85],[0.069185185332678548,0.13183235749822247,255],[-0.5481477615413648,0.65033068475417588,271],[0.55406750966224982,0.46618499124637958,249],[-0.23099957449748282,0.21504887700783615,347],[-0.50266950704870617,0.209330774664096,209],[0.067913208323918409,0.92905779563532642,160],[0.50266950704870617,0.790669225335904,194],[-0.55406750966224982,0.53381500875362042,2],[0.23099957449748282,0.78495112299216385,3],[-0.067913208323918409,0.070942204364673578,178],[-0.37535347737416253,0.23819027507406598,136],[0.39906363733862732,0.50495834778774062,49],[-0.39906363733862732,0.49504165221225938,128],[-0.18592248934541183,0.6813939186758603,231],[0.37535347737416253,0.761809724925934,189],[-0.39644932686187923,0.40469462762861114,143],[0.18592248934541183,0.3186060813241397,278],[0.39644932686187923,0.59530537237138881,20],[-0.508979832323412,0.54330955142200588,320],[-0.2482469049386124,0.21113979609275779,245],[0.2482469049386124,0.78886020390724221,152],[-0.81211843609140633,0.38869904023651208,250],[0.81211843609140633,0.611300959763488,339],[0.483660231584581,0.47597659481133409,236],[-0.483660231584581,0.52402340518866586,241],[0.508979832323412,0.45669044857799407,253],[-0.42099056478816482,0.74988583000942488,330],[0.42099056478816482,0.25011416999057506,321],[-0.33936151330510506,0.20163030216432964,101],[-0.49861786671611669,0.37131524636671864,9],[0.49861786671611669,0.62868475363328136,101],[-0.88721560760599738,0.1306897825999207,132],[0.88721560760599738,0.8693102174000793,90],[0.33936151330510506,0.79836969783567036,165],[-0.098863858568800353,0.68898286897961147,338],[0.43271306929633097,0.55492128169507526,69],[0.098863858568800353,0.31101713102038853,138],[0.044999674828524808,0.464617521968915,300],[-0.29097573724181841,0.34581104705559773,48],[-0.43271306929633097,0.44507871830492474,127],[0.29097573724181841,0.65418895294440227,199],[-0.044999674828524808,0.535382478031085,277]],"learnOrder":[0,3,1,6,5,2,7,8,4,8,3,6,7,5,1,4,2,3,4,7,5,8,6,2,1,2,7,5,4,1,6,3,8,1,4,8,2,5,3,6,7,6,7,3,1,5,4,8,2,8,4,3,6,2,1,5,7,2,7,6,4,5,3,1,8]},"distEstPair":{"pairList":[[0,0],[5,8],[3,7],[3,4],[2,4],[6,7],[4,7],[1,6],[4,8],[4,5],[1,7],[2,8],[6,8],[2,5],[1,3],[1,5],[1,8],[3,8],[5,6],[4,6],[3,5],[3,6],[2,6],[2,3],[7,8],[2,7],[1,2],[5,7],[1,4],[8,2],[6,3],[8,3],[6,1],[7,3],[2,1],[8,7],[3,1],[4,2],[7,5],[8,6],[8,5],[6,5],[8,4],[3,2],[5,3],[4,3],[5,1],[5,2],[6,2],[7,6],[7,2],[8,1],[5,4],[4,1],[6,4],[7,4],[7,1]]},"distEst2AFC":{"triplet":[[0,0,0],[5,3,1],[2,1,3],[7,1,6],[1,7,5],[2,6,1],[4,1,6],[5,4,3],[4,7,2],[6,7,5],[1,5,7],[7,1,6],[5,3,4],[6,7,5],[5,4,3],[7,6,1],[2,3,1],[6,5,7],[7,6,1],[3,2,5],[6,8,2],[3,5,2],[1,5,7],[3,2,5],[8,6,4],[6,5,7],[5,6,3],[8,2,6],[5,6,3],[2,4,6],[2,1,3],[5,1,3],[5,3,4],[5,3,6],[6,3,8],[3,5,2],[5,3,1],[5,3,6],[1,7,5],[2,3,1],[5,1,3]]}}