{"objLoc":[[0,0,0],[0.1,0.9,322],[0.9,0.9,120],[0.9,0.1,296],[0.7,0.7,16],[-0.1,0.1,39],[-0.9,0.1,215],[-0.9,0.9,191],[-0.7,0.3,151]],"objIdentity":[0,1,3,5,6,2,7,4,8],"familiarise":{"path":[[0,0.5,175],[0.48296291314453416,0.37059047744873963,225],[0.073386891000038257,0.65737869562426265,351],[-0.41901698550606575,0.74420278445772781,128],[-0.55683566341456536,0.26357193648856836,81],[-0.38582559175173103,0.73341824688152257,353],[-0.58919391328963111,0.27664551806022214,212],[-0.10623100014509695,0.40605504061148251,354],[-0.60554576752238387,0.43222301873295443,349],[-0.808914089060284,0.88899574755425492,254],[-0.7220900002268188,0.39659187104815091,7],[0.2391716957115001,0.67222922686515008,221],[0.45048082658184985,0.21907533334682511,90],[0.2876967493532715,0.69183462114648353,47],[-0.20614742094429739,0.613617388626368,132],[0.094760090631726746,0.21429963360272164,73]]},"objlocLearn":{"learnOrder":[0,3,6,8,4,5,1,2,7],"startLoc":[[0,0,0],[0.5,0.9,240],[0.1,0.5,190],[0.5,0.5,60],[-0.5,0.5,50],[-0.1,0.9,300],[0.1,0.1,10],[-0.1,0.5,180],[-0.5,0.1,0]]},"objlocTestRun1":{"startLoc":[[0,0,0],[0.30820011547355891,0.28308152639197359,223],[-0.3235504227320673,0.70649293245213807,208],[-0.30820011547355891,0.71691847360802641,313],[0.27324628680036261,0.90595482074082179,333],[-0.27324628680036261,0.094045179259178185,207],[0.4090470332505432,0.19267110361226436,250],[0.3235504227320673,0.29350706754786193,142],[-0.4090470332505432,0.80732889638773564,244],[-0.13331757750833989,0.87325914031965346,360],[0.15420835970395258,0.8415065956842076,339],[-0.15420835970395258,0.1584934043157924,51],[-0.49755172470023085,0.84454228000643472,338],[0.13331757750833989,0.12674085968034654,14],[0.49755172470023085,0.15545771999356528,10],[0.42408061834038685,0.37806980732672724,65],[-0.42408061834038685,0.62193019267327276,110],[-0.55653090465871047,0.72054991920818567,355],[0.88242273060331411,0.6404250417030587,340],[0.55653090465871047,0.27945008079181433,276],[-0.42637160682952752,0.67497147142502478,225],[-0.78080917307292363,0.53378967991626514,349],[-0.88242273060331411,0.3595749582969413,207],[0.42637160682952752,0.32502852857497527,77],[0.78080917307292363,0.46621032008373486,49],[0.33812891718850019,0.50584409767484129,275],[-0.38596389702139516,0.10340237542820226,190],[0.38596389702139516,0.8965976245717977,295],[0.084192808431744967,0.84784132887087016,286],[-0.33812891718850019,0.49415590232515871,242],[-0.084192808431744967,0.15215867112912987,280],[-0.60056308072462206,0.57272203476401051,248],[0.60056308072462206,0.42727796523598954,155],[0.69242932137139079,0.18962680767867718,299],[-0.77919231126371935,0.84205434137862567,330],[-0.69242932137139079,0.81037319232132288,280],[-0.54088503655349451,0.88721892875057407,31],[0.53775930203449307,0.53215949898447246,342],[0.54088503655349451,0.11278107124942593,172],[0.77919231126371935,0.15794565862137427,319],[-0.53775930203449307,0.46784050101552749,31],[-0.64549295265318207,0.096557129865371016,338],[0.27485880251983835,0.66222615233911963,114],[0.34277826478424284,0.13181524191156768,152],[-0.27485880251983835,0.33777384766088037,247],[-0.34277826478424284,0.86818475808843232,33],[0.43785862896872679,0.45661581436015608,75],[0.64549295265318207,0.903442870134629,210],[-0.43785862896872679,0.54338418563984392,139],[-0.47067286391537361,0.810210277071161,39],[-0.54269201775269749,0.31482438389898137,4],[0.13987977063432949,0.053730524639771182,323],[-0.13987977063432949,0.94626947536022876,241],[0.1484915824100918,0.756075393204558,117],[-0.1484915824100918,0.24392460679544203,319],[0.47067286391537361,0.189789722928839,349],[0.54269201775269749,0.68517561610101863,30],[0.079273230578085371,0.5201133647126982,94],[0.0042082768383538555,0.48622045391413482,191],[-0.66784055126631658,0.1186083813708767,332],[-0.0042082768383538555,0.51377954608586518,84],[-0.61150964627441318,0.3678535981928992,337],[0.66784055126631658,0.8813916186291233,325],[-0.079273230578085371,0.4798866352873018,122],[0.61150964627441318,0.6321464018071008,82]],"learnOrder":[0,4,6,8,5,1,7,2,3,7,6,2,1,3,5,8,4,2,1,6,8,7,5,4,3,4,1,5,6,8,2,7,3,1,8,5,2,7,6,4,3,8,2,7,6,3,5,4,1,1,7,4,8,2,6,5,3,8,1,7,5,6,3,4,2]},"distEstPair":{"pairList":[[0,0],[5,8],[1,3],[1,8],[4,7],[4,5],[3,7],[5,7],[4,8],[3,5],[1,5],[1,2],[3,4],[1,7],[2,8],[2,5],[5,6],[7,8],[6,7],[4,6],[3,8],[2,7],[2,6],[2,4],[2,3],[6,8],[3,6],[1,4],[1,6],[6,5],[7,1],[7,4],[6,4],[7,5],[6,1],[7,3],[6,2],[6,3],[8,2],[5,2],[8,5],[8,4],[5,4],[4,2],[8,6],[7,2],[5,1],[3,1],[8,3],[7,6],[2,1],[8,1],[5,3],[3,2],[4,3],[8,7],[4,1]]},"distEst2AFC":{"triplet":[[0,0,0],[7,1,6],[1,7,5],[6,5,7],[3,2,5],[1,5,7],[2,1,3],[7,6,1],[2,4,6],[4,1,6],[4,7,2],[2,3,1],[5,3,1],[6,7,5],[8,6,4],[1,5,7],[7,6,1],[5,3,1],[6,7,5],[6,3,8],[7,1,6],[2,3,1],[2,6,1],[5,1,3],[3,5,2],[6,5,7],[1,7,5],[3,2,5],[2,1,3],[5,1,3],[3,5,2],[6,8,2],[8,2,6]]}}