{"objLoc":[[0,0,0],[0,0.95,232],[0.9,0.95,138],[0.9,0.05,239],[0.7,0.75,59],[0,0.05,347],[-0.9,0.05,125],[-0.9,0.95,358],[-0.7,0.25,85]],"objIdentity":[0,8,3,2,5,4,1,6,7],"familiarise":{"path":[[0,0.5,71],[0.5,0.9,358],[0.9,0.1,85],[-0.9,0.2,87],[-0.7,0.7,227],[0.5,0.5,265],[0,0.2,248],[-0.2,0.8,12],[-0.5,0.1,325],[0.7,0.4,104],[0.9,0.9,201],[-0.5,0.5,136],[0.5,0.9,10],[0.5,0.1,178],[-0.6,0.8,301]]},"objlocLearn":{"learnOrder":[0,8,6,1,4,3,2,7,5],"startLoc":[[0,0,0],[0.5,0.5,60],[0.1,0.5,190],[0.1,0.1,10],[-0.5,0.5,50],[0.5,0.9,240],[-0.1,0.5,180],[-0.5,0.1,0],[-0.1,0.9,300]]},"objlocTestRun1":{"startLoc":[[0,0,0],[0.27151617971883329,0.062254271313356146,308],[0.292124194536524,0.72965137238862521,63],[-0.36383943342060537,0.84462123935786948,105],[0.36383943342060537,0.15537876064213049,283],[-0.44812300584525316,0.46748044410668471,308],[-0.27151617971883329,0.93774572868664385,101],[0.44812300584525316,0.53251955589331534,112],[-0.292124194536524,0.27034862761137479,116],[-0.36737461304443436,0.66790692193922707,22],[-0.37610531346580184,0.75912725174772688,351],[0.37610531346580184,0.24087274825227312,278],[0.5823262354340526,0.12885665323610263,122],[0.36737461304443436,0.332093078060773,9],[0.835222210794379,0.57449770121266308,224],[-0.835222210794379,0.42550229878733692,234],[-0.5823262354340526,0.87114334676389737,136],[-0.35964641271137227,0.33407825315008816,14],[0.35964641271137227,0.6659217468499119,311],[0.071180101814236,0.2122811125827504,18],[0.93689595417520577,0.94092305048716718,155],[-0.44214298017972714,0.38650467084577511,360],[0.44214298017972714,0.61349532915422489,250],[-0.071180101814236,0.7877188874172496,189],[-0.93689595417520577,0.059076949512832821,232],[-0.69360711083276372,0.80445359435724006,50],[-0.35053294768938786,0.65836955857490342,235],[0.69360711083276372,0.19554640564275994,196],[-0.60605427983434,0.80313719687649332,348],[0.60605427983434,0.19686280312350662,159],[-0.583357212314799,0.58103548300394081,89],[0.583357212314799,0.41896451699605913,11],[0.35053294768938786,0.34163044142509652,263],[0.022692382634085753,0.18644566847742711,48],[-0.24986854308535317,0.326053993867767,120],[-0.022692382634085753,0.81355433152257284,24],[-0.904105937275743,0.75618826444655463,136],[0.24986854308535317,0.673946006132233,35],[-0.14594279838421692,0.38061501458776203,162],[0.14594279838421692,0.619384985412238,208],[0.904105937275743,0.24381173555344537,304],[-0.22987484110750039,0.13698454595116361,132],[-0.18327716837642777,0.82595580849246253,105],[-0.44677097998132259,0.35543035071620832,137],[0.22987484110750039,0.86301545404883639,247],[0.30235983834518892,0.68857002711196658,182],[0.18327716837642777,0.17404419150753753,307],[-0.30235983834518892,0.31142997288803348,274],[0.44677097998132259,0.64456964928379168,74],[-0.2619417383111326,0.90441139737698073,28],[-0.22420194527395715,0.50588267628155381,353],[-0.10984546764413221,0.24500148329102112,253],[0.2619417383111326,0.095588602623019284,41],[0.22420194527395715,0.49411732371844619,355],[-0.59730221171020292,0.22329075572595314,182],[0.10984546764413221,0.75499851670897888,19],[0.59730221171020292,0.77670924427404686,210],[-0.43808320675295881,0.9112215002734142,150],[0.83439588278748977,0.28115394372170066,142],[-0.83439588278748977,0.71884605627829934,7],[0.2561390296589548,0.90695219076371236,294],[-0.2561390296589548,0.09304780923628761,338],[-0.060114199249340319,0.88555658484308175,261],[0.060114199249340319,0.11444341515691826,45],[0.43808320675295881,0.0887784997265858,167]],"learnOrder":[0,7,5,8,4,2,3,6,1,6,5,1,8,2,3,7,4,4,8,6,3,1,5,2,7,7,6,3,5,1,8,4,2,4,3,8,1,7,6,2,5,4,6,1,8,7,2,3,5,7,6,4,3,2,5,8,1,4,2,6,5,1,7,3,8]},"distEstPair":{"pairList":[[0,0],[6,7],[3,7],[2,4],[4,7],[1,6],[2,5],[4,8],[5,7],[2,7],[2,3],[2,8],[1,8],[1,3],[1,5],[5,8],[3,4],[1,4],[3,8],[1,2],[1,7],[6,8],[3,6],[3,5],[4,6],[4,5],[7,8],[2,6],[5,6],[8,1],[2,1],[4,2],[5,2],[7,6],[8,7],[3,1],[7,2],[8,4],[6,4],[5,4],[8,6],[8,3],[6,3],[4,3],[8,2],[8,5],[7,5],[4,1],[7,1],[3,2],[6,2],[7,4],[6,1],[5,3],[6,5],[7,3],[5,1]]},"distEst2AFC":{"triplet":[[0,0,0],[3,2,5],[1,2,7],[5,6,3],[1,7,2],[4,2,7],[5,3,6],[7,6,1],[1,2,7],[7,1,6],[8,6,7],[2,4,5],[5,6,7],[2,3,4],[7,1,6],[3,5,2],[6,8,1],[3,5,2],[1,7,2],[6,2,8],[5,3,6],[4,1,7],[5,6,3],[3,2,5],[7,6,1]]}}