{"objLoc":[[0,0,0],[0,0.95,7],[0.9,0.95,321],[0.9,0.05,103],[0.7,0.75,108],[0,0.05,286],[-0.9,0.05,117],[-0.9,0.95,312],[-0.7,0.25,162]],"objIdentity":[0,3,4,2,5,7,1,8,6],"familiarise":{"path":[[0,0.5,122],[0.5,0.9,164],[0.9,0.1,68],[-0.9,0.2,148],[-0.7,0.7,48],[0.5,0.5,14],[0,0.2,30],[-0.2,0.8,77],[-0.5,0.1,197],[0.7,0.4,236],[0.9,0.9,212],[-0.5,0.5,207],[0.5,0.9,121],[0.5,0.1,138],[-0.6,0.8,145]]},"objlocLearn":{"learnOrder":[0,4,2,6,8,5,1,7,3],"startLoc":[[0,0,0],[-0.5,0.5,50],[-0.1,0.5,180],[0.1,0.5,190],[0.5,0.5,60],[-0.1,0.9,300],[0.1,0.1,10],[-0.5,0.1,0],[0.5,0.9,240]]},"objlocTestRun1":{"startLoc":[[0,0,0],[0.5167415366164827,0.30870711359071834,46],[-0.3083676977612147,0.063978578967699429,150],[0.92757325755264919,0.69315158045357506,248],[0.15056614628564485,0.85060431463462016,295],[-0.15056614628564485,0.14939568536537984,84],[-0.92757325755264919,0.30684841954642494,122],[-0.5167415366164827,0.69129288640928166,139],[0.3083676977612147,0.93602142103230057,179],[-0.20390692964418639,0.11297242563135546,353],[0.28819081060475121,0.90552995474278086,160],[-0.033629673844100053,0.29470917074680159,315],[-0.628862723151,0.28006923391309513,287],[-0.28819081060475121,0.094470045257219137,29],[0.628862723151,0.71993076608690487,349],[0.033629673844100053,0.70529082925319841,335],[0.20390692964418639,0.88702757436864454,32],[-0.28467611371877327,0.48621200604184511,190],[-0.79510125068596937,0.80169495779360012,1],[0.28467611371877327,0.51378799395815489,179],[-0.20258859773552046,0.22529082064745587,336],[0.20258859773552046,0.77470917935254413,235],[0.22270116520747579,0.0574201845788449,41],[0.79510125068596937,0.19830504220639994,194],[-0.22270116520747579,0.9425798154211551,106],[0.30819194996254556,0.86893973071125208,180],[-0.47315948825879278,0.543807568125438,229],[0.20399210957920394,0.82160109932783865,347],[-0.30819194996254556,0.13106026928874798,268],[-0.20399210957920394,0.17839890067216141,137],[0.47315948825879278,0.456192431874562,287],[0.14047094976472468,0.30052873024353394,123],[-0.14047094976472468,0.699471269756466,245],[0.36639283103730008,0.66192322274413884,118],[-0.773338799121766,0.89530282947634743,180],[-0.41985878943870619,0.79175004159021267,180],[0.41985878943870619,0.20824995840978733,160],[0.773338799121766,0.10469717052365252,131],[-0.1013109341437624,0.11000006475237464,38],[0.1013109341437624,0.88999993524762533,118],[-0.36639283103730008,0.33807677725586116,334],[0.46592105153798441,0.55661480149490528,185],[0.26391891461194178,0.9141388762088799,269],[-0.22654444940158031,0.69128153947326376,176],[0.77741477253510793,0.32546836997383927,33],[-0.46592105153798441,0.44338519850509478,5],[-0.77741477253510793,0.67453163002616079,325],[0.22654444940158031,0.30871846052673624,139],[-0.26391891461194178,0.08586112379112007,285],[-0.58235020128235715,0.70813049747481149,332],[-0.60399573893434755,0.081300028424408755,319],[0.20284850938419513,0.88378441157056542,39],[-0.20284850938419513,0.11621558842943458,149],[0.60399573893434755,0.91869997157559125,14],[0.58235020128235715,0.29186950252518845,28],[0.49335633637207815,0.577027003191829,329],[-0.49335633637207815,0.42297299680817096,305],[0.49110065489761884,0.71744576902579438,135],[-0.49110065489761884,0.28255423097420562,58],[0.24662180368012793,0.083437357626471975,126],[-0.18878434852143483,0.63235461730181364,357],[0.18878434852143483,0.36764538269818636,91],[-0.79209671010037219,0.69861660651579383,165],[0.79209671010037219,0.30138339348420617,126],[-0.24662180368012793,0.916562642373528,71]],"learnOrder":[0,1,3,4,2,6,8,5,7,8,1,6,7,5,3,2,4,3,5,7,4,8,6,1,2,5,8,6,1,2,4,3,7,1,6,4,8,2,3,7,5,8,7,2,1,4,5,6,3,7,1,2,6,5,3,8,4,7,3,5,6,2,8,4,1]},"distEstPair":{"pairList":[[0,0],[1,6],[5,7],[4,7],[3,4],[2,4],[6,7],[3,8],[4,6],[1,8],[5,8],[1,3],[1,4],[4,5],[5,6],[7,8],[4,8],[2,7],[2,6],[3,6],[3,5],[2,8],[1,7],[2,5],[1,2],[3,7],[2,3],[1,5],[6,8],[2,1],[7,4],[6,3],[4,1],[6,4],[8,7],[4,2],[5,4],[8,6],[7,5],[8,1],[4,3],[6,1],[8,5],[7,6],[7,3],[3,2],[5,3],[8,4],[8,2],[5,1],[6,2],[3,1],[8,3],[7,1],[5,2],[6,5],[7,2]]},"distEst2AFC":{"triplet":[[0,0,0],[5,6,7],[1,2,7],[6,8,1],[7,6,1],[5,3,6],[3,2,5],[8,6,7],[1,7,2],[3,5,2],[5,3,6],[4,2,7],[2,3,4],[1,2,7],[6,2,8],[7,1,6],[4,1,7],[7,6,1],[2,4,5],[5,6,3],[3,2,5],[7,1,6],[3,5,2],[1,7,2],[5,6,3]]}}