{"objLoc":[[0,0,0],[0.1,0.9,322],[0.9,0.9,120],[0.9,0.1,296],[0.7,0.7,16],[-0.1,0.1,39],[-0.9,0.1,215],[-0.9,0.9,191],[-0.7,0.3,151]],"objIdentity":[0,1,3,5,6,2,7,4,8],"familiarise":{"path":[[0,0.5,175],[0.48296291314453416,0.37059047744873963,225],[0.073386891000038257,0.65737869562426265,351],[-0.41901698550606575,0.74420278445772781,128],[-0.55683566341456536,0.26357193648856836,81],[-0.38582559175173103,0.73341824688152257,353],[-0.58919391328963111,0.27664551806022214,212],[-0.10623100014509695,0.40605504061148251,354],[-0.60554576752238387,0.43222301873295443,349],[-0.808914089060284,0.88899574755425492,254],[-0.7220900002268188,0.39659187104815091,7],[0.2391716957115001,0.67222922686515008,221],[0.45048082658184985,0.21907533334682511,90],[0.2876967493532715,0.69183462114648353,47],[-0.20614742094429739,0.613617388626368,132],[0.094760090631726746,0.21429963360272164,73]]},"objlocLearn":{"learnOrder":[0,3,6,8,4,5,1,2,7],"startLoc":[[0,0,0],[0.5,0.9,240],[0.1,0.5,190],[0.5,0.5,60],[-0.5,0.5,50],[-0.1,0.9,300],[0.1,0.1,10],[-0.1,0.5,180],[-0.5,0.1,0]]},"objlocTestRun1":{"startLoc":[[0,0,0],[0.27324628680036261,0.90595482074082179,291],[-0.27324628680036261,0.094045179259178185,129],[0.47067286391537361,0.189789722928839,231],[0.84151703238670028,0.086443053894089933,216],[0.27485880251983835,0.66222615233911963,85],[-0.27485880251983835,0.33777384766088037,213],[-0.47067286391537361,0.810210277071161,359],[-0.84151703238670028,0.91355694610591009,19],[0.0042082768383538555,0.48622045391413482,86],[0.1484915824100918,0.756075393204558,120],[-0.0042082768383538555,0.51377954608586518,289],[0.745835557760574,0.26985237106368687,160],[-0.745835557760574,0.73014762893631313,23],[-0.49755172470023085,0.84454228000643472,115],[-0.1484915824100918,0.24392460679544203,299],[0.49755172470023085,0.15545771999356528,266],[-0.60056308072462206,0.57272203476401051,101],[0.60056308072462206,0.42727796523598954,263],[-0.61150964627441318,0.3678535981928992,116],[0.3235504227320673,0.29350706754786193,55],[0.88242273060331411,0.6404250417030587,355],[-0.88242273060331411,0.3595749582969413,95],[0.61150964627441318,0.6321464018071008,220],[-0.3235504227320673,0.70649293245213807,331]],"learnOrder":[0,5,1,6,4,3,7,2,8,2,3,6,8,4,1,7,5,8,4,7,2,1,5,3,6]},"objlocTestRun2":{"startLoc":[[0,0,0],[-0.38596389702139516,0.10340237542820226,232],[0.58907766733486233,0.19093047307302002,154],[-0.15420835970395258,0.1584934043157924,143],[-0.4090470332505432,0.80732889638773564,18],[-0.58907766733486233,0.80906952692698,30],[0.38596389702139516,0.8965976245717977,163],[0.15420835970395258,0.8415065956842076,333],[0.4090470332505432,0.19267110361226436,85],[0.55653090465871047,0.27945008079181433,313],[-0.55653090465871047,0.72054991920818567,291],[-0.74623199458035738,0.30921672959153684,63],[-0.69242932137139079,0.81037319232132288,113],[0.69242932137139079,0.18962680767867718,155],[-0.13331757750833989,0.87325914031965346,310],[0.13331757750833989,0.12674085968034654,229],[0.74623199458035738,0.6907832704084631,297],[0.78080917307292363,0.46621032008373486,179],[-0.084192808431744967,0.15215867112912987,210],[0.084192808431744967,0.84784132887087016,164],[0.43785862896872679,0.45661581436015608,93],[-0.43785862896872679,0.54338418563984392,223],[-0.53775930203449307,0.46784050101552749,208],[0.53775930203449307,0.53215949898447246,313],[-0.78080917307292363,0.53378967991626514,333]],"learnOrder":[0,1,8,2,3,4,5,6,7,6,2,4,5,1,7,3,8,3,2,6,5,1,4,8,7]},"distEstPair":{"pairList":[[0,0],[6,7],[2,3],[8,3],[6,2],[8,5],[2,1],[2,4],[4,1],[6,8],[4,8],[1,3],[5,4],[8,1],[3,6],[8,6],[7,8],[1,2],[7,6],[1,5],[5,7],[6,4],[7,1],[5,6],[4,2],[3,2],[1,6],[5,2],[8,7],[4,3],[2,7],[7,3],[2,8],[6,5],[4,7],[5,8],[7,5],[3,5],[3,4],[3,1],[1,4]]},"distEstEgo":{"pairList":[[0,0],[7,6],[7,3],[1,2],[6,7],[2,1],[4,2],[3,2],[2,3],[5,6],[8,6],[6,5],[2,8]]},"distEst2AFC":{"triplet":[[0,0,0],[2,3,1],[8,7,5],[5,8,7],[4,3,1],[2,1,3],[8,5,7],[4,3,1],[2,1,3],[1,3,2],[8,7,5],[6,7,5],[1,4,3],[3,7,1],[2,3,1],[7,3,5],[7,8,2],[3,4,6],[8,5,7],[6,7,5],[5,7,6],[4,1,3],[6,5,7],[4,1,3],[6,5,7]]}}