{"objLoc":[[0,0,0],[0.1,0.9,165],[0.9,0.9,112],[0.9,0.1,84],[0.7,0.7,100],[-0.1,0.1,295],[-0.9,0.1,41],[-0.9,0.9,226],[-0.7,0.3,100]],"objIdentity":[0,4,6,7,2,1,3,5,8],"familiarise":{"path":[[0,0.5,163],[0.4987820251299121,0.46512176312793735,342],[0.0015210774457754539,0.41285753149411059,145],[-0.47663130053574226,0.2666716791327422,353],[-0.75622775227111572,0.681190465410263,209],[0.15731770537148515,0.27445382233446275,270],[0.51698760554081069,0.62178300756396143,83],[0.56925183717463745,0.12452205987982479,316],[-0.40511822761059779,0.34947311422368976,170],[0.070410030536978974,0.19496461703621606,189],[0.56972479791426589,0.16879663891474414,335],[-0.39620102837480242,0.42761568401726491,7],[0.574094697901194,0.18569378841759718,140],[0.4531337501013602,0.67084165155559539,5],[-0.54671394505503113,0.6882940579928789,116],[0.43143365567877456,0.8962057488106383,312]]},"objlocLearn":{"learnOrder":[0,2,6,3,4,5,7,1,8],"startLoc":[[0,0,0],[-0.1,0.5,180],[0.1,0.5,190],[0.5,0.9,240],[-0.5,0.5,50],[-0.1,0.9,300],[-0.5,0.1,0],[0.1,0.1,10],[0.5,0.5,60]]},"objlocTestRun1":{"startLoc":[[0,0,0],[0.48914280716736508,0.30293675384278357,174],[0.85451208763317865,0.254050989218074,193],[-0.11209633403506263,0.88685949263136155,182],[0.48955742118339746,0.22667096205925191,97],[0.11209633403506263,0.11314050736863845,350],[-0.85451208763317865,0.745949010781926,76],[-0.48955742118339746,0.773329037940748,295],[-0.48914280716736508,0.69706324615721638,70],[0.14492542228421107,0.621419558838994,150],[-0.41364138163246061,0.31961151419440581,39],[0.41364138163246061,0.68038848580559419,268],[0.88007499561433256,0.59910213633560427,310],[-0.88007499561433256,0.40089786366439573,11],[-0.14492542228421107,0.378580441161006,350],[-0.53551583277338333,0.790335872414927,307],[0.53551583277338333,0.20966412758507302,255],[0.16270263511503197,0.54207644423371493,22],[-0.46696147424493334,0.59495654573665846,98],[0.88722011086901453,0.88942237836894111,307],[0.41511372793217688,0.27724241862688359,325],[-0.88722011086901453,0.11057762163105889,3],[-0.16270263511503197,0.45792355576628507,200],[0.46696147424493334,0.40504345426334154,297],[-0.41511372793217688,0.72275758137311641,258]],"learnOrder":[0,3,4,2,1,6,8,5,7,1,7,3,4,8,5,2,6,2,4,3,5,7,6,8,1]},"objlocTestRun2":{"startLoc":[[0,0,0],[0.18768122441370844,0.74759600896023259,92],[-0.21718341604226482,0.65783635024946963,213],[0.21385426014049153,0.37891431567536465,106],[-0.18768122441370844,0.25240399103976741,106],[0.26704377361744996,0.81745733312982827,134],[-0.26704377361744996,0.18254266687017173,275],[-0.21385426014049153,0.62108568432463529,82],[0.21718341604226482,0.34216364975053037,211],[0.57480286423366311,0.53638327566841415,290],[0.007217000709218227,0.38628325754292492,332],[0.28488772962464254,0.80541098587492943,240],[-0.57480286423366311,0.46361672433158585,286],[-0.33425258772391037,0.554206857111845,41],[-0.007217000709218227,0.61371674245707508,184],[0.33425258772391037,0.44579314288815491,7],[-0.28488772962464254,0.19458901412507051,319],[0.57550450281269727,0.23797085318590683,167],[-0.38801234639888488,0.76623545554784767,222],[0.38801234639888488,0.23376454445215239,267],[-0.57550450281269727,0.76202914681409317,52],[0.1601370248140141,0.05874989244565898,109],[-0.13557846334843554,0.11911204808164888,236],[0.13557846334843554,0.88088795191835112,228],[-0.1601370248140141,0.941250107554341,112]],"learnOrder":[0,3,2,1,7,4,8,5,6,8,3,5,4,6,7,2,1,5,6,2,1,8,7,3,4]},"distEstPair":{"pairList":[[0,0],[2,3],[1,5],[1,6],[6,7],[5,7],[6,4],[1,2],[8,3],[5,8],[7,5],[2,7],[5,2],[6,8],[4,7],[5,4],[8,5],[4,2],[4,1],[2,8],[1,4],[3,6],[8,7],[7,6],[3,2],[7,1],[4,8],[7,3],[6,5],[8,1],[2,4],[1,3],[4,3],[8,6],[6,2],[3,1],[7,8],[3,5],[5,6],[2,1],[3,4]]},"distEstEgo":{"pairList":[[0,0],[3,2],[4,2],[7,6],[7,3],[1,2],[5,6],[6,5],[8,6],[2,1],[2,3],[6,7],[2,8]]},"distEst2AFC":{"triplet":[[0,0,0],[6,5,7],[2,1,3],[7,3,5],[6,7,5],[4,3,1],[8,7,5],[7,8,2],[2,3,1],[4,1,3],[8,5,7],[2,1,3],[4,3,1],[3,7,1],[4,1,3],[1,4,3],[5,8,7],[3,4,6],[6,5,7],[1,3,2],[5,7,6],[8,5,7],[2,3,1],[8,7,5],[6,7,5]]}}