{"objLoc":[[0,0,0],[0,0.95,36],[0.9,0.95,275],[0.9,0.05,89],[0.7,0.75,50],[0,0.05,120],[-0.9,0.05,30],[-0.9,0.95,242],[-0.7,0.25,291]],"objIdentity":[0,7,3,6,8,5,4,2,1],"familiarise":{"path":[[0,0.5,55],[0.5,0.9,192],[0.9,0.1,140],[-0.9,0.2,248],[-0.7,0.7,135],[0.5,0.5,341],[0,0.2,280],[-0.2,0.8,219],[-0.5,0.1,222],[0.7,0.4,232],[0.9,0.9,97],[-0.5,0.5,271],[0.5,0.9,104],[0.5,0.1,256],[-0.6,0.8,24]]},"objlocLearn":{"learnOrder":[0,7,5,4,6,2,3,1,8],"startLoc":[[0,0,0],[-0.5,0.1,0],[-0.1,0.9,300],[-0.5,0.5,50],[0.1,0.5,190],[-0.1,0.5,180],[0.5,0.9,240],[0.1,0.1,10],[0.5,0.5,60]]},"objlocTestRun1":{"startLoc":[[0,0,0],[-0.40102724343967816,0.91024949960332857,149],[0.33370034926410791,0.93509220294119855,171],[-0.40039207988395326,0.589147401138701,30],[-0.32827068528076303,0.10490662810154361,78],[-0.33370034926410791,0.064907797058801453,273],[0.32827068528076303,0.89509337189845639,72],[0.40039207988395326,0.41085259886129893,161],[0.40102724343967816,0.089750500396671429,121],[0.00911208974086368,0.72532522347217543,82],[-0.80458053308230559,0.05930950559922113,114],[0.046032687409253661,0.45402958130165921,54],[0.74662713004413028,0.36280195549145283,232],[0.80458053308230559,0.9406904944007789,190],[-0.00911208974086368,0.27467477652782463,70],[-0.74662713004413028,0.63719804450854722,353],[-0.046032687409253661,0.54597041869834073,56],[0.28790536299787289,0.28320244540965556,307],[0.63530585530274641,0.581457023625539,240],[0.93917916229009046,0.58949950738723444,84],[-0.28790536299787289,0.71679755459034444,269],[0.25016453315868542,0.21964387566941862,21],[-0.25016453315868542,0.78035612433058144,177],[-0.93917916229009046,0.41050049261276556,175],[-0.63530585530274641,0.41854297637446103,215],[0.26380168445690172,0.38233210911992666,34],[0.26322742767226587,0.80165237291238389,339],[-0.28825933337351267,0.93629936476315367,344],[-0.26322742767226587,0.19834762708761605,189],[-0.26380168445690172,0.61766789088007334,238],[-0.60849627474706391,0.37794056176947477,173],[0.60849627474706391,0.62205943823052523,180],[0.28825933337351267,0.063700635236846326,124],[0.69128978138198849,0.45522995086625312,282],[0.11359765516140356,0.26583213085823243,51],[-0.90103861627185244,0.570048385695909,345],[-0.47809935427333888,0.20024596095336844,303],[-0.69128978138198849,0.54477004913374683,33],[-0.11359765516140356,0.73416786914176757,155],[0.90103861627185244,0.429951614304091,38],[0.47809935427333888,0.79975403904663156,125],[0.10967971754192789,0.83252894728698856,251],[-0.8956025601214459,0.8279062009563134,151],[-0.558854175457961,0.30876929246374635,56],[-0.56202781608407637,0.520606301075749,268],[0.558854175457961,0.6912307075362536,165],[-0.10967971754192789,0.16747105271301144,47],[0.8956025601214459,0.1720937990436866,144],[0.56202781608407637,0.479393698924251,74],[0.26832273577421745,0.57559752910945872,215],[-0.40978151713528294,0.12114657447146315,339],[-0.43918138733106277,0.8395386952957492,153],[-0.26832273577421745,0.42440247089054128,290],[0.43918138733106277,0.1604613047042508,288],[-0.22520774127270754,0.8016686106637656,104],[0.22520774127270754,0.1983313893362344,217],[0.40978151713528294,0.87885342552853685,202],[0.44257465152323511,0.89910195028882789,124],[0.18968269776251651,0.36258855907825061,227],[0.82719240284093543,0.8926726179811324,132],[0.60164882375756279,0.34978612953527471,323],[-0.44257465152323511,0.10089804971117208,264],[-0.60164882375756279,0.65021387046472534,222],[-0.82719240284093543,0.1073273820188676,302],[-0.18968269776251651,0.63741144092174939,245]],"learnOrder":[0,5,4,7,6,8,2,3,1,7,1,2,4,5,3,8,6,7,2,1,3,4,8,5,6,7,6,4,2,3,1,5,8,1,6,7,8,5,2,3,4,6,5,3,8,7,2,1,4,4,5,2,8,6,3,7,1,8,6,1,3,4,7,5,2]},"distEstPair":{"pairList":[[0,0],[3,7],[5,7],[6,8],[4,5],[3,6],[1,7],[2,5],[1,6],[3,8],[5,8],[2,7],[5,6],[1,5],[4,8],[2,6],[2,4],[3,4],[7,8],[1,2],[1,4],[3,5],[2,3],[4,6],[1,3],[6,7],[2,8],[4,7],[1,8],[7,3],[7,4],[5,1],[3,1],[8,2],[7,2],[5,2],[6,5],[5,4],[8,5],[6,3],[4,2],[5,3],[8,4],[8,7],[6,1],[3,2],[4,1],[7,6],[8,1],[8,3],[7,1],[8,6],[7,5],[6,2],[6,4],[4,3],[2,1]]},"distEst2AFC":{"triplet":[[0,0,0],[3,5,2],[5,6,7],[5,6,3],[3,5,2],[1,7,2],[6,2,8],[4,1,7],[7,6,1],[4,2,7],[7,1,6],[1,7,2],[3,2,5],[5,3,6],[2,4,5],[1,2,7],[5,3,6],[1,2,7],[8,6,7],[6,8,1],[7,1,6],[2,3,4],[3,2,5],[7,6,1],[5,6,3]]}}