{"objLoc":[[0,0,0],[0,0.95,81],[0.9,0.95,189],[0.9,0.05,199],[0.7,0.75,17],[0,0.05,130],[-0.9,0.05,81],[-0.9,0.95,248],[-0.7,0.25,59]],"objIdentity":[0,1,4,6,7,8,3,5,2],"familiarise":{"path":[[0,0.5,251],[0.5,0.9,168],[0.9,0.1,78],[-0.9,0.2,161],[-0.7,0.7,44],[0.5,0.5,331],[0,0.2,204],[-0.2,0.8,170],[-0.5,0.1,114],[0.7,0.4,16],[0.9,0.9,271],[-0.5,0.5,196],[0.5,0.9,277],[0.5,0.1,285],[-0.6,0.8,26]]},"objlocLearn":{"learnOrder":[0,2,8,4,5,1,6,3,7],"startLoc":[[0,0,0],[-0.1,0.5,180],[0.5,0.5,60],[-0.5,0.5,50],[-0.1,0.9,300],[0.1,0.1,10],[0.1,0.5,190],[0.5,0.9,240],[-0.5,0.1,0]]},"objlocTestRun1":{"startLoc":[[0,0,0],[-0.58907432354882849,0.56241033830448228,22],[-0.29555137423181027,0.2101749653597067,69],[0.886399704765088,0.46000836981699511,144],[-0.92819002585566779,0.74416500196228874,266],[0.92819002585566779,0.25583499803771126,199],[0.58907432354882849,0.43758966169551766,87],[-0.886399704765088,0.53999163018300489,328],[0.29555137423181027,0.7898250346402933,10],[0.18919630176380214,0.68095433213292944,105],[-0.8696843396417564,0.90701770900559375,73],[-0.64073217865615462,0.30348157382085428,132],[0.8696843396417564,0.092982290994406275,319],[-0.60067041994881376,0.82432255662653375,248],[0.64073217865615462,0.69651842617914572,51],[0.60067041994881376,0.17567744337346625,68],[-0.18919630176380214,0.3190456678670705,15],[-0.62388412681192484,0.13114294700831974,69],[0.44228542169420776,0.65809980435325521,65],[-0.14821281659219804,0.64339315516022055,113],[0.16759723860237691,0.15057446843411593,226],[-0.44228542169420776,0.34190019564674479,259],[0.62388412681192484,0.86885705299168026,48],[0.14821281659219804,0.35660684483977939,195],[-0.16759723860237691,0.84942553156588407,301],[-0.50879057380877368,0.22877937822659422,131],[-0.43790766333796977,0.051785960941208513,202],[-0.50565968297746045,0.88851669411746748,189],[0.50879057380877368,0.77122062177340578,205],[0.43790766333796977,0.94821403905879154,326],[0.50565968297746045,0.11148330588253252,100],[0.051309818808896249,0.56028870668514219,181],[-0.051309818808896249,0.43971129331485781,1],[0.20145038795404518,0.8952945191855407,16],[0.42359597356956774,0.66434301514873662,114],[0.30355548960894979,0.569677054228977,214],[-0.30355548960894979,0.43032294577102304,10],[0.43416753075150677,0.070832512390376245,140],[-0.43416753075150677,0.92916748760962375,278],[-0.20145038795404518,0.1047054808144593,2],[-0.42359597356956774,0.33565698485126338,300],[-0.54068494126541311,0.37076667535588659,268],[-0.56109409218865025,0.84843903001838561,264],[0.56109409218865025,0.15156096998161439,282],[-0.32337308997779018,0.39988526763174725,333],[-0.27229142368846931,0.63876845150515438,209],[0.27229142368846931,0.36123154849484562,55],[0.32337308997779018,0.60011473236825275,257],[0.54068494126541311,0.62923332464411341,130],[-0.57159099887439535,0.6991873060754783,324],[0.915040101401829,0.39488875736448725,303],[-0.28724471162606985,0.10698997109510866,254],[0.57159099887439535,0.3008126939245217,46],[-0.915040101401829,0.60511124263551275,137],[-0.30575371164383242,0.49364347639552641,144],[0.28724471162606985,0.89301002890489134,310],[0.30575371164383242,0.50635652360447359,328],[0.20165208728261935,0.64473313719396219,178],[-0.5122297632159396,0.7181165624592647,200],[0.5122297632159396,0.2818834375407353,16],[-0.7767718800213772,0.55669296988928285,61],[-0.20165208728261935,0.35526686280603775,233],[0.7767718800213772,0.44330703011071709,168],[-0.25644918440019432,0.85258287364081708,25],[0.25644918440019432,0.14741712635918292,38],[0.16007539595028425,0.42809319913078131,37],[0.82319582283606207,0.68559552359812193,118],[-0.857281359593778,0.919911637106725,214],[-0.82319582283606207,0.31440447640187807,291],[-0.17623049697535237,0.57462391801985346,267],[-0.16007539595028425,0.57190680086921875,120],[0.857281359593778,0.080088362893275,27],[0.17623049697535237,0.42537608198014654,26],[-0.39758038117023803,0.07515902668696739,58],[0.45736898982719393,0.83332475759812,210],[0.44244040158858017,0.78821023872563423,108],[-0.76568296384779366,0.81225209135377352,226],[0.76568296384779366,0.18774790864622648,28],[-0.45736898982719393,0.16667524240188003,234],[0.39758038117023803,0.92484097331303261,101],[-0.44244040158858017,0.21178976127436572,54]],"learnOrder":[0,6,8,3,1,5,2,7,4,7,6,4,2,5,8,1,3,7,2,5,4,6,3,1,8,1,4,7,5,8,3,2,6,3,2,8,4,5,1,7,6,1,6,2,8,3,7,4,5,2,5,7,6,1,8,3,4,6,1,5,7,2,3,8,4,1,3,8,7,2,5,4,6,5,2,7,4,8,6,1,3]},"distEstPair":{"pairList":[[0,0],[3,4],[4,6],[1,6],[3,7],[2,6],[1,4],[5,8],[4,5],[6,8],[4,8],[4,7],[6,7],[3,6],[2,7],[1,5],[3,5],[2,5],[2,3],[7,8],[3,8],[5,6],[1,8],[1,3],[2,4],[1,7],[1,2],[2,8],[5,7],[8,2],[6,4],[2,1],[7,4],[7,2],[5,2],[3,1],[7,6],[7,5],[8,1],[7,1],[8,6],[8,3],[5,4],[6,5],[8,7],[4,2],[8,5],[5,3],[4,3],[6,3],[5,1],[6,1],[6,2],[7,3],[3,2],[4,1],[8,4]]},"distEst2AFC":{"triplet":[[0,0,0],[2,4,5],[1,7,2],[7,6,1],[5,3,6],[6,8,1],[8,6,7],[7,6,1],[3,2,5],[7,1,6],[4,2,7],[1,2,7],[3,5,2],[4,1,7],[5,6,3],[1,7,2],[3,2,5],[2,3,4],[7,1,6],[3,5,2],[1,2,7],[5,6,3],[6,2,8],[5,6,7],[5,3,6]]}}