{"objLoc":[[0,0,0],[0.1,0.9,199],[0.9,0.9,255],[0.9,0.1,105],[0.7,0.7,184],[-0.1,0.1,322],[-0.9,0.1,323],[-0.9,0.9,46],[-0.7,0.3,75]],"objIdentity":[0,3,1,6,2,4,8,5,7],"familiarise":{"path":[[0,0.5,283],[-0.46359192728339371,0.312696703292044,350],[-0.896604629175613,0.562696703292044,307],[0.030579225391174414,0.188090109876132,196],[0.859616797946216,0.74728301334687885,33],[-0.0739636285509857,0.38891506380157859,176],[-0.21178230645948529,0.869545911770738,335],[0.431005303227054,0.10350146865176002,284],[-0.049625544742105454,0.2413201465602596,175],[0.096560307619262931,0.71947252454177735,164],[-0.794446216569105,0.26548202480223054,79],[-0.77699646821785451,0.76517743831177842,64],[-0.29884409023633679,0.61899158595041,27],[0.56718131354810186,0.11899158595041004,322],[-0.10194929281075638,0.86213641142780428,231],[-0.17153584329078908,0.3670023770570191,52]]},"objlocLearn":{"learnOrder":[0,2,3,7,1,6,5,8,4],"startLoc":[[0,0,0],[-0.1,0.5,180],[0.5,0.9,240],[-0.5,0.1,0],[0.1,0.1,10],[0.1,0.5,190],[-0.1,0.9,300],[0.5,0.5,60],[-0.5,0.5,50]]},"objlocTestRun1":{"startLoc":[[0,0,0],[0.86725407150302281,0.4419685005576735,281],[-0.29812165765527326,0.90367488226395931,41],[0.37043052676766414,0.80727765712803334,183],[-0.86725407150302281,0.55803149944232655,314],[-0.37043052676766414,0.19272234287196666,334],[-0.3777389969228046,0.51575266240355311,80],[0.3777389969228046,0.48424733759644689,91],[0.29812165765527326,0.096325117736040688,326],[0.40460544710584762,0.19968090409115624,125],[0.38097238003591832,0.80650497693761336,21],[-0.38097238003591832,0.19349502306238664,258],[0.81674824033342652,0.89804166095932914,150],[0.43158894961874766,0.37319677237714227,265],[-0.40460544710584762,0.80031909590884376,172],[-0.81674824033342652,0.10195833904067081,181],[-0.43158894961874766,0.62680322762285767,151],[0.66177740445104249,0.33318769888759758,105],[0.46120081974429467,0.32421778965355286,325],[-0.43071052783137581,0.82447958823578571,241],[-0.79254506428464089,0.913736468527899,284],[0.79254506428464089,0.086263531472100974,323],[0.43071052783137581,0.17552041176421429,91],[-0.66177740445104249,0.66681230111240242,332],[-0.46120081974429467,0.67578221034644714,311],[0.031890295102165969,0.19063618130414617,183],[-0.031890295102165969,0.80936381869585383,205],[0.3537436810568782,0.57237551898534988,42],[-0.419340265990973,0.437733519816614,275],[0.62693626594944407,0.71568943454397638,63],[-0.62693626594944407,0.28431056545602368,193],[0.419340265990973,0.562266480183386,46],[-0.3537436810568782,0.42762448101465006,27],[-0.074948350502866926,0.86398986649404774,220],[0.36475727255840112,0.85601329532778525,177],[0.074948350502866926,0.1360101335059522,243],[-0.71670287399420252,0.8116338122859712,285],[0.90810957834827088,0.5024759429069775,354],[-0.90810957834827088,0.4975240570930225,31],[0.71670287399420252,0.18836618771402874,228],[-0.36475727255840112,0.14398670467221475,208],[0.30269187952569693,0.89179412180874507,235],[0.64013306355586863,0.53126138331618888,196],[-0.62510204910197809,0.8833659833480032,201],[-0.72223710147369946,0.23093211270127645,313],[0.62510204910197809,0.11663401665199677,163],[-0.30269187952569693,0.10820587819125493,193],[0.72223710147369946,0.76906788729872355,249],[-0.64013306355586863,0.46873861668381112,33],[0.69182737188022325,0.31178520124652842,156],[-0.52243884857775491,0.74224736098130584,37],[-0.040060640786107535,0.10605153236519832,50],[-0.89608616444816325,0.61906731502688561,1],[-0.69182737188022325,0.68821479875347158,76],[0.040060640786107535,0.89394846763480174,78],[0.52243884857775491,0.25775263901869416,186],[0.89608616444816325,0.38093268497311439,206],[0.88405736710209482,0.72592457658654141,297],[0.4580565721591689,0.19223028923134461,176],[-0.62293932270069963,0.0812946662654761,321],[-0.73005871906670072,0.548770839158337,143],[-0.88405736710209482,0.27407542341345859,269],[-0.4580565721591689,0.80776971076865545,199],[0.62293932270069963,0.9187053337345239,225],[0.73005871906670072,0.45122916084166292,98]],"learnOrder":[0,1,4,2,5,6,7,3,8,7,4,8,5,2,3,1,6,3,4,6,1,5,2,7,8,4,8,6,3,5,1,7,2,7,1,3,6,4,8,2,5,5,3,8,6,4,1,2,7,1,7,4,6,5,8,3,2,3,1,6,8,7,5,2,4]},"distEstPair":{"pairList":[[0,0],[2,4],[5,6],[1,7],[3,7],[5,7],[4,8],[1,4],[5,8],[1,8],[3,5],[4,5],[7,8],[1,5],[6,8],[2,8],[3,8],[2,6],[3,6],[6,7],[2,7],[2,3],[2,5],[1,3],[1,2],[3,4],[4,7],[4,6],[1,6],[3,1],[8,6],[6,5],[8,4],[7,2],[5,1],[6,1],[7,6],[8,1],[6,2],[6,3],[8,3],[3,2],[6,4],[5,3],[2,1],[4,3],[7,3],[5,4],[7,4],[7,1],[7,5],[8,2],[4,2],[8,7],[8,5],[5,2],[4,1]]},"distEst2AFC":{"triplet":[[0,0,0],[4,1,6],[5,3,6],[6,8,2],[8,6,4],[5,6,3],[3,5,2],[4,7,2],[2,1,3],[7,1,6],[2,4,6],[6,5,7],[2,3,1],[5,1,3],[2,1,3],[6,5,7],[5,3,4],[2,6,1],[1,5,7],[5,3,4],[5,3,1],[2,3,1],[7,1,6],[5,3,1],[5,4,3],[1,7,5],[6,7,5],[6,3,8],[3,5,2],[1,7,5],[5,3,6],[3,2,5],[5,6,3],[1,5,7],[5,4,3],[7,6,1],[5,1,3],[6,7,5],[8,2,6],[3,2,5],[7,6,1]]}}