{"objLoc":[[0,0,0],[0.1,0.9,42],[0.9,0.9,220],[0.9,0.1,49],[0.7,0.7,87],[-0.1,0.1,118],[-0.9,0.1,310],[-0.9,0.9,240],[-0.7,0.3,195]],"objIdentity":[0,1,6,8,5,3,2,4,7],"familiarise":{"path":[[0,0.5,77],[0.39931775502364641,0.19909248842397587,287],[0.35573988364981735,0.69718983746984864,127],[-0.1248909643193421,0.55937115956134909,181],[0.87449986269975366,0.52447166285884816,254],[-0.091425963589314652,0.26565261775632742,62],[0.063082533598159046,0.74118087590390425,217],[-0.38631448955142444,0.52199530250936554,58],[-0.7636692796628104,0.19396578801411191,298],[-0.044329479324159204,0.88862415847310916,120],[-0.11391602980419192,0.393490124102324,197],[-0.60776020010176079,0.31527289158220856,300],[0.27518739275716619,0.78474445436809936,349],[0.72069065485135009,0.557749204498326,118],[0.24005980688219064,0.69556788240682554,32],[-0.17927547709052138,0.423248364899312,347]]},"objlocLearn":{"learnOrder":[0,7,5,4,6,3,8,2,1],"startLoc":[[0,0,0],[-0.5,0.1,0],[-0.1,0.9,300],[-0.5,0.5,50],[0.1,0.5,190],[0.5,0.9,240],[0.5,0.5,60],[-0.1,0.5,180],[0.1,0.1,10]]},"objlocTestRun1":{"startLoc":[[0,0,0],[-0.14659710191530556,0.33637807722632618,24],[0.15418484463530796,0.27677610396337987,19],[-0.77502460055817557,0.58331431880740259,177],[-0.36589515522230748,0.63073863338304892,291],[0.36589515522230748,0.36926136661695114,353],[0.14659710191530556,0.66362192277367382,210],[0.77502460055817557,0.41668568119259747,34],[-0.15418484463530796,0.72322389603662018,126],[0.62041961644683563,0.90844874806228626,340],[0.71745918536550568,0.53524146729515709,237],[-0.71745918536550568,0.46475853270484291,157],[0.44807331897025066,0.91038807069225613,347],[-0.44807331897025066,0.089611929307743865,272],[-0.12014766688906069,0.61120884160904276,60],[-0.62041961644683563,0.091551251937713712,52],[0.12014766688906069,0.38879115839095724,236],[0.32909956045291339,0.62978501631875683,353],[0.33385305583537722,0.92067248864834461,292],[-0.048437238017333975,0.46019635186200369,258],[0.75395964692951711,0.55170368044197049,278],[-0.33385305583537722,0.0793275113516554,59],[-0.32909956045291339,0.37021498368124311,176],[-0.75395964692951711,0.44829631955802951,221],[0.048437238017333975,0.53980364813799631,69]],"learnOrder":[0,6,3,8,5,1,2,4,7,5,2,6,7,3,4,1,8,5,8,6,3,4,1,7,2]},"objlocTestRun2":{"startLoc":[[0,0,0],[-0.031196057780826972,0.15228287642870897,20],[0.38572048250442309,0.69328001293213237,95],[0.637607395103082,0.44932856104693575,320],[-0.637607395103082,0.55067143895306425,15],[-0.03916430082558979,0.64308031232259544,104],[-0.38572048250442309,0.30671998706786763,34],[0.03916430082558979,0.35691968767740456,246],[0.031196057780826972,0.847717123571291,91],[-0.10253890241093581,0.43256223706680114,179],[-0.17063064272363809,0.787569626214245,107],[-0.070385317910766035,0.075371273989626952,318],[0.17063064272363809,0.21243037378575502,260],[-0.78670979767488236,0.31680105066643471,72],[0.10253890241093581,0.56743776293319881,224],[0.070385317910766035,0.924628726010373,49],[0.78670979767488236,0.68319894933356529,108],[0.060054371556424083,0.65072388622574084,132],[0.54997002503434844,0.9427084092392336,148],[-0.060054371556424083,0.34927611377425916,337],[-0.63121230828962749,0.4152371075240634,19],[-0.54997002503434844,0.0572915907607664,292],[-0.563496041938808,0.636943763527664,226],[0.63121230828962749,0.5847628924759366,295],[0.563496041938808,0.363056236472336,95]],"learnOrder":[0,6,3,8,4,1,7,5,2,3,2,8,6,1,7,4,5,4,3,8,6,7,1,2,5]},"distEstPair":{"pairList":[[0,0],[3,1],[4,2],[4,7],[6,5],[8,1],[7,8],[5,7],[8,7],[5,2],[4,1],[4,8],[5,6],[1,4],[7,6],[7,5],[3,4],[5,4],[8,3],[1,3],[6,7],[6,4],[4,3],[3,6],[2,8],[2,4],[8,5],[3,2],[5,8],[1,5],[1,6],[3,5],[2,1],[6,2],[2,7],[7,3],[1,2],[6,8],[2,3],[8,6],[7,1]]},"distEstEgo":{"pairList":[[0,0],[7,6],[2,3],[6,7],[1,2],[7,3],[2,8],[2,1],[5,6],[3,2],[4,2],[6,5],[8,6]]},"distEst2AFC":{"triplet":[[0,0,0],[8,5,7],[1,4,3],[3,4,6],[6,7,5],[5,7,6],[2,1,3],[5,8,7],[3,7,1],[8,5,7],[4,3,1],[2,3,1],[8,7,5],[6,5,7],[1,3,2],[7,8,2],[2,3,1],[6,7,5],[4,1,3],[2,1,3],[7,3,5],[8,7,5],[4,3,1],[6,5,7],[4,1,3]]}}