{"objLoc":[[0,0,0],[0,0.95,139],[0.9,0.95,310],[0.9,0.05,340],[0.7,0.75,254],[0,0.05,229],[-0.9,0.05,219],[-0.9,0.95,73],[-0.7,0.25,140]],"objIdentity":[0,2,1,3,4,5,7,8,6],"familiarise":{"path":[[0,0.5,170],[0.5,0.9,248],[0.9,0.1,182],[-0.9,0.2,297],[-0.7,0.7,346],[0.5,0.5,309],[0,0.2,112],[-0.2,0.8,198],[-0.5,0.1,236],[0.7,0.4,343],[0.9,0.9,351],[-0.5,0.5,162],[0.5,0.9,288],[0.5,0.1,263],[-0.6,0.8,32]]},"objlocLearn":{"learnOrder":[0,8,4,5,6,3,7,1,2],"startLoc":[[0,0,0],[0.5,0.5,60],[-0.5,0.5,50],[-0.1,0.9,300],[0.1,0.5,190],[0.5,0.9,240],[-0.5,0.1,0],[0.1,0.1,10],[-0.1,0.5,180]]},"objlocTestRun1":{"startLoc":[[0,0,0],[0.47486741183776809,0.55231411705581346,161],[-0.26577468260699183,0.83611958181239177,70],[-0.079669275110410151,0.074437246566724666,247],[0.26577468260699183,0.16388041818760823,70],[0.079669275110410151,0.92556275343327532,218],[-0.59987047490399081,0.4487300239121389,35],[-0.47486741183776809,0.44768588294418649,324],[0.59987047490399081,0.5512699760878611,3],[0.67475970728141133,0.25009645210987957,188],[0.19240902356493134,0.3465118015572658,317],[-0.049940978820707874,0.53989560618820676,120],[-0.19240902356493134,0.6534881984427342,140],[0.18695880334451992,0.16447368440883695,127],[-0.18695880334451992,0.83552631559116308,69],[0.049940978820707874,0.46010439381179319,69],[-0.67475970728141133,0.74990354789012037,143],[-0.26937372898011697,0.46042652245741189,349],[0.59250558804912568,0.24609085016519233,10],[0.28179945187367478,0.42554629603161487,26],[-0.2859887399085867,0.095353238878459257,70],[0.26937372898011697,0.53957347754258811,200],[-0.28179945187367478,0.57445370396838513,237],[0.2859887399085867,0.90464676112154074,18],[-0.59250558804912568,0.75390914983480761,60],[-0.33618395420539321,0.49090806375306129,349],[-0.39760159485892538,0.6703945359400133,202],[0.77819065042162394,0.84094894616470828,181],[0.33618395420539321,0.50909193624693871,304],[-0.77819065042162394,0.15905105383529172,80],[-0.88843019009905766,0.24087253763921113,240],[0.39760159485892538,0.3296054640599867,306],[0.88843019009905766,0.75912746236078887,2],[0.93479712964115347,0.3415926883821595,327],[-0.797695858125157,0.42862055077163419,91],[-0.93479712964115347,0.6584073116178405,127],[0.47627652562169326,0.81741911937084688,267],[0.21991741876908816,0.42499065750507159,283],[0.797695858125157,0.57137944922836581,49],[-0.47627652562169326,0.18258088062915317,336],[-0.21991741876908816,0.57500934249492841,219],[0.18669203005630503,0.51913614715798473,9],[-0.17546060589831486,0.85353523574804846,153],[-0.32328926000208796,0.3704009907311937,346],[-0.46677034987915594,0.92058630488006632,92],[0.46677034987915594,0.079413695119933667,161],[-0.18669203005630503,0.48086385284201522,224],[0.32328926000208796,0.6295990092688063,73],[0.17546060589831486,0.14646476425195154,245],[-0.15636102353610598,0.31533159783763065,338],[-0.30876667386181439,0.59787624839210329,265],[0.30876667386181439,0.40212375160789671,228],[-0.501056172271594,0.23961042676615729,357],[0.030583944821796341,0.31777645636264834,277],[0.501056172271594,0.76038957323384271,260],[0.15636102353610598,0.68466840216236935,263],[-0.030583944821796341,0.6822235436373516,340],[-0.43471355133182826,0.37758322863446603,89],[-0.081354435546510742,0.18533668528906011,192],[0.13206402222024821,0.37695719602436639,199],[0.081354435546510742,0.81466331471093989,92],[-0.13206402222024821,0.62304280397563361,339],[0.27331135852478022,0.48142731301557551,150],[0.43471355133182826,0.622416771365534,110],[-0.27331135852478022,0.51857268698442449,278]],"learnOrder":[0,6,4,3,8,7,1,2,5,4,2,7,6,1,5,3,8,7,1,2,8,3,6,4,5,8,2,5,4,1,7,6,3,1,6,5,8,3,2,4,7,5,4,6,7,3,1,2,8,1,6,2,4,3,8,5,7,6,7,1,3,5,8,2,4]},"distEstPair":{"pairList":[[0,0],[3,4],[1,4],[2,8],[4,5],[3,5],[1,2],[5,7],[7,8],[4,8],[3,6],[3,8],[5,6],[6,7],[1,7],[4,7],[6,8],[1,6],[2,7],[2,6],[5,8],[4,6],[2,4],[2,5],[1,8],[2,3],[1,5],[1,3],[3,7],[4,2],[4,3],[6,1],[5,2],[8,5],[8,3],[4,1],[8,4],[3,2],[5,4],[7,5],[7,3],[3,1],[2,1],[6,2],[7,2],[5,1],[8,1],[8,7],[6,3],[5,3],[7,1],[7,4],[8,6],[7,6],[6,4],[6,5],[8,2]]},"distEst2AFC":{"triplet":[[0,0,0],[5,3,6],[1,2,7],[3,5,2],[5,6,3],[3,5,2],[2,4,5],[5,3,6],[4,1,7],[4,2,7],[7,1,6],[6,8,1],[1,7,2],[3,2,5],[5,6,3],[1,2,7],[5,6,7],[6,2,8],[7,1,6],[2,3,4],[7,6,1],[3,2,5],[8,6,7],[7,6,1],[1,7,2]]}}