{"objLoc":[[0,0,0],[0,0.95,147],[0.9,0.95,20],[0.9,0.05,284],[0.7,0.75,104],[0,0.05,163],[-0.9,0.05,110],[-0.9,0.95,190],[-0.7,0.25,225]],"objIdentity":[0,7,4,2,6,1,5,8,3],"familiarise":{"path":[[0,0.5,162],[0.5,0.9,43],[0.9,0.1,301],[-0.9,0.2,73],[-0.7,0.7,63],[0.5,0.5,162],[0,0.2,242],[-0.2,0.8,345],[-0.5,0.1,300],[0.7,0.4,183],[0.9,0.9,227],[-0.5,0.5,301],[0.5,0.9,162],[0.5,0.1,275],[-0.6,0.8,230]]},"objlocLearn":{"learnOrder":[0,2,5,7,4,1,8,3,6],"startLoc":[[0,0,0],[-0.1,0.5,180],[-0.1,0.9,300],[-0.5,0.1,0],[-0.5,0.5,50],[0.1,0.1,10],[0.5,0.5,60],[0.5,0.9,240],[0.1,0.5,190]]},"objlocTestRun1":{"startLoc":[[0,0,0],[0.49392740764222937,0.917010632503775,32],[0.20647968630408048,0.58264634447761032,255],[0.082651125875788642,0.2769274822608695,147],[-0.49392740764222937,0.082989367496225042,208],[-0.61527101208523249,0.588473233246263,88],[0.61527101208523249,0.411526766753737,93],[-0.20647968630408048,0.41735365552238968,109],[-0.082651125875788642,0.7230725177391305,4],[0.48004745267165388,0.26395247913234809,81],[0.01896310595478852,0.35666973376342626,143],[-0.01896310595478852,0.64333026623657374,30],[-0.60979529895155737,0.68276990144135585,12],[-0.30119954884035222,0.60479039235566345,291],[0.30119954884035222,0.3952096076443366,126],[-0.48004745267165388,0.73604752086765191,2],[0.60979529895155737,0.31723009855864415,319],[0.081852947736931678,0.90625912278488907,124],[-0.41802431060832651,0.92204238325092147,148],[0.41802431060832651,0.077957616749078515,356],[0.58442864273652417,0.923339686141309,112],[-0.58442864273652417,0.076660313858690987,297],[0.69640559480829767,0.49385223124549432,204],[-0.69640559480829767,0.50614776875450573,205],[-0.081852947736931678,0.093740877215110929,77],[-0.15736808299364918,0.3220901640308903,146],[0.41060575637019608,0.78687793471216894,249],[-0.41060575637019608,0.21312206528783106,223],[0.55049378751560418,0.60870297282477115,328],[-0.46246019772695085,0.8789842783420112,12],[0.15736808299364918,0.6779098359691097,73],[-0.55049378751560418,0.39129702717522885,161],[0.46246019772695085,0.1210157216579888,359],[0.47752514171915389,0.47141826734128711,4],[-0.31672771001545613,0.48231995244502035,12],[-0.45882158326339134,0.39372078736848137,234],[-0.47752514171915389,0.52858173265871289,306],[0.45882158326339134,0.60627921263151863,244],[-0.77872158884890186,0.079971806108232735,166],[0.31672771001545613,0.51768004755497965,64],[0.77872158884890186,0.92002819389176727,169],[-0.18046128917006449,0.72088809340576454,95],[-0.39975668329253394,0.6896918803053268,298],[0.25354126233411106,0.43583616918121076,259],[0.18046128917006449,0.27911190659423546,262],[-0.63788611053411781,0.093990767348683835,166],[0.39975668329253394,0.3103081196946732,266],[-0.25354126233411106,0.56416383081878929,274],[0.63788611053411781,0.90600923265131617,61],[-0.75076714885332563,0.939126075292596,139],[0.012018505588395303,0.22504854355726622,212],[0.75076714885332563,0.060873924707404041,237],[0.23501808670773111,0.5003083222461604,196],[-0.536189399918507,0.46513817160733867,163],[0.536189399918507,0.53486182839266139,191],[-0.23501808670773111,0.4996916777538396,45],[-0.012018505588395303,0.77495145644273378,115],[-0.81767496774423443,0.88321610335803347,297],[-0.80960126124103038,0.58628043144684527,73],[-0.46691128854924296,0.82965004594042391,182],[-0.11926558708198891,0.43134136946295548,133],[0.11926558708198891,0.56865863053704446,306],[0.46691128854924296,0.17034995405957609,29],[0.80960126124103038,0.41371956855315467,8],[0.81767496774423443,0.11678389664196653,300]],"learnOrder":[0,5,6,8,1,7,3,2,4,8,2,6,1,7,3,4,5,6,5,1,4,8,3,7,2,5,7,3,4,2,1,8,6,2,7,4,6,8,5,3,1,8,3,2,4,5,7,6,1,6,1,2,8,3,7,4,5,1,7,6,4,8,2,3,5]},"distEstPair":{"pairList":[[0,0],[4,6],[5,8],[1,7],[2,3],[4,5],[2,7],[4,8],[5,6],[4,7],[1,8],[3,7],[5,7],[2,6],[6,7],[3,8],[1,2],[1,6],[3,6],[3,4],[7,8],[1,5],[3,5],[2,4],[6,8],[1,4],[1,3],[2,8],[2,5],[8,5],[7,4],[6,4],[3,2],[4,2],[2,1],[7,5],[8,1],[6,5],[5,1],[4,1],[5,4],[3,1],[7,3],[8,4],[5,3],[6,3],[5,2],[8,7],[4,3],[6,2],[6,1],[8,6],[8,2],[7,1],[7,2],[7,6],[8,3]]},"distEst2AFC":{"triplet":[[0,0,0],[2,4,5],[8,6,7],[1,2,7],[2,3,4],[7,6,1],[5,3,6],[3,5,2],[7,1,6],[5,3,6],[4,1,7],[1,2,7],[5,6,3],[6,8,1],[6,2,8],[5,6,3],[3,2,5],[5,6,7],[7,6,1],[4,2,7],[3,2,5],[7,1,6],[1,7,2],[3,5,2],[1,7,2]]}}