{"objLoc":[[0,0,0],[0.1,0.9,349],[0.9,0.9,198],[0.9,0.1,351],[0.7,0.7,258],[-0.1,0.1,252],[-0.9,0.1,78],[-0.9,0.9,352],[-0.7,0.3,3]],"objIdentity":[0,7,4,1,2,8,3,5,6],"familiarise":{"path":[[0,0.5,341],[-0.383022221559489,0.82139380484326963,161],[0.099940691585045149,0.69198428229200926,225],[-0.37821168639647257,0.54579842993064087,221],[-0.827608709546056,0.32661285653610217,337],[0.029558591156056302,0.84165093144615633,265],[-0.7584521624506656,0.22598945612049803,297],[-0.37542994089117659,0.54738326096376766,121],[0.5233641054079905,0.1090121141746902,327],[-0.2646466481987314,0.72467358950034844,67],[0.55450539609026039,0.15109715314930239,147],[0.13048134801204742,0.41605678526590484,266],[0.45851086250730105,0.79341157537729079,121],[0.70091567263046961,0.35610172180759292,320],[-0.24460290296884724,0.68166987626474962,310],[-0.72975076610684542,0.56070892846491571,60]]},"objlocLearn":{"learnOrder":[0,2,7,1,6,4,5,8,3],"startLoc":[[0,0,0],[-0.1,0.5,180],[-0.5,0.1,0],[0.1,0.1,10],[0.1,0.5,190],[-0.5,0.5,50],[-0.1,0.9,300],[0.5,0.5,60],[0.5,0.9,240]]},"objlocTestRun1":{"startLoc":[[0,0,0],[-0.35346897597410515,0.7294352926602623,354],[0.50403759914260093,0.44316208856306671,8],[0.034642393340131125,0.35609519220780361,187],[-0.7385349039691822,0.604267103106117,176],[-0.034642393340131125,0.64390480779219639,226],[0.7385349039691822,0.395732896893883,308],[0.35346897597410515,0.2705647073397377,180],[-0.50403759914260093,0.55683791143693329,207],[-0.69563595879674778,0.43049113677280659,181],[0.69563595879674778,0.56950886322719341,287],[-0.1788814505612934,0.91602933796745245,327],[0.1788814505612934,0.083970662032547508,117],[0.25844308731451732,0.43037267108811861,261],[-0.56474640929502828,0.51024855392217383,236],[0.56474640929502828,0.48975144607782617,135],[-0.25844308731451732,0.56962732891188139,290],[-0.27228619049755481,0.40090423971333022,251],[-0.17207237467360875,0.83910335240457923,178],[0.85181917949148311,0.38465033572657403,206],[0.27228619049755481,0.59909576028666978,342],[0.5058171825673704,0.6047779909637101,231],[0.17207237467360875,0.16089664759542077,229],[-0.85181917949148311,0.615349664273426,138],[-0.5058171825673704,0.39522200903628996,282],[-0.18276050275631833,0.56063206804668253,315],[0.18276050275631833,0.43936793195331747,112],[-0.14008478328957591,0.22111699603314339,118],[-0.86301626973209222,0.8985146753699178,243],[0.51529154797765564,0.56658401579719031,104],[-0.51529154797765564,0.43341598420280969,30],[0.86301626973209222,0.10148532463008217,104],[0.14008478328957591,0.77888300396685661,251],[0.25865462805187217,0.1695578058194806,181],[0.092729724735956379,0.58981774207027982,209],[-0.092729724735956379,0.41018225792972018,226],[-0.26383989597283092,0.56466051670201978,193],[-0.58232156941734914,0.069196855551398886,347],[-0.25865462805187217,0.83044219418051934,292],[0.58232156941734914,0.93080314444860113,347],[0.26383989597283092,0.43533948329798028,250],[0.92382697432709993,0.14406371778494251,289],[-0.8773313037171333,0.11733338189441944,271],[0.011033434478688944,0.63594640253098278,339],[-0.011033434478688944,0.36405359746901722,123],[-0.92382697432709993,0.85593628221505746,117],[0.8773313037171333,0.88266661810558056,5],[0.1594477604986439,0.45082134007462182,25],[-0.1594477604986439,0.54917865992537818,347],[0.90422003505427928,0.712850237566942,171],[-0.649907631279838,0.77084991143262149,44],[0.649907631279838,0.22915008856737851,39],[-0.1469537492153517,0.8375561124206119,187],[0.1469537492153517,0.1624438875793881,235],[-0.71588839682704175,0.86671598811771078,301],[0.71588839682704175,0.13328401188228922,206],[-0.90422003505427928,0.287149762433058,121],[0.16012374014669656,0.065780304234610065,253],[-0.16012374014669656,0.93421969576538988,68],[0.862516350513137,0.8950045813873394,120],[0.33642793214677752,0.33748267565252527,44],[-0.862516350513137,0.1049954186126606,246],[0.11286181039331926,0.34929092072470524,195],[-0.33642793214677752,0.66251732434747468,159],[-0.11286181039331926,0.65070907927529476,83]],"learnOrder":[0,8,5,6,7,2,3,4,1,6,2,7,3,8,1,5,4,7,4,1,3,6,8,5,2,2,6,4,5,7,3,1,8,2,1,5,8,3,6,7,4,2,5,4,8,6,1,3,7,1,7,3,2,6,4,8,5,2,6,1,4,5,7,8,3]},"distEstPair":{"pairList":[[0,0],[2,7],[2,5],[3,8],[5,6],[1,8],[2,3],[6,8],[3,5],[4,5],[1,5],[7,8],[4,8],[1,3],[2,6],[5,7],[6,7],[1,6],[4,6],[4,7],[1,7],[3,7],[5,8],[2,4],[3,4],[3,6],[1,2],[1,4],[2,8],[6,2],[4,1],[8,2],[8,3],[6,1],[5,2],[7,1],[7,2],[8,6],[7,6],[7,5],[3,1],[8,7],[7,3],[8,1],[6,5],[5,4],[6,3],[4,2],[2,1],[3,2],[4,3],[8,4],[5,1],[8,5],[5,3],[6,4],[7,4]]},"distEst2AFC":{"triplet":[[0,0,0],[5,3,1],[6,3,8],[2,3,1],[1,7,5],[5,1,3],[6,5,7],[8,2,6],[5,6,3],[4,1,6],[1,5,7],[5,4,3],[2,6,1],[3,2,5],[2,1,3],[5,6,3],[8,6,4],[6,8,2],[3,5,2],[4,7,2],[7,6,1],[5,3,6],[7,6,1],[5,1,3],[7,1,6],[6,5,7],[3,5,2],[7,1,6],[6,7,5],[2,3,1],[5,4,3],[3,2,5],[1,5,7],[5,3,6],[5,3,1],[2,4,6],[5,3,4],[2,1,3],[1,7,5],[5,3,4],[6,7,5]]}}