{"objLoc":[[0,0,0],[0,0.95,197],[0.9,0.95,288],[0.9,0.05,296],[0.7,0.75,44],[0,0.05,217],[-0.9,0.05,190],[-0.9,0.95,168],[-0.7,0.25,170]],"objIdentity":[0,6,1,3,7,5,2,4,8],"familiarise":{"path":[[0,0.5,227],[0.5,0.9,91],[0.9,0.1,214],[-0.9,0.2,310],[-0.7,0.7,18],[0.5,0.5,308],[0,0.2,260],[-0.2,0.8,107],[-0.5,0.1,175],[0.7,0.4,304],[0.9,0.9,217],[-0.5,0.5,57],[0.5,0.9,190],[0.5,0.1,68],[-0.6,0.8,242]]},"objlocLearn":{"learnOrder":[0,8,2,4,1,5,6,7,3],"startLoc":[[0,0,0],[0.5,0.5,60],[-0.1,0.5,180],[-0.5,0.5,50],[0.1,0.1,10],[-0.1,0.9,300],[0.1,0.5,190],[-0.5,0.1,0],[0.5,0.9,240]]},"objlocTestRun1":{"startLoc":[[0,0,0],[-0.66090508411403559,0.55843530529715,348],[0.27976701448850955,0.83335712404601114,88],[-0.27976701448850955,0.16664287595398886,23],[-0.29137037105483471,0.24730437702913666,106],[0.29137037105483471,0.75269562297086334,218],[0.66090508411403559,0.44156469470285004,96],[0.856209967691886,0.80070120085241758,229],[-0.856209967691886,0.19929879914758242,216],[-0.18244843480426381,0.64167412865765527,100],[-0.0428317698309109,0.693737583208987,243],[0.0428317698309109,0.30626241679101296,288],[0.18244843480426381,0.35832587134234478,342],[0.83576908722018861,0.53706201461865133,210],[-0.41634941224319405,0.2998034155201641,83],[-0.83576908722018861,0.46293798538134867,102],[0.41634941224319405,0.7001965844798359,360],[-0.12835276125905043,0.67219303209877612,315],[0.12835276125905043,0.32780696790122388,186],[0.64636356557871566,0.15192769030259945,86],[-0.64636356557871566,0.84807230969740055,235],[-0.37723428238131,0.90315404458145832,259],[-0.32721492590840656,0.77649907581312538,115],[0.32721492590840656,0.22350092418687462,137],[0.37723428238131,0.096845955418541685,72],[0.2134881812079949,0.24922163279266718,231],[0.5973578418307508,0.33633984844489129,176],[0.56353793626866144,0.84361926304278367,52],[-0.56353793626866144,0.15638073695721633,187],[-0.43700987142851283,0.079600580000523391,220],[-0.2134881812079949,0.75077836720733282,204],[-0.5973578418307508,0.66366015155510871,157],[0.43700987142851283,0.92039941999947661,70],[0.62996739562777893,0.11913419549538984,331],[-0.62996739562777893,0.88086580450461016,287],[0.382954640945297,0.57983741535282041,87],[-0.38731837465612212,0.091556667638690747,171],[-0.8745260596940857,0.30259119690916386,53],[0.8745260596940857,0.69740880309083608,145],[0.38731837465612212,0.90844333236130925,284],[-0.382954640945297,0.42016258464717959,189],[0.11914352600705098,0.19323935730181119,330],[-0.3920594422494153,0.17014148238465521,21],[0.3920594422494153,0.82985851761534479,321],[-0.11914352600705098,0.80676064269818881,333],[-0.18661542699824102,0.51912492000018484,163],[0.18661542699824102,0.48087507999981516,254],[-0.3040001690139888,0.90545066624755555,168],[0.3040001690139888,0.094549333752444453,49],[-0.11701537731660831,0.32698253921843184,9],[-0.42362642225855945,0.76694202770244368,98],[0.42362642225855945,0.23305797229755637,271],[-0.26747829696226871,0.092072322817866675,63],[0.26747829696226871,0.9079276771821333,280],[0.52751849979420662,0.06036729838707592,22],[-0.52751849979420662,0.93963270161292411,199],[0.11701537731660831,0.67301746078156821,42],[0.19235094783412471,0.10300254023370159,75],[-0.36245557645217236,0.86825789441301371,11],[-0.55261782635602774,0.29939282360371788,226],[0.12027974339268339,0.49367553161756239,88],[0.55261782635602774,0.70060717639628212,213],[-0.19235094783412471,0.89699745976629841,224],[-0.12027974339268339,0.50632446838243761,149],[0.36245557645217236,0.13174210558698629,326]],"learnOrder":[0,5,4,8,2,6,1,3,7,8,1,5,4,2,7,6,3,7,3,1,5,2,4,8,6,1,2,3,7,4,5,6,8,8,4,6,7,1,5,3,2,4,1,5,8,3,7,2,6,2,5,1,4,8,3,7,6,8,6,5,3,1,4,7,2]},"distEstPair":{"pairList":[[0,0],[1,7],[3,6],[4,5],[4,8],[7,8],[6,8],[2,4],[5,8],[2,7],[3,8],[1,6],[2,6],[1,2],[1,3],[1,4],[1,5],[4,7],[2,3],[3,7],[3,4],[4,6],[2,5],[1,8],[3,5],[5,7],[5,6],[6,7],[2,8],[7,4],[7,3],[3,2],[7,6],[8,3],[4,1],[5,2],[2,1],[6,4],[6,2],[8,7],[5,3],[7,5],[4,2],[8,6],[6,1],[5,4],[8,5],[7,1],[8,4],[4,3],[3,1],[8,1],[5,1],[6,5],[8,2],[7,2],[6,3]]},"distEst2AFC":{"triplet":[[0,0,0],[5,6,7],[3,2,5],[4,1,7],[5,6,3],[3,2,5],[2,3,4],[1,2,7],[3,5,2],[6,2,8],[1,7,2],[8,6,7],[7,6,1],[5,3,6],[7,6,1],[1,2,7],[5,6,3],[4,2,7],[1,7,2],[5,3,6],[3,5,2],[2,4,5],[7,1,6],[6,8,1],[7,1,6]]}}