{"objLoc":[[0,0,0],[0.1,0.9,235],[0.9,0.9,182],[0.9,0.1,317],[0.7,0.7,66],[-0.1,0.1,307],[-0.9,0.1,271],[-0.9,0.9,240],[-0.7,0.3,356]],"objIdentity":[0,6,2,7,1,8,3,5,4],"familiarise":{"path":[[0,0.5,244],[0.47552825814757677,0.34549150281252627,338],[0.33770958023907716,0.82612235078168572,253],[0.58011439036224566,0.38881249721198785,203],[0.48470989267397324,0.87962608893581984,223],[0.63089574503534163,0.40147371095430212,15],[-0.35391200797686639,0.57512188862123248,288],[-0.73693422953635546,0.89651569346450211,194],[-0.70205599266429286,0.39773366833459,114],[0.79223605447332557,0.52846728245607721,222],[0.47084224963005594,0.14544506089658821,359],[0.76473487577629251,0.549953558084062,139],[-0.73526512422370749,0.549953558084062,161],[0.24636205922395649,0.35914456270751716,46],[-0.7481598361443168,0.25461609943986369,138],[-0.2481598361443168,0.25461609943986369,330]]},"objlocLearn":{"learnOrder":[0,7,3,8,4,1,5,2,6],"startLoc":[[0,0,0],[-0.5,0.1,0],[0.5,0.9,240],[0.5,0.5,60],[-0.5,0.5,50],[0.1,0.1,10],[-0.1,0.9,300],[-0.1,0.5,180],[0.1,0.5,190]]},"objlocTestRun1":{"startLoc":[[0,0,0],[-0.33044097932372968,0.26360854003529932,31],[0.19012717599451595,0.37836578418639322,286],[-0.518280611351015,0.92192905414455573,266],[0.730289468834043,0.313822996560726,42],[-0.730289468834043,0.686177003439274,73],[0.518280611351015,0.078070945855444274,205],[-0.19012717599451595,0.62163421581360678,233],[0.33044097932372968,0.73639145996470068,309],[0.48981022867203067,0.50883411363913145,193],[-0.42882265200421926,0.77112597920273385,9],[0.82248217914360455,0.069779745749697877,271],[0.42639504937529721,0.51510500281485261,111],[-0.48981022867203067,0.49116588636086855,184],[-0.42639504937529721,0.48489499718514739,290],[0.42882265200421926,0.2288740207972661,169],[-0.82248217914360455,0.93022025425030208,334],[0.15197497527758358,0.11870688999799388,64],[-0.15197497527758358,0.88129311000200616,73],[0.45362045142794244,0.88661553147432182,64],[0.34188216839312563,0.8744884453666284,12],[-0.45362045142794244,0.11338446852567818,128],[-0.34188216839312563,0.1255115546333716,93],[0.43916756156548814,0.10948532181436046,275],[-0.43916756156548814,0.89051467818563956,4]],"learnOrder":[0,8,3,2,5,1,6,7,4,1,8,2,3,5,7,4,6,3,7,1,4,5,8,2,6]},"objlocTestRun2":{"startLoc":[[0,0,0],[0.5421220073387869,0.49421248560604414,213],[-0.347270035773723,0.22388506577784384,217],[-0.35042518528366834,0.34234635413631354,24],[0.52926814633984,0.3845931412105088,254],[0.347270035773723,0.77611493422215616,205],[-0.5421220073387869,0.50578751439395586,356],[-0.52926814633984,0.6154068587894912,164],[0.35042518528366834,0.65765364586368646,164],[0.079775338928759834,0.70697328012535166,14],[0.38001724485489258,0.42053152591352128,13],[-0.38001724485489258,0.57946847408647872,168],[0.39965359345420109,0.79400560412697752,306],[-0.079775338928759834,0.29302671987464834,212],[-0.39150055274015511,0.519466005997031,89],[0.39150055274015511,0.48053399400296903,345],[-0.39965359345420109,0.20599439587302248,336],[-0.1048339347200961,0.062234959738625487,162],[0.1048339347200961,0.93776504026137453,162],[0.31658485869702718,0.13038658957116195,106],[-0.88391026571966846,0.84004580215251923,4],[-0.66281389026870974,0.30384120410950238,15],[-0.31658485869702718,0.869613410428838,307],[0.88391026571966846,0.15995419784748083,360],[0.66281389026870974,0.69615879589049756,214]],"learnOrder":[0,3,2,4,5,6,7,1,8,3,1,5,4,7,2,6,8,2,6,3,5,4,7,1,8]},"distEstPair":{"pairList":[[0,0],[6,7],[7,3],[8,1],[4,1],[6,5],[2,8],[3,5],[3,6],[4,7],[4,8],[4,2],[1,4],[1,3],[6,8],[1,6],[3,1],[2,4],[2,1],[3,4],[6,2],[8,7],[4,3],[5,2],[3,2],[6,4],[8,6],[5,8],[7,6],[7,8],[7,1],[7,5],[8,3],[5,6],[5,4],[1,5],[2,3],[8,5],[1,2],[5,7],[2,7]]},"distEstEgo":{"pairList":[[0,0],[2,8],[7,6],[7,3],[3,2],[1,2],[2,3],[8,6],[4,2],[6,5],[5,6],[2,1],[6,7]]},"distEst2AFC":{"triplet":[[0,0,0],[1,3,2],[3,7,1],[4,3,1],[8,7,5],[2,1,3],[5,7,6],[6,5,7],[4,3,1],[2,3,1],[5,8,7],[8,7,5],[1,4,3],[8,5,7],[7,8,2],[6,5,7],[8,5,7],[6,7,5],[4,1,3],[3,4,6],[2,1,3],[7,3,5],[2,3,1],[4,1,3],[6,7,5]]}}