{"objLoc":[[0,0,0],[0,0.95,341],[0.9,0.95,168],[0.9,0.05,70],[0.7,0.75,210],[0,0.05,224],[-0.9,0.05,247],[-0.9,0.95,38],[-0.7,0.25,269]],"objIdentity":[0,8,1,5,4,2,3,7,6],"familiarise":{"path":[[0,0.5,215],[0.5,0.9,207],[0.9,0.1,254],[-0.9,0.2,335],[-0.7,0.7,19],[0.5,0.5,49],[0,0.2,43],[-0.2,0.8,132],[-0.5,0.1,290],[0.7,0.4,350],[0.9,0.9,120],[-0.5,0.5,173],[0.5,0.9,65],[0.5,0.1,325],[-0.6,0.8,275]]},"objlocLearn":{"learnOrder":[0,7,4,1,2,3,6,8,5],"startLoc":[[0,0,0],[-0.5,0.1,0],[-0.5,0.5,50],[0.1,0.1,10],[-0.1,0.5,180],[0.5,0.9,240],[0.1,0.5,190],[0.5,0.5,60],[-0.1,0.9,300]]},"objlocTestRun1":{"startLoc":[[0,0,0],[-0.18070396122825533,0.053243495932821974,357],[0.18070396122825533,0.946756504067178,104],[-0.36242914810916543,0.57325477925438428,167],[0.36242914810916543,0.42674522074561577,343],[-0.35911926567738978,0.37129168290679682,179],[0.096680747833388828,0.41633855281835569,186],[-0.096680747833388828,0.58366144718164437,331],[0.35911926567738978,0.62870831709320318,132],[0.066056510214929573,0.64683417341507088,325],[-0.035543185950427866,0.78628169716503249,70],[-0.27083986146518996,0.4606033749365574,26],[-0.18528929975438063,0.1040173733879588,141],[0.18528929975438063,0.8959826266120412,360],[0.27083986146518996,0.53939662506344255,41],[-0.066056510214929573,0.35316582658492918,59],[0.035543185950427866,0.21371830283496751,47],[-0.74433124029815778,0.78374124153681479,285],[0.74433124029815778,0.21625875846318521,317],[-0.21020154737587776,0.72950563466229423,321],[0.71545383488892589,0.726866924277896,230],[-0.80853314108181151,0.42426258300665054,150],[-0.71545383488892589,0.273133075722104,33],[0.80853314108181151,0.57573741699334946,316],[0.21020154737587776,0.27049436533770577,139],[0.066507261577675988,0.3164894102810597,320],[-0.39173738801633723,0.2599105604048435,121],[0.17433541885408738,0.077090725611152933,12],[0.5018853627880645,0.91965512462639287,166],[-0.17433541885408738,0.92290927438884707,103],[0.39173738801633723,0.7400894395951565,29],[-0.5018853627880645,0.080344875373607155,132],[-0.066507261577675988,0.6835105897189403,68],[0.49882595205926,0.1040822139594868,291],[0.87642944114172661,0.33826885091310133,199],[0.36088937000600224,0.80418983181487336,122],[-0.49882595205926,0.8959177860405132,42],[-0.055095290704134256,0.75317820945307068,21],[0.055095290704134256,0.24682179054692932,234],[-0.87642944114172661,0.66173114908689867,307],[-0.36088937000600224,0.19581016818512664,68],[0.24766427081030135,0.5280453171786279,97],[-0.24766427081030135,0.4719546828213721,90],[-0.33174824458535407,0.79436041829548931,236],[0.84580710143589055,0.92934611657842559,333],[0.33174824458535407,0.20563958170451069,191],[0.0279777645835471,0.65876117663796041,282],[-0.84580710143589055,0.070653883421574415,242],[-0.0279777645835471,0.34123882336203953,95],[-0.051873141771253392,0.50669985742974655,146],[0.051873141771253392,0.49330014257025345,145],[-0.16584128941390425,0.65178379861518465,36],[0.3296805495129525,0.85491075443391784,90],[-0.46628819460346976,0.088248761481672711,266],[0.16584128941390425,0.34821620138481535,239],[-0.3296805495129525,0.1450892455660821,123],[0.46628819460346976,0.91175123851832729,88],[0.53191184530719315,0.35178748569150475,185],[-0.047002597526788967,0.44885505924778807,80],[0.34658379760703689,0.1319632743352428,23],[0.63404274872726307,0.50518330397185252,18],[0.047002597526788967,0.551144940752212,36],[-0.53191184530719315,0.64821251430849525,330],[-0.63404274872726307,0.49481669602814743,10],[-0.34658379760703689,0.8680367256647572,317],[0.43708969287833538,0.61666908616514693,134],[-0.80549592655315827,0.61511140786841667,16],[-0.61125652514136886,0.78583541902339094,193],[0.80549592655315827,0.38488859213158333,76],[-0.090399975536048241,0.67788945049545424,120],[0.61125652514136886,0.21416458097660906,4],[-0.43708969287833538,0.38333091383485307,157],[0.090399975536048241,0.32211054950454576,221],[-0.68981655791908847,0.64757199584153,329],[-0.14584365898480484,0.28069428018385012,32],[0.022278898282450152,0.36177454407280063,219],[-0.022278898282450152,0.63822545592719937,250],[0.68981655791908847,0.35242800415847003,338],[0.14584365898480484,0.71930571981614988,321],[-0.24451346948817504,0.60503137506675442,257],[0.24451346948817504,0.39496862493324558,269]],"learnOrder":[0,1,5,6,2,8,3,7,4,5,4,3,6,2,7,1,8,4,8,7,1,6,5,2,3,5,7,6,8,2,3,4,1,8,5,3,4,2,6,1,7,4,8,7,1,3,6,5,2,3,7,5,6,8,1,2,4,6,1,3,8,5,2,4,7,1,7,8,3,6,4,5,2,5,7,8,4,1,3,2,6]},"distEstPair":{"pairList":[[0,0],[6,7],[2,6],[4,7],[1,6],[3,4],[1,3],[2,3],[1,4],[5,8],[2,5],[3,7],[3,8],[3,5],[2,8],[4,8],[2,7],[6,8],[5,7],[2,4],[1,7],[4,6],[1,2],[1,8],[7,8],[3,6],[1,5],[5,6],[4,5],[7,2],[4,3],[3,2],[4,1],[5,3],[2,1],[7,6],[5,2],[8,7],[6,3],[7,5],[3,1],[4,2],[8,2],[8,4],[6,4],[7,3],[5,4],[6,5],[6,1],[8,1],[8,3],[7,1],[6,2],[8,5],[8,6],[7,4],[5,1]]},"distEst2AFC":{"triplet":[[0,0,0],[3,5,2],[5,3,6],[3,2,5],[2,3,4],[7,1,6],[3,2,5],[7,6,1],[1,2,7],[6,8,1],[8,6,7],[4,1,7],[6,2,8],[1,7,2],[7,6,1],[5,6,3],[4,2,7],[1,2,7],[5,3,6],[7,1,6],[3,5,2],[5,6,7],[1,7,2],[5,6,3],[2,4,5]]}}