{"objLoc":[[0,0,0],[0.1,0.9,80],[0.9,0.9,314],[0.9,0.1,75],[0.7,0.7,331],[-0.1,0.1,176],[-0.9,0.1,221],[-0.9,0.9,276],[-0.7,0.3,187]],"objIdentity":[0,3,6,2,8,1,5,4,7],"familiarise":{"path":[[0,0.5,294],[0.30783073766282915,0.8940053768033609,292],[0.79690453802973193,0.7900495313944812,213],[0.35543074160026844,0.55531375000153582,330],[-0.1418302060838682,0.50304951836770906,22],[0.85436449200787734,0.41589377562005092,348],[0.36196061550177333,0.50271786445351607,206],[0.78598466357998631,0.76767749657011852,109],[-0.584333522883915,0.15757253195641818,298],[0.3900365419013202,0.38252358630028316,238],[0.57733983860927618,0.84611551358367687,356],[-0.42205098840981958,0.88101501028617779,39],[0.51152943808738216,0.52264706074087752,210],[0.13417464797599615,0.85067657523613116,171],[0.31335862274864629,0.38388636198753029,235],[0.47614269997722464,0.85664564978718871,88]]},"objlocLearn":{"learnOrder":[0,1,3,6,5,8,2,7,4],"startLoc":[[0,0,0],[0.1,0.1,10],[0.5,0.9,240],[0.1,0.5,190],[-0.1,0.9,300],[0.5,0.5,60],[-0.1,0.5,180],[-0.5,0.1,0],[-0.5,0.5,50]]},"objlocTestRun1":{"startLoc":[[0,0,0],[-0.87630116633081889,0.23989089689938059,210],[0.72243886055888218,0.11269234131103156,126],[-0.34044709365507292,0.40879295969415053,136],[-0.42150372561447874,0.36349879490510995,129],[0.87630116633081889,0.76010910310061941,84],[0.42150372561447874,0.63650120509489,10],[0.34044709365507292,0.59120704030584947,264],[-0.72243886055888218,0.88730765868896844,360],[-0.0062785326670703884,0.24002690080481404,14],[0.49500992679180861,0.17858821809139763,310],[0.17332239164034741,0.74751181703249781,196],[-0.94472838646955171,0.44517686917086319,8],[-0.17332239164034741,0.25248818296750219,25],[0.94472838646955171,0.55482313082913681,190],[0.0062785326670703884,0.759973099195186,38],[-0.49500992679180861,0.82141178190860242,107],[0.237033487608534,0.19371283999010042,99],[-0.237033487608534,0.80628716000989953,350],[0.092579774477043755,0.62811458613970006,170],[0.59269396395910623,0.22305136619792748,103],[-0.59269396395910623,0.77694863380207257,338],[-0.19756986808293892,0.27628177050066394,349],[0.19756986808293892,0.72371822949933606,259],[-0.092579774477043755,0.37188541386029994,50],[0.43089980420379453,0.60423218556664582,321],[0.748149041141345,0.707532139406032,159],[-0.65598429187145813,0.41637106086932268,284],[-0.48614127939516688,0.055846392860599448,260],[-0.748149041141345,0.292467860593968,236],[0.65598429187145813,0.58362893913067726,277],[0.48614127939516688,0.94415360713940055,293],[-0.43089980420379453,0.39576781443335418,167],[0.0042407633980177523,0.37072380254810522,175],[-0.16815012344883512,0.40549611785881778,36],[0.6438483386465127,0.28467433859660551,134],[-0.0042407633980177523,0.62927619745189478,320],[-0.6438483386465127,0.71532566140339449,80],[0.16815012344883512,0.59450388214118222,270],[-0.53485421545381207,0.433073600181488,291],[0.53485421545381207,0.566926399818512,71],[0.144685754670077,0.66321820608590176,276],[0.018002679184102768,0.20138734221675192,237],[0.15753055025448587,0.743234002674315,352],[-0.27590762467387348,0.74964379516566282,140],[0.27590762467387348,0.25035620483433718,273],[-0.15753055025448587,0.25676599732568495,304],[-0.144685754670077,0.33678179391409824,137],[-0.018002679184102768,0.79861265778324808,81],[0.19874629704323848,0.3283076943261295,133],[0.25586726402463417,0.51985282090589924,236],[0.18998701680160329,0.91532073726155494,93],[0.26878306782188027,0.93935098666654426,310],[-0.25586726402463417,0.48014717909410076,107],[-0.26878306782188027,0.060649013333455737,276],[-0.18998701680160329,0.08467926273844506,116],[-0.19874629704323848,0.6716923056738705,182],[-0.51362578992342378,0.78666691179248949,315],[0.079971777246315948,0.28870722196411819,175],[-0.28931458143244809,0.0615632665823632,225],[0.22842106010538715,0.50269068493245039,124],[-0.22842106010538715,0.49730931506754961,169],[0.51362578992342378,0.21333308820751051,23],[-0.079971777246315948,0.71129277803588176,188],[0.28931458143244809,0.93843673341763678,162]],"learnOrder":[0,5,8,6,3,1,7,2,4,1,4,3,6,7,2,5,8,3,7,2,4,8,5,1,6,2,3,4,5,7,8,1,6,7,6,8,3,4,2,1,5,5,3,4,2,6,8,1,7,2,5,4,3,1,7,8,6,7,1,2,8,4,3,5,6]},"distEstPair":{"pairList":[[0,0],[5,6],[2,8],[1,3],[1,5],[1,2],[1,4],[4,6],[1,6],[4,7],[2,4],[6,7],[3,6],[5,8],[2,6],[3,5],[4,8],[6,8],[3,4],[3,7],[1,7],[5,7],[4,5],[3,8],[1,8],[2,5],[2,3],[7,8],[2,7],[6,3],[5,4],[7,2],[6,2],[8,7],[8,3],[3,2],[8,2],[7,1],[6,1],[6,4],[4,2],[8,4],[7,5],[7,4],[5,1],[3,1],[5,2],[7,6],[2,1],[8,1],[8,5],[5,3],[4,3],[6,5],[8,6],[7,3],[4,1]]},"distEst2AFC":{"triplet":[[0,0,0],[3,2,5],[6,8,2],[6,7,5],[4,1,6],[5,1,3],[6,3,8],[2,1,3],[5,3,1],[1,7,5],[6,5,7],[7,1,6],[2,1,3],[2,4,6],[2,3,1],[8,6,4],[5,1,3],[6,5,7],[3,2,5],[2,3,1],[3,5,2],[4,7,2],[2,6,1],[1,5,7],[3,5,2],[7,1,6],[1,7,5],[7,6,1],[8,2,6],[7,6,1],[5,3,1],[1,5,7],[6,7,5]]}}