{"objLoc":[[0,0,0],[0,0.95,212],[0.9,0.95,324],[0.9,0.05,321],[0.7,0.75,294],[0,0.05,13],[-0.9,0.05,250],[-0.9,0.95,137],[-0.7,0.25,187]],"objIdentity":[0,8,2,3,1,4,7,5,6],"familiarise":{"path":[[0,0.5,43],[0.5,0.9,271],[0.9,0.1,87],[-0.9,0.2,92],[-0.7,0.7,309],[0.5,0.5,342],[0,0.2,203],[-0.2,0.8,65],[-0.5,0.1,278],[0.7,0.4,178],[0.9,0.9,228],[-0.5,0.5,303],[0.5,0.9,166],[0.5,0.1,180],[-0.6,0.8,245]]},"objlocLearn":{"learnOrder":[0,3,8,2,6,5,7,1,4],"startLoc":[[0,0,0],[0.5,0.9,240],[0.5,0.5,60],[-0.1,0.5,180],[0.1,0.5,190],[-0.1,0.9,300],[-0.5,0.1,0],[0.1,0.1,10],[-0.5,0.5,50]]},"objlocTestRun1":{"startLoc":[[0,0,0],[0.360028054912035,0.38583190605528495,113],[0.17534533544604453,0.648040282543043,74],[-0.17534533544604453,0.351959717456957,355],[-0.360028054912035,0.614168093944715,169],[-0.3027022156030818,0.70853842969240721,254],[0.3027022156030818,0.29146157030759279,56],[0.2177313327177744,0.63108863397329129,264],[-0.2177313327177744,0.36891136602670876,238],[-0.10915464008733662,0.6632783963781782,266],[-0.13665080733016949,0.40555866339849855,327],[0.20475745089474534,0.093341633013157954,286],[-0.27847784487365707,0.56692716893235429,143],[-0.20475745089474534,0.906658366986842,332],[0.13665080733016949,0.59444133660150145,15],[0.27847784487365707,0.43307283106764577,286],[0.10915464008733662,0.3367216036218218,302],[-0.37145121490622163,0.68065531011377534,196],[-0.6547964568802227,0.61355857175333162,227],[0.6547964568802227,0.38644142824666838,351],[-0.199797880368988,0.28217712727866667,144],[0.199797880368988,0.71782287272133338,182],[0.37145121490622163,0.31934468988622466,173],[-0.025779834139712146,0.49886794065551243,256],[0.025779834139712146,0.50113205934448757,7],[-0.22881814041231813,0.24997231884448134,23],[-0.15625813424190954,0.80453416060059135,43],[0.24399614524676255,0.57565133779320665,300],[-0.41035248875160385,0.14684653835661388,111],[0.41035248875160385,0.85315346164338612,221],[0.22881814041231813,0.75002768115551866,200],[-0.24399614524676255,0.4243486622067934,284],[0.15625813424190954,0.19546583939940865,297],[0.64389947057213393,0.081983324004357441,295],[-0.14336549490987677,0.64652435855043444,21],[-0.077122015269029329,0.39182499923227759,321],[-0.18645425755353745,0.20675878046959073,343],[0.14336549490987677,0.35347564144956556,80],[0.077122015269029329,0.60817500076772246,279],[0.18645425755353745,0.79324121953040927,150],[-0.64389947057213393,0.91801667599564252,167],[-0.39540481324792992,0.551505976238293,246],[0.65285573482920023,0.28912953261465213,336],[-0.58942574132898651,0.70023078600119326,309],[-0.65285573482920023,0.71087046738534787,345],[0.028675245061162438,0.88197711046579508,229],[0.39540481324792992,0.448494023761707,24],[0.58942574132898651,0.29976921399880674,314],[-0.028675245061162438,0.11802288953420492,130],[-0.15436099644996543,0.25406925142423631,231],[-0.71930690155044363,0.6397235356937041,327],[-0.17357747905023774,0.75081911392699718,183],[0.71930690155044363,0.3602764643062959,310],[0.17357747905023774,0.24918088607300282,359],[-0.46804415148568584,0.91640672467201545,360],[0.46804415148568584,0.083593275327984551,107],[0.15436099644996543,0.74593074857576369,92],[0.38589101087974237,0.52460384426139639,79],[-0.38589101087974237,0.47539615573860361,168],[0.57754407846091627,0.7574642991741658,316],[0.69794363294325856,0.22388297236905075,158],[-0.14691390074458427,0.792918276137713,78],[-0.69794363294325856,0.77611702763094925,178],[-0.57754407846091627,0.2425357008258342,334],[0.14691390074458427,0.20708172386228696,41]],"learnOrder":[0,5,2,6,1,7,3,8,4,5,4,3,6,7,8,2,1,7,8,4,1,5,3,6,2,6,5,8,3,7,2,4,1,3,4,2,5,8,6,1,7,2,5,4,1,3,6,8,7,7,6,1,2,5,4,8,3,2,6,1,8,3,4,5,7]},"distEstPair":{"pairList":[[0,0],[2,3],[4,5],[1,5],[2,8],[3,8],[1,6],[1,8],[1,4],[2,6],[7,8],[1,2],[1,3],[6,8],[5,7],[2,4],[5,6],[3,5],[6,7],[2,5],[3,7],[4,8],[3,6],[5,8],[4,7],[1,7],[4,6],[3,4],[2,7],[7,5],[7,2],[3,2],[6,1],[5,4],[5,2],[7,4],[8,2],[6,2],[8,3],[7,6],[5,1],[4,2],[5,3],[6,4],[6,3],[8,6],[7,1],[3,1],[8,1],[4,1],[8,7],[4,3],[7,3],[6,5],[2,1],[8,4],[8,5]]},"distEst2AFC":{"triplet":[[0,0,0],[3,2,5],[5,3,6],[1,7,2],[5,6,7],[1,7,2],[7,6,1],[5,6,3],[7,1,6],[8,6,7],[5,6,3],[3,2,5],[6,2,8],[1,2,7],[4,1,7],[3,5,2],[2,4,5],[5,3,6],[2,3,4],[3,5,2],[4,2,7],[6,8,1],[7,6,1],[1,2,7],[7,1,6]]}}