{"objLoc":[[0,0,0],[0,0.95,314],[0.9,0.95,210],[0.9,0.05,101],[0.7,0.75,67],[0,0.05,148],[-0.9,0.05,43],[-0.9,0.95,247],[-0.7,0.25,158]],"objIdentity":[0,4,7,2,3,5,8,1,6],"familiarise":{"path":[[0,0.5,118],[0.5,0.9,252],[0.9,0.1,132],[-0.9,0.2,302],[-0.7,0.7,174],[0.5,0.5,186],[0,0.2,138],[-0.2,0.8,360],[-0.5,0.1,186],[0.7,0.4,202],[0.9,0.9,13],[-0.5,0.5,260],[0.5,0.9,152],[0.5,0.1,158],[-0.6,0.8,102]]},"objlocLearn":{"learnOrder":[0,4,3,5,6,2,7,8,1],"startLoc":[[0,0,0],[-0.5,0.5,50],[0.5,0.9,240],[-0.1,0.9,300],[0.1,0.5,190],[-0.1,0.5,180],[-0.5,0.1,0],[0.5,0.5,60],[0.1,0.1,10]]},"objlocTestRun1":{"startLoc":[[0,0,0],[-0.12697625778397742,0.79283652189959608,194],[0.12697625778397742,0.20716347810040392,274],[-0.52829333358346586,0.39746535883193729,312],[0.52829333358346586,0.60253464116806277,288],[-0.61776403133052793,0.308703421707077,11],[-0.61501945865759344,0.88057371210872715,190],[0.61776403133052793,0.691296578292923,242],[0.61501945865759344,0.11942628789127281,136],[-0.11243993338976181,0.3865903198411233,28],[0.27523793368552524,0.32833182707289243,241],[0.576242768523326,0.58134040775821449,213],[0.55215259520086213,0.0803145189026561,265],[0.11243993338976181,0.61340968015887665,133],[-0.576242768523326,0.41865959224178551,3],[-0.27523793368552524,0.67166817292710757,105],[-0.55215259520086213,0.91968548109734394,145],[0.72808181617970291,0.31588870112212092,227],[0.78598405745803746,0.54300021508320184,163],[-0.56234524648247519,0.329506454389604,164],[-0.78598405745803746,0.45699978491679816,8],[0.47043145708925177,0.21470886154155233,347],[0.56234524648247519,0.670493545610396,248],[-0.47043145708925177,0.78529113845844767,167],[-0.72808181617970291,0.684111298877879,93],[0.80928702158446209,0.574583339384207,152],[-0.015493238988329591,0.12969839273054451,151],[-0.52288602514991767,0.79786268924192916,199],[0.023514378077191103,0.1298321759158545,237],[0.015493238988329591,0.87030160726945549,101],[-0.80928702158446209,0.425416660615793,89],[-0.023514378077191103,0.8701678240841455,234],[0.52288602514991767,0.20213731075807079,12],[0.26926178906687687,0.16917849834045678,317],[-0.35602285547984419,0.94844081121079093,145],[-0.26926178906687687,0.83082150165954327,296],[-0.058152027017248795,0.77505138360688131,267],[-0.50728922563886747,0.64817073583859841,270],[0.35602285547984419,0.051559188789209065,22],[0.50728922563886747,0.35182926416140159,348],[0.058152027017248795,0.22494861639311869,234],[-0.052443885903749529,0.24355793396603137,245],[0.66497330343468208,0.054966674938250915,128],[0.052443885903749529,0.75644206603396857,60],[0.50632304770168468,0.11906801618154515,15],[-0.66497330343468208,0.94503332506174909,197],[0.74633061418107394,0.4807499725972974,359],[-0.74633061418107394,0.51925002740270254,185],[-0.50632304770168468,0.88093198381845483,233],[-0.49844457061411712,0.087313785031217561,208],[-0.712568418656484,0.36594917726406662,340],[0.78297859876162623,0.73328688629756833,210],[-0.78297859876162623,0.26671311370243167,175],[0.32101673687457227,0.33813357153514023,147],[0.49844457061411712,0.91268621496878244,50],[-0.32101673687457227,0.66186642846485977,58],[0.712568418656484,0.63405082273593338,299],[-0.49840329433402791,0.66199358619059012,64],[-0.017504850975355993,0.36036847377807224,88],[-0.335466579577897,0.93076134677040856,75],[-0.059010816881441344,0.65875672532853824,288],[0.017504850975355993,0.63963152622192776,168],[0.49840329433402791,0.33800641380940993,8],[0.059010816881441344,0.3412432746714617,99],[0.335466579577897,0.069238653229591454,46],[-0.19402867984367539,0.30285089820620015,216],[0.5540046705366235,0.49056894348654345,152],[-0.5540046705366235,0.50943105651345655,96],[0.30566122109832378,0.13499563133730652,57],[0.58219299876977715,0.914287333667714,152],[-0.58219299876977715,0.085712666332286025,314],[0.19402867984367539,0.69714910179379985,162],[-0.30566122109832378,0.86500436866269348,276],[-0.16108345270520036,0.40688746627879446,218],[0.62920888259331065,0.15147413816000105,274],[-0.075001418847960369,0.50060725028689257,164],[0.16108345270520036,0.59311253372120554,258],[0.075001418847960369,0.49939274971310749,273],[-0.62920888259331065,0.8485258618399989,66],[0.38693369945095851,0.40823491309945237,111],[-0.38693369945095851,0.59176508690054763,182]],"learnOrder":[0,7,3,4,8,6,5,2,1,2,1,8,3,6,4,5,7,1,2,7,6,4,3,8,5,4,3,6,1,7,8,5,2,1,4,5,3,6,8,2,7,2,8,6,1,4,3,7,5,7,4,2,6,5,3,1,8,7,5,6,8,1,3,4,2,5,3,7,2,4,8,1,6,1,2,8,5,4,6,7,3]},"distEstPair":{"pairList":[[0,0],[1,2],[7,8],[4,8],[1,6],[5,6],[4,7],[2,3],[2,4],[3,6],[1,4],[1,3],[1,8],[2,7],[5,8],[2,5],[3,8],[6,8],[1,5],[2,8],[3,4],[5,7],[6,7],[1,7],[4,6],[4,5],[3,7],[2,6],[3,5],[2,1],[4,3],[7,3],[6,1],[5,2],[8,3],[7,5],[6,3],[8,2],[6,5],[8,4],[6,2],[5,4],[5,1],[8,5],[8,1],[6,4],[8,6],[5,3],[4,1],[7,1],[7,4],[8,7],[3,2],[3,1],[7,6],[4,2],[7,2]]},"distEst2AFC":{"triplet":[[0,0,0],[6,2,8],[1,7,2],[5,6,7],[8,6,7],[3,2,5],[5,3,6],[1,7,2],[5,6,3],[7,6,1],[6,8,1],[5,3,6],[3,5,2],[7,1,6],[3,5,2],[1,2,7],[2,3,4],[7,1,6],[4,2,7],[1,2,7],[5,6,3],[7,6,1],[2,4,5],[3,2,5],[4,1,7]]}}