{"objLoc":[[0,0,0],[0.1,0.9,187],[0.9,0.9,341],[0.9,0.1,276],[0.7,0.7,102],[-0.1,0.1,80],[-0.9,0.1,248],[-0.9,0.9,61],[-0.7,0.3,142]],"objIdentity":[0,3,6,2,7,1,4,5,8],"familiarise":{"path":[[0,0.5,2],[0.49992384757819563,0.5087262032186417,47],[0.090347825433699736,0.22193798504311868,191],[0.53182162186316329,0.45667376643606405,234],[0.05629336371558652,0.30216526924859033,53],[0.082461341837058444,0.80148003662587719,249],[0.8138150434562289,0.1194816765633786,219],[0.86607927509005567,0.61674262424751525,347],[0.38792689710853795,0.76292847660888363,304],[0.20062360040058194,0.29933654932548992,187],[0.67046991079353613,0.47034662098832425,218],[-0.32815962396103771,0.4180106647453804,31],[-0.72747737898468412,0.11710315316935627,344],[0.27115215576988971,0.16943910941230012,323],[-0.16615769779980816,0.41184391953546862,202],[-0.31234355016117654,0.88999629751698639,102]]},"objlocLearn":{"learnOrder":[0,5,4,6,2,3,1,8,7],"startLoc":[[0,0,0],[-0.1,0.9,300],[-0.5,0.5,50],[0.1,0.5,190],[-0.1,0.5,180],[0.5,0.9,240],[0.1,0.1,10],[0.5,0.5,60],[-0.5,0.1,0]]},"objlocTestRun1":{"startLoc":[[0,0,0],[0.19966531162986784,0.2457447382501341,213],[0.22741601057283606,0.46770031378358556,247],[-0.12309235340068066,0.68159038630314539,27],[-0.40777736172272266,0.35497244965323349,203],[-0.19966531162986784,0.7542552617498659,94],[0.12309235340068066,0.31840961369685467,80],[0.40777736172272266,0.64502755034676651,42],[-0.22741601057283606,0.53229968621641444,36],[0.030605254476061702,0.60395778021458257,88],[0.45227604617286049,0.55968268907960406,269],[-0.030605254476061702,0.39604221978541737,214],[-0.45227604617286049,0.44031731092039594,194],[0.86115805841283533,0.4826180543521631,136],[-0.22275883813817016,0.24897912598658156,85],[0.22275883813817016,0.75102087401341844,213],[-0.86115805841283533,0.5173819456478369,303],[0.58091043972530976,0.72861421215539734,172],[-0.55932068209140207,0.1154659845662851,31],[-0.32530403511373379,0.52610286336142364,336],[0.32530403511373379,0.47389713663857636,175],[-0.93250270218888343,0.5060765297778711,46],[-0.58091043972530976,0.27138578784460266,303],[0.55932068209140207,0.8845340154337149,138],[0.93250270218888343,0.4939234702221289,40]],"learnOrder":[0,4,7,6,1,8,2,5,3,5,2,1,6,4,7,3,8,7,6,1,5,8,3,2,4]},"objlocTestRun2":{"startLoc":[[0,0,0],[-0.26707067251205413,0.58990337602074394,344],[0.0976645679914105,0.45017922675045469,124],[0.26707067251205413,0.410096623979256,78],[0.76591856786041257,0.92895806247116519,166],[0.62294771046053565,0.29865420253695713,9],[-0.0976645679914105,0.54982077324954526,89],[-0.62294771046053565,0.70134579746304282,236],[-0.76591856786041257,0.071041937528834823,122],[-0.58892656236545071,0.91610838011663076,8],[0.095955732817021785,0.33021053791747523,99],[-0.87917079214914651,0.26269880585094274,347],[0.58892656236545071,0.083891619883369239,257],[0.87917079214914651,0.73730119414905726,221],[-0.71894359736185642,0.77860972132546125,16],[0.71894359736185642,0.22139027867453875,353],[-0.095955732817021785,0.66978946208252477,198],[-0.244085823453065,0.600200311578768,185],[0.244085823453065,0.39979968842123204,292],[0.3224876590173989,0.23124025050454622,258],[0.49581667709079341,0.5192514012843602,300],[-0.49581667709079341,0.4807485987156398,53],[-0.3224876590173989,0.76875974949545378,213],[0.82610522287087673,0.35821866069738889,305],[-0.82610522287087673,0.641781339302611,124]],"learnOrder":[0,7,2,3,5,4,6,8,1,1,6,7,5,3,4,8,2,2,6,7,1,5,3,4,8]},"distEstPair":{"pairList":[[0,0],[2,1],[4,7],[5,2],[4,8],[6,5],[5,8],[3,1],[1,2],[8,1],[1,3],[5,6],[2,3],[8,3],[7,8],[6,7],[1,6],[7,3],[3,4],[4,1],[5,7],[8,5],[6,2],[7,5],[1,5],[3,6],[1,4],[4,2],[6,4],[8,7],[3,2],[4,3],[3,5],[6,8],[2,8],[2,7],[2,4],[7,6],[7,1],[5,4],[8,6]]},"distEstEgo":{"pairList":[[0,0],[2,1],[2,8],[2,3],[6,5],[7,6],[3,2],[7,3],[1,2],[6,7],[5,6],[4,2],[8,6]]},"distEst2AFC":{"triplet":[[0,0,0],[3,7,1],[4,3,1],[1,4,3],[6,5,7],[2,1,3],[7,8,2],[6,7,5],[2,3,1],[8,7,5],[5,8,7],[8,7,5],[6,7,5],[5,7,6],[6,5,7],[2,3,1],[4,3,1],[1,3,2],[4,1,3],[2,1,3],[7,3,5],[8,5,7],[3,4,6],[4,1,3],[8,5,7]]}}