{"objLoc":[[0,0,0],[0.1,0.9,314],[0.9,0.9,210],[0.9,0.1,101],[0.7,0.7,67],[-0.1,0.1,148],[-0.9,0.1,43],[-0.9,0.9,247],[-0.7,0.3,158]],"objIdentity":[0,4,7,2,3,5,8,1,6],"familiarise":{"path":[[0,0.5,51],[0.4095760221444959,0.21321178182447698,257],[-0.082827854361608111,0.12638769299101182,25],[-0.33282785436160811,0.55940039488323112,218],[0.095755795989448056,0.30188135742820404,22],[0.55934772327284177,0.11457806072024804,131],[0.06853413154900978,0.20998255840852043,94],[0.83457857466798779,0.85277016809505968,10],[0.83457857466798779,0.35277016809505968,264],[-0.1435690260658179,0.14485847727730033,163],[0.77693582738662248,0.53558960576657411,311],[-0.20787192562558554,0.3619414280996438,191],[-0.6860243036071032,0.21575557573827542,306],[-0.45128852221415783,0.65722937216773891,115],[0.0018653713041671405,0.44592024129738916,116],[0.49267896302799913,0.35051574360911675,94]]},"objlocLearn":{"learnOrder":[0,6,4,1,8,3,5,2,7],"startLoc":[[0,0,0],[0.1,0.5,190],[-0.5,0.5,50],[0.1,0.1,10],[0.5,0.5,60],[0.5,0.9,240],[-0.1,0.9,300],[-0.1,0.5,180],[-0.5,0.1,0]]},"objlocTestRun1":{"startLoc":[[0,0,0],[-0.23709180271989089,0.11768313687229137,198],[0.23709180271989089,0.88231686312770863,238],[-0.030108580624432932,0.41722526259746667,305],[-0.3002911080454817,0.699490256525706,201],[0.030108580624432932,0.58277473740253338,323],[-0.60749963294108555,0.88623006234100932,197],[0.3002911080454817,0.3005097434742941,295],[0.60749963294108555,0.11376993765899066,194],[-0.691229907032417,0.19269219881101873,184],[0.691229907032417,0.80730780118898127,291],[-0.74781411566193978,0.50692821415413269,139],[0.3212225597542559,0.58129731024995623,59],[-0.3212225597542559,0.41870268975004377,160],[0.74781411566193978,0.49307178584586731,208],[-0.48123595986854667,0.63332926323830163,34],[0.48123595986854667,0.36667073676169837,243],[-0.18722346144454988,0.7899951125892164,54],[0.62667745513820661,0.20968572078747788,56],[0.44579703210066896,0.380251473803128,195],[0.18722346144454988,0.2100048874107836,356],[0.12988629949538882,0.59586689455587138,159],[-0.62667745513820661,0.79031427921252217,292],[-0.12988629949538882,0.40413310544412856,95],[-0.44579703210066896,0.619748526196872,95],[0.48786790541896857,0.76476633651277459,341],[0.45399480525471642,0.72390746567707487,61],[0.06867413747907429,0.510676207680721,124],[-0.06867413747907429,0.48932379231927897,181],[-0.45399480525471642,0.27609253432292513,314],[0.18551494204319857,0.38396533869538485,226],[-0.48786790541896857,0.23523366348722546,198],[-0.18551494204319857,0.61603466130461515,105],[-0.56974124289197148,0.53196983902931971,223],[-0.2805224730002957,0.33901077746347463,269],[-0.34700736708806873,0.53331774306784852,336],[-0.094045069325945738,0.45828587735523568,81],[0.56974124289197148,0.46803016097068029,30],[0.094045069325945738,0.54171412264476437,67],[0.2805224730002957,0.66098922253652537,50],[0.34700736708806873,0.46668225693215148,173],[-0.49457399463138846,0.17047316610676688,185],[0.27463540026593464,0.80165515373365115,343],[-0.35412457334367681,0.53445542066977958,287],[0.70748658267961773,0.41219092869669016,289],[-0.27463540026593464,0.1983448462663488,85],[0.35412457334367681,0.46554457933022048,25],[0.49457399463138846,0.82952683389323312,12],[-0.70748658267961773,0.58780907130330984,208],[-0.46232125945211838,0.42921101426787245,58],[-0.15236488906901674,0.28835467656476138,349],[0.46232125945211838,0.57078898573212755,47],[0.94254445420894517,0.51157272683591493,184],[0.56758097982905387,0.075332657656213775,326],[-0.56758097982905387,0.92466734234378622,326],[-0.94254445420894517,0.48842727316408507,276],[0.15236488906901674,0.71164532343523867,245],[0.048815694996600725,0.65354027990304531,39],[-0.2785672383322641,0.43140984317761866,143],[0.2785672383322641,0.56859015682238134,35],[0.15353744930451579,0.45373426603817257,222],[0.65128611367761291,0.57067942369986868,325],[-0.048815694996600725,0.34645972009695469,218],[-0.15353744930451579,0.54626573396182743,147],[-0.65128611367761291,0.42932057630013132,172]],"learnOrder":[0,2,6,4,7,8,5,3,1,4,8,1,2,6,5,3,7,3,4,2,7,5,8,1,6,8,3,5,1,7,6,4,2,8,7,1,2,4,6,3,5,5,7,6,8,3,2,1,4,2,4,6,3,1,5,7,8,1,7,3,6,8,5,2,4]},"distEstPair":{"pairList":[[0,0],[7,8],[2,4],[2,3],[1,4],[2,5],[4,8],[1,5],[1,7],[3,4],[5,6],[6,7],[2,6],[6,8],[3,7],[1,8],[2,8],[1,2],[5,7],[4,6],[1,6],[4,7],[1,3],[3,8],[4,5],[2,7],[3,5],[5,8],[3,6],[7,4],[5,1],[7,6],[4,3],[8,1],[2,1],[5,4],[6,5],[6,3],[3,2],[5,3],[7,3],[8,6],[6,1],[6,2],[4,1],[7,2],[8,5],[8,2],[8,4],[7,5],[7,1],[4,2],[5,2],[6,4],[8,7],[8,3],[3,1]]},"distEst2AFC":{"triplet":[[0,0,0],[4,1,6],[6,8,2],[2,1,3],[5,6,3],[5,3,1],[1,5,7],[7,1,6],[6,7,5],[1,7,5],[8,2,6],[7,6,1],[2,4,6],[8,6,4],[2,6,1],[3,2,5],[1,5,7],[6,3,8],[3,5,2],[6,5,7],[2,3,1],[4,7,2],[5,1,3],[5,4,3],[5,1,3],[7,1,6],[5,3,6],[6,5,7],[5,6,3],[5,3,4],[7,6,1],[2,1,3],[3,2,5],[2,3,1],[5,3,6],[5,3,4],[5,3,1],[3,5,2],[1,7,5],[6,7,5],[5,4,3]]}}