{"objLoc":[[0,0,0],[0.1,0.9,18],[0.9,0.9,105],[0.9,0.1,260],[0.7,0.7,8],[-0.1,0.1,75],[-0.9,0.1,19],[-0.9,0.9,109],[-0.7,0.3,240]],"objIdentity":[0,3,5,6,1,7,2,8,4],"familiarise":{"path":[[0,0.5,243],[0.30783073766282915,0.10599462319663905,102],[0.19535521049089666,0.59317965558925667,96],[-0.28979265264710158,0.71414060338909058,318],[-0.070607079252562849,0.26474358023950706,195],[-0.48018310139705878,0.55153179841503008,268],[-0.8995183853697708,0.27921228090751654,324],[-0.688209254499421,0.73236617442584151,99],[-0.484840932961521,0.27559344560454108,193],[-0.039337670867337027,0.50258869547431451,48],[-0.41091008360603415,0.16802339229488539,347],[-0.89809511599865177,0.28049891946681788,293],[-0.51507289443916271,0.60189272431008756,235],[-0.091048846360949731,0.86685235642669,73],[-0.0042247575274845656,0.374448479920586,350],[-0.28382120926285803,0.78896726619810686,13]]},"objlocLearn":{"learnOrder":[0,7,3,1,6,4,2,8,5],"startLoc":[[0,0,0],[-0.5,0.1,0],[0.5,0.9,240],[0.1,0.1,10],[0.1,0.5,190],[-0.5,0.5,50],[-0.1,0.5,180],[0.5,0.5,60],[-0.1,0.9,300]]},"objlocTestRun1":{"startLoc":[[0,0,0],[0.077082634911480777,0.31433595317220864,56],[-0.19768731088205421,0.32625838461514678,244],[-0.19814493334057365,0.9061781570019749,6],[-0.19809111866284607,0.58569716223874735,174],[-0.077082634911480777,0.68566404682779136,12],[0.19814493334057365,0.0938218429980251,111],[0.19768731088205421,0.67374161538485322,347],[0.19809111866284607,0.41430283776125265,337],[-0.2484912218888044,0.29323758856954946,152],[-0.70412852839133333,0.89335775349744828,44],[0.78029945860697714,0.90585032936283139,342],[0.2484912218888044,0.70676241143045049,341],[-0.12792100339885998,0.18758273928723107,133],[0.70412852839133333,0.10664224650255172,20],[-0.78029945860697714,0.094149670637168614,45],[0.12792100339885998,0.81241726071276887,324],[-0.79744762357478849,0.92137694451587238,30],[-0.48850525845940623,0.90849264655635187,154],[0.43800832603194378,0.053262882943731021,101],[-0.67354176207007788,0.62659933665832268,82],[-0.43800832603194378,0.946737117056269,33],[0.79744762357478849,0.078623055484127569,1],[0.67354176207007788,0.37340066334167732,61],[0.48850525845940623,0.091507353443648187,218],[0.3094570752024281,0.25391410623200855,119],[0.083728542432863248,0.83466644741264218,254],[0.49470409433612522,0.70725439457307537,164],[-0.083728542432863248,0.16533355258735777,259],[0.71467264919609041,0.087980039592303452,70],[-0.49470409433612522,0.29274560542692463,82],[-0.3094570752024281,0.7460858937679915,340],[-0.71467264919609041,0.91201996040769651,329],[-0.036956207582780246,0.49039223314823244,207],[0.9131955275414434,0.73296370489985685,353],[-0.5541459144926697,0.49330914076365107,312],[0.036956207582780246,0.50960776685176756,316],[-0.9131955275414434,0.26703629510014315,190],[0.38709656097039685,0.10705668035642658,42],[-0.38709656097039685,0.89294331964357343,227],[0.5541459144926697,0.50669085923634893,347],[-0.58113833191234776,0.31892860001185031,159],[-0.74567033749318246,0.7835570826611663,191],[0.74567033749318246,0.2164429173388337,38],[-0.06519554026223566,0.28659663350218173,120],[0.06519554026223566,0.71340336649781833,52],[0.58113833191234776,0.68107139998814969,327],[-0.76964620337795009,0.924935011401017,359],[0.76964620337795009,0.075064988598983015,322],[0.19598811898058693,0.838467137990158,251],[0.6840953827171703,0.7714821573815851,195],[0.34221247567888419,0.81170167915650338,134],[-0.34221247567888419,0.18829832084349662,106],[-0.6840953827171703,0.2285178426184149,272],[-0.87866073245639753,0.42000584630037829,13],[-0.19598811898058693,0.16153286200984196,318],[0.87866073245639753,0.57999415369962171,137],[0.18192110373702225,0.35971070685686513,108],[0.51558299612870173,0.49217508478478456,278],[-0.18192110373702225,0.64028929314313487,167],[-0.73621860609898127,0.91237515222751631,331],[-0.046833946536385354,0.91078784837892846,191],[-0.51558299612870173,0.50782491521521544,319],[0.73621860609898127,0.0876248477724837,187],[0.046833946536385354,0.089212151621071489,347]],"learnOrder":[0,3,4,1,2,7,5,8,6,3,1,4,7,2,5,8,6,8,5,3,6,7,4,2,1,1,6,7,2,4,3,5,8,5,4,7,1,8,2,6,3,6,1,5,3,7,2,8,4,3,2,4,8,6,5,7,1,5,6,1,8,7,2,4,3]},"distEstPair":{"pairList":[[0,0],[3,4],[2,3],[1,6],[3,5],[4,8],[1,2],[1,3],[2,8],[1,8],[5,7],[6,7],[6,8],[3,7],[7,8],[4,7],[1,7],[2,4],[2,7],[5,6],[5,8],[3,6],[1,5],[2,6],[3,8],[4,6],[4,5],[2,5],[1,4],[5,4],[5,3],[7,4],[7,1],[7,5],[7,6],[2,1],[8,4],[5,2],[8,7],[6,2],[8,1],[4,2],[4,1],[4,3],[8,3],[6,3],[6,5],[6,1],[5,1],[8,6],[6,4],[8,5],[7,2],[3,1],[7,3],[3,2],[8,2]]},"distEst2AFC":{"triplet":[[0,0,0],[7,6,1],[3,5,2],[2,1,3],[6,7,5],[2,3,1],[5,1,3],[1,7,5],[6,5,7],[7,1,6],[4,7,2],[5,3,1],[7,6,1],[3,5,2],[8,2,6],[8,6,4],[2,1,3],[5,3,1],[1,5,7],[3,2,5],[1,7,5],[2,6,1],[1,5,7],[2,3,1],[4,1,6],[6,8,2],[6,5,7],[6,3,8],[2,4,6],[7,1,6],[3,2,5],[5,1,3],[6,7,5]]}}