{"objLoc":[[0,0,0],[0.1,0.9,56],[0.9,0.9,267],[0.9,0.1,95],[0.7,0.7,193],[-0.1,0.1,6],[-0.9,0.1,331],[-0.9,0.9,325],[-0.7,0.3,13]],"objIdentity":[0,7,2,3,8,4,6,5,1],"familiarise":{"path":[[0,0.5,349],[0.37157241273869712,0.83456530317942912,315],[0.13683663134575172,0.39309150674996562,329],[-0.81946812461728369,0.68546321147270239,62],[0.18037957053910758,0.66801080503541888,115],[0.66756460293172526,0.55553527786348633,88],[0.17372043263415637,0.47731804534337091,177],[-0.82567039438493939,0.51221754204587189,196],[-0.35291110658528096,0.34943346481729354,146],[-0.48232062913654133,0.83239637796182775,268],[0.84210076015184909,0.12818903378299151,232],[0.013063187596807468,0.68738193725373842,238],[0.4698359164181079,0.48401361571583834,54],[0.07583053961474695,0.1761828780530092,269],[0.57514530699203381,0.20235085617448112,231],[0.37177698545413373,0.6591235849957815,108]]},"objlocLearn":{"learnOrder":[0,7,4,3,1,8,5,6,2],"startLoc":[[0,0,0],[-0.5,0.1,0],[-0.5,0.5,50],[0.5,0.9,240],[0.1,0.1,10],[0.5,0.5,60],[-0.1,0.9,300],[0.1,0.5,190],[-0.1,0.5,180]]},"objlocTestRun1":{"startLoc":[[0,0,0],[0.527590958951281,0.90489386942397521,165],[-0.527590958951281,0.0951061305760248,42],[-0.35362179617781891,0.68027639450592825,216],[-0.16698432095204491,0.060719218074573034,302],[0.35362179617781891,0.31972360549407169,329],[0.46824124632587977,0.60492926663642321,343],[-0.46824124632587977,0.39507073336357679,210],[0.16698432095204491,0.939280781925427,186],[0.54082013541705676,0.24052208906127837,280],[-0.54082013541705676,0.75947791093872163,242],[0.014120764809458078,0.30712372333034743,59],[0.38566612889002133,0.15458516010304224,154],[-0.014120764809458078,0.69287627666965257,56],[0.13554342261926206,0.38313501894397362,205],[-0.38566612889002133,0.84541483989695776,184],[-0.13554342261926206,0.61686498105602638,164],[-0.52411299730007288,0.91244664444031764,357],[-0.52493453510410637,0.71616426100914743,325],[0.52411299730007288,0.087553355559682411,55],[0.48145719156612726,0.5729551873541846,219],[-0.48145719156612726,0.4270448126458154,173],[-0.47796687037786395,0.21231426217724741,299],[0.52493453510410637,0.28383573899085257,335],[0.47796687037786395,0.78768573782275264,299],[0.1592638272527131,0.18852674661586849,10],[0.27642220213413266,0.16537379225547755,321],[-0.25085993875629503,0.8640767718816158,60],[-0.1592638272527131,0.81147325338413157,121],[0.25085993875629503,0.13592322811838414,136],[0.26393483159809911,0.79411997764460807,295],[-0.27642220213413266,0.83462620774452245,72],[-0.26393483159809911,0.20588002235539193,64],[0.090539755590384144,0.3123711019903519,358],[-0.20841250209604906,0.33977082877765397,17],[0.20841250209604906,0.660229171222346,112],[-0.40228241664001024,0.17712283509316817,149],[-0.090539755590384144,0.6876288980096481,82],[0.40228241664001024,0.82287716490683183,98],[0.040479990808815772,0.4320366249897975,39],[-0.040479990808815772,0.56796337501020244,292],[0.89551805846239829,0.92226414165029724,89],[0.61910572077487536,0.13761713475012682,229],[-0.89551805846239829,0.077735858349702758,130],[-0.61910572077487536,0.86238286524987318,2],[-0.35423860451655126,0.71138335206902759,89],[0.35423860451655126,0.28861664793097247,299],[0.058905771828136014,0.90138031040305433,149],[-0.058905771828136014,0.09861968959694567,33],[0.75527263158125413,0.3577902313863045,351],[-0.46249413962847624,0.48407963446807845,235],[0.9486199580740613,0.65383122996343535,237],[0.19563785695203123,0.48828557730898103,334],[-0.9486199580740613,0.34616877003656465,336],[-0.75527263158125413,0.6422097686136955,317],[0.46249413962847624,0.51592036553192155,145],[-0.19563785695203123,0.511714422691019,101],[-0.63748808337406893,0.90444341334647638,174],[-0.55019466038033715,0.066571200775726869,273],[0.69903792042113344,0.53817534642671572,184],[0.63748808337406893,0.095556586653523623,136],[0.29601198047089189,0.45895790570179473,216],[-0.29601198047089189,0.54104209429820527,232],[0.55019466038033715,0.93342879922427313,353],[-0.69903792042113344,0.46182465357328428,224]],"learnOrder":[0,1,5,8,6,4,3,7,2,8,4,3,1,7,6,5,2,8,6,4,5,1,3,2,7,3,4,5,7,1,2,8,6,4,1,5,7,8,3,2,6,1,4,5,8,7,3,2,6,4,5,2,7,6,8,1,3,1,6,8,5,7,3,2,4]},"distEstPair":{"pairList":[[0,0],[2,3],[3,8],[5,7],[3,4],[3,5],[3,6],[2,7],[4,5],[2,5],[1,2],[2,6],[1,5],[5,8],[1,6],[4,7],[6,7],[3,7],[2,8],[5,6],[1,4],[4,6],[2,4],[6,8],[7,8],[1,3],[4,8],[1,8],[1,7],[2,1],[7,4],[7,1],[7,3],[8,6],[6,3],[8,4],[8,7],[4,3],[7,5],[6,1],[5,4],[4,1],[8,2],[8,5],[5,1],[3,2],[6,4],[8,3],[6,5],[5,3],[5,2],[7,2],[6,2],[3,1],[4,2],[7,6],[8,1]]},"distEst2AFC":{"triplet":[[0,0,0],[3,5,2],[2,3,1],[6,3,8],[3,5,2],[6,7,5],[1,5,7],[4,7,2],[5,1,3],[7,1,6],[2,1,3],[1,7,5],[5,3,1],[8,6,4],[6,5,7],[3,2,5],[2,1,3],[3,2,5],[7,1,6],[1,5,7],[4,1,6],[8,2,6],[1,7,5],[2,6,1],[2,3,1],[2,4,6],[7,6,1],[6,7,5],[5,1,3],[6,8,2],[5,3,1],[7,6,1],[6,5,7]]}}