{"objLoc":[[0,0,0],[0,0.95,18],[0.9,0.95,105],[0.9,0.05,260],[0.7,0.75,8],[0,0.05,75],[-0.9,0.05,19],[-0.9,0.95,109],[-0.7,0.25,240]],"objIdentity":[0,3,5,6,1,7,2,8,4],"familiarise":{"path":[[0,0.5,274],[0.5,0.9,350],[0.9,0.1,274],[-0.9,0.2,139],[-0.7,0.7,148],[0.5,0.5,257],[0,0.2,98],[-0.2,0.8,308],[-0.5,0.1,329],[0.7,0.4,274],[0.9,0.9,187],[-0.5,0.5,61],[0.5,0.9,108],[0.5,0.1,103],[-0.6,0.8,118]]},"objlocLearn":{"learnOrder":[0,3,7,1,2,8,5,4,6],"startLoc":[[0,0,0],[0.5,0.9,240],[-0.5,0.1,0],[0.1,0.1,10],[-0.1,0.5,180],[0.5,0.5,60],[-0.1,0.9,300],[-0.5,0.5,50],[0.1,0.5,190]]},"objlocTestRun1":{"startLoc":[[0,0,0],[-0.29023653906857921,0.601865209279143,343],[0.17186975073237737,0.84764125214163133,47],[0.29023653906857921,0.398134790720857,338],[0.53056859557662261,0.0925062170050632,273],[-0.53056859557662261,0.90749378299493677,17],[-0.17186975073237737,0.15235874785836867,239],[0.57793885064574768,0.85758160787690407,82],[-0.57793885064574768,0.14241839212309593,188],[-0.40346500507912614,0.81430290664553562,184],[0.2236703539916009,0.43641948018602916,39],[-0.17032706071164444,0.77914179454337351,294],[-0.2236703539916009,0.56358051981397084,347],[-0.32729097821620562,0.77414868681768312,212],[0.32729097821620562,0.22585131318231688,146],[0.40346500507912614,0.18569709335446444,237],[0.17032706071164444,0.22085820545662649,143],[-0.19070160422605625,0.14149369527377509,215],[0.56516039498916482,0.64912428299677538,156],[-0.56516039498916482,0.35087571700322462,56],[0.21805079155149348,0.18576588921443132,308],[-0.021159761428247228,0.47383042213148463,130],[0.19070160422605625,0.85850630472622491,37],[0.021159761428247228,0.52616957786851537,14],[-0.21805079155149348,0.81423411078556862,165],[0.072708783425014675,0.067763049037466772,47],[-0.68188999521965377,0.24039937072301631,254],[-0.072708783425014675,0.93223695096253323,23],[-0.044085128120846043,0.11131019816629395,2],[0.48618625622673045,0.21257937882089262,33],[0.68188999521965377,0.75960062927698369,291],[0.044085128120846043,0.888689801833706,253],[-0.48618625622673045,0.78742062117910738,310],[0.061557738148580274,0.2848021457143195,289],[-0.48150572538680853,0.23747274590270728,83],[-0.73654533069368555,0.32102528994276058,184],[0.48150572538680853,0.76252725409729272,195],[-0.061557738148580274,0.7151978542856805,106],[0.070682037127406436,0.12490374149058792,133],[0.73654533069368555,0.67897471005723942,98],[-0.070682037127406436,0.87509625850941208,34],[-0.074771710187181026,0.82767717461567691,272],[-0.600457741171849,0.67651970475618073,263],[-0.0866584155395758,0.32532364830996996,2],[-0.44187822588572451,0.94810954919644375,87],[0.44187822588572451,0.051890450803556282,98],[0.0866584155395758,0.67467635169003,285],[0.600457741171849,0.32348029524381927,183],[0.074771710187181026,0.17232282538432309,168],[-0.33324554273445423,0.11870775658022215,95],[0.608160369359261,0.17569818988161795,218],[-0.608160369359261,0.82430181011838211,316],[-0.32856557495571831,0.4291285634438,358],[0.32856557495571831,0.5708714365562,10],[0.33324554273445423,0.88129224341977785,189],[0.38411215480781497,0.20117756608966125,16],[-0.38411215480781497,0.79882243391033869,304],[0.25628673100022775,0.607068374530211,230],[-0.25628673100022775,0.39293162546978905,143],[0.0398895013666654,0.55749277624214844,111],[0.18753665288669169,0.74190891655369784,23],[-0.11629582049324731,0.67146960462246552,323],[-0.18753665288669169,0.25809108344630211,328],[0.11629582049324731,0.32853039537753448,343],[-0.0398895013666654,0.44250722375785162,332]],"learnOrder":[0,5,2,1,4,8,6,3,7,8,7,1,3,2,6,4,5,5,2,6,4,7,1,3,8,8,5,4,7,6,1,3,2,6,3,5,7,2,8,1,4,2,7,1,8,4,5,3,6,7,1,5,8,4,3,2,6,6,2,8,5,3,1,7,4]},"distEstPair":{"pairList":[[0,0],[2,6],[1,2],[3,5],[1,4],[6,7],[5,7],[6,8],[3,8],[4,5],[5,8],[3,6],[7,8],[3,7],[4,8],[2,7],[2,4],[1,8],[1,6],[4,6],[2,8],[1,3],[3,4],[1,7],[2,5],[2,3],[5,6],[4,7],[1,5],[8,3],[6,2],[6,1],[3,1],[8,7],[7,2],[7,3],[5,2],[8,2],[6,3],[8,5],[7,5],[6,5],[8,6],[7,6],[4,3],[8,4],[5,3],[3,2],[2,1],[5,4],[5,1],[4,2],[8,1],[6,4],[7,1],[4,1],[7,4]]},"distEst2AFC":{"triplet":[[0,0,0],[4,2,7],[1,7,2],[2,4,5],[5,3,6],[3,5,2],[2,3,4],[7,1,6],[6,8,1],[1,2,7],[5,6,3],[4,1,7],[5,3,6],[7,1,6],[3,2,5],[7,6,1],[8,6,7],[6,2,8],[1,2,7],[3,5,2],[5,6,7],[7,6,1],[1,7,2],[3,2,5],[5,6,3]]}}