{"objLoc":[[0,0,0],[0,0.95,109],[0.9,0.95,89],[0.9,0.05,334],[0.7,0.75,321],[0,0.05,246],[-0.9,0.05,205],[-0.9,0.95,197],[-0.7,0.25,76]],"objIdentity":[0,8,5,4,3,1,6,7,2],"familiarise":{"path":[[0,0.5,347],[0.5,0.9,22],[0.9,0.1,105],[-0.9,0.2,113],[-0.7,0.7,253],[0.5,0.5,255],[0,0.2,340],[-0.2,0.8,219],[-0.5,0.1,128],[0.7,0.4,152],[0.9,0.9,327],[-0.5,0.5,91],[0.5,0.9,110],[0.5,0.1,28],[-0.6,0.8,91]]},"objlocLearn":{"learnOrder":[0,3,8,2,6,1,7,5,4],"startLoc":[[0,0,0],[0.5,0.9,240],[0.5,0.5,60],[-0.1,0.5,180],[0.1,0.5,190],[0.1,0.1,10],[-0.5,0.1,0],[-0.1,0.9,300],[-0.5,0.5,50]]},"objlocTestRun1":{"startLoc":[[0,0,0],[0.20319476849041224,0.42550329467214576,313],[0.3517005614304613,0.1733644171909865,234],[-0.29126429367647971,0.81953435581244416,6],[0.29126429367647971,0.18046564418755584,166],[-0.20319476849041224,0.57449670532785424,195],[-0.12607319907492437,0.11727810737484301,107],[0.12607319907492437,0.882721892625157,30],[-0.3517005614304613,0.8266355828090135,58],[0.10757022605040918,0.88723618696693851,109],[-0.45945821315009855,0.88525610900232543,284],[-0.23291737360519144,0.4823166101767154,177],[-0.10757022605040918,0.11276381303306149,20],[0.814432937382944,0.60958616827243672,156],[0.45945821315009855,0.11474389099767462,146],[0.23291737360519144,0.51768338982328466,222],[-0.814432937382944,0.39041383172756328,30],[-0.31541695429867594,0.72123220982402092,221],[-0.1451502158137295,0.42183144693687341,255],[-0.930298352893882,0.705794707795178,52],[0.930298352893882,0.29420529220482206,266],[-0.26326811203021022,0.19994671848324203,355],[0.26326811203021022,0.800053281516758,287],[0.1451502158137295,0.57816855306312664,70],[0.31541695429867594,0.27876779017597914,33],[0.087146565765850156,0.49178325518241983,111],[0.17917952896448147,0.52048126179349175,353],[-0.17917952896448147,0.47951873820650825,82],[0.750388498672921,0.53875916070829821,194],[-0.750388498672921,0.46124083929170179,175],[-0.37749745213856484,0.76744567542023112,357],[0.37749745213856484,0.23255432457976888,197],[-0.087146565765850156,0.50821674481758017,356],[-0.30042815931069405,0.33535022719451957,108],[0.61427235630701293,0.56105225165313954,196],[0.84168213705410877,0.54965081674876626,151],[0.30042815931069405,0.66464977280548043,209],[0.44521011937638527,0.61495141958125077,234],[-0.44521011937638527,0.38504858041874923,70],[-0.61427235630701293,0.43894774834686046,294],[-0.84168213705410877,0.45034918325123374,35],[0.19131014744188474,0.92290986537012265,293],[-0.19131014744188474,0.077090134629877349,51],[0.75395251659197271,0.64772339139848212,337],[0.040970103616708678,0.419291388600747,98],[-0.75395251659197271,0.35227660860151788,241],[0.93732419909738962,0.38496075574517374,355],[-0.040970103616708678,0.580708611399253,180],[-0.93732419909738962,0.61503924425482626,210],[-0.51036836108522943,0.6621171795388795,9],[-0.018730165246881689,0.59600537509466667,266],[-0.20862700348158419,0.35086218553371507,217],[0.018730165246881689,0.40399462490533333,14],[0.51036836108522943,0.3378828204611205,258],[0.60520250097232919,0.78071661823702221,289],[0.20862700348158419,0.64913781446628493,343],[-0.60520250097232919,0.21928338176297785,275],[-0.26710241618575054,0.6773213718647646,261],[-0.26167225539631594,0.20680619394455158,247],[-0.49676780504081658,0.89079426010143137,256],[0.26167225539631594,0.79319380605544842,65],[-0.89782760229102287,0.1317062349503349,59],[0.89782760229102287,0.86829376504966516,19],[0.49676780504081658,0.10920573989856859,25],[0.26710241618575054,0.3226786281352354,178],[-0.58927079279727046,0.60523785116889417,82],[-0.46395471865850474,0.60545905411033307,175],[-0.71328923198637884,0.30981511048006039,168],[0.14005371442415576,0.34763653425681063,260],[-0.14005371442415576,0.65236346574318937,120],[0.71328923198637884,0.69018488951993961,267],[0.58927079279727046,0.39476214883110583,248],[0.46395471865850474,0.39454094588966693,55],[-0.75971891378772294,0.47273799711659403,172],[-0.61595814507882674,0.83844180184110406,220],[-0.22188890289220847,0.83403038405657648,299],[-0.62933079582695672,0.94084919040325032,337],[0.62933079582695672,0.059150809596749634,10],[0.22188890289220847,0.16596961594342352,345],[0.61595814507882674,0.16155819815889594,130],[0.75971891378772294,0.527262002883406,205]],"learnOrder":[0,5,2,4,8,1,7,3,6,4,7,1,8,2,3,5,6,7,4,6,2,1,5,8,3,7,2,6,1,5,4,8,3,4,1,3,8,2,6,5,7,2,6,3,4,7,5,8,1,5,3,6,7,1,8,2,4,3,8,6,4,1,5,2,7,7,1,6,4,8,2,3,5,6,4,3,5,1,7,8,2]},"distEstPair":{"pairList":[[0,0],[5,8],[6,7],[6,8],[2,5],[1,8],[1,4],[2,3],[7,8],[3,5],[4,5],[2,7],[2,4],[2,8],[1,5],[2,6],[5,6],[1,7],[3,8],[1,6],[4,7],[4,8],[3,7],[3,4],[1,2],[3,6],[4,6],[5,7],[1,3],[7,4],[5,2],[8,1],[8,2],[8,3],[6,3],[7,5],[8,5],[4,3],[7,3],[8,4],[6,4],[7,1],[6,1],[4,2],[3,2],[5,3],[5,1],[2,1],[6,5],[3,1],[5,4],[6,2],[7,2],[8,7],[4,1],[7,6],[8,6]]},"distEst2AFC":{"triplet":[[0,0,0],[7,1,6],[6,8,1],[3,5,2],[5,6,3],[3,2,5],[5,6,7],[7,6,1],[8,6,7],[2,3,4],[6,2,8],[5,6,3],[2,4,5],[7,6,1],[1,7,2],[4,1,7],[1,2,7],[5,3,6],[3,5,2],[4,2,7],[1,2,7],[5,3,6],[1,7,2],[3,2,5],[7,1,6]]}}