{"objLoc":[[0,0,0],[0,0.95,154],[0.9,0.95,294],[0.9,0.05,265],[0.7,0.75,313],[0,0.05,139],[-0.9,0.05,353],[-0.9,0.95,322],[-0.7,0.25,76]],"objIdentity":[0,7,8,2,1,5,4,6,3],"familiarise":{"path":[[0,0.5,135],[0.5,0.9,286],[0.9,0.1,55],[-0.9,0.2,62],[-0.7,0.7,30],[0.5,0.5,110],[0,0.2,282],[-0.2,0.8,59],[-0.5,0.1,26],[0.7,0.4,253],[0.9,0.9,66],[-0.5,0.5,216],[0.5,0.9,150],[0.5,0.1,185],[-0.6,0.8,80]]},"objlocLearn":{"learnOrder":[0,8,5,6,7,1,4,2,3],"startLoc":[[0,0,0],[0.5,0.5,60],[-0.1,0.9,300],[0.1,0.5,190],[-0.5,0.1,0],[0.1,0.1,10],[-0.5,0.5,50],[-0.1,0.5,180],[0.5,0.9,240]]},"objlocTestRun1":{"startLoc":[[0,0,0],[0.020462702591574497,0.41340743351225095,193],[0.72679385324349832,0.080180900578338377,340],[0.60193465242907174,0.20267314199717112,215],[-0.72679385324349832,0.91981909942166162,166],[-0.020462702591574497,0.586592566487749,99],[-0.0615249449815493,0.063579129366995654,240],[0.0615249449815493,0.93642087063300439,299],[-0.60193465242907174,0.79732685800282888,73],[-0.15831235182277154,0.86682027750998158,17],[-0.4478767100096655,0.94253980717674624,237],[-0.20289348330338047,0.2392948131825417,5],[0.20289348330338047,0.76070518681745836,337],[0.02039152882538027,0.68868407498738948,231],[0.15831235182277154,0.13317972249001847,178],[0.4478767100096655,0.057460192823253764,286],[-0.02039152882538027,0.31131592501261052,347],[0.550243869561949,0.42496692669982294,272],[0.55191602287512387,0.59402855054110781,337],[0.43261694077445861,0.89847302340123791,310],[0.92410394690109365,0.19676290237890381,171],[-0.43261694077445861,0.10152697659876209,50],[-0.92410394690109365,0.80323709762109619,46],[-0.550243869561949,0.57503307330017706,25],[-0.55191602287512387,0.40597144945889219,143],[-0.78809700885110723,0.31587236536673491,348],[0.20545144941480792,0.10468372700715334,268],[0.28290990712250225,0.86987408917213316,150],[-0.20545144941480792,0.89531627299284666,355],[0.66429809534259077,0.46368049792377436,335],[-0.66429809534259077,0.5363195020762257,152],[-0.28290990712250225,0.13012591082786684,134],[0.78809700885110723,0.68412763463326509,274],[0.043372265755454539,0.13664595091197373,105],[0.58408701177481281,0.79586202067989587,323],[-0.58408701177481281,0.20413797932010413,18],[-0.21468746438107594,0.68512451447552636,50],[0.48402767046410727,0.86948183287042213,193],[-0.043372265755454539,0.86335404908802627,65],[0.21468746438107594,0.31487548552447364,30],[-0.48402767046410727,0.13051816712957787,147],[-0.074987267649868891,0.24915927629451917,186],[0.80429119743085953,0.30933760509330938,163],[-0.80429119743085953,0.69066239490669057,327],[-0.50095082725283646,0.58912622255234637,330],[-0.49079293310681577,0.92803597947898553,62],[0.49079293310681577,0.071964020521014471,66],[0.074987267649868891,0.75084072370548083,222],[0.50095082725283646,0.41087377744765358,322],[-0.11071977077371815,0.45044304923257872,106],[0.34963770696466162,0.51826324979290939,358],[0.027303031925247037,0.69903713934236433,9],[-0.027303031925247037,0.30096286065763567,337],[-0.37291360766212051,0.86054026974699172,258],[0.11071977077371815,0.54955695076742128,294],[-0.34963770696466162,0.48173675020709061,158],[0.37291360766212051,0.13945973025300828,313],[-0.5507578236666304,0.89847645595808745,287],[-0.91732956490129469,0.28453011789326577,201],[-0.71699497297225978,0.1184996200161379,311],[0.5507578236666304,0.10152354404191255,101],[-0.70213142864547406,0.44507517379147721,186],[0.71699497297225978,0.8815003799838621,15],[0.70213142864547406,0.55492482620852279,314],[0.91732956490129469,0.71546988210673423,179]],"learnOrder":[0,6,5,8,1,2,3,7,4,5,2,3,7,4,1,6,8,6,7,4,5,8,1,2,3,5,8,2,4,3,7,6,1,8,7,3,1,2,4,5,6,3,1,5,8,2,6,7,4,8,1,3,7,2,4,5,6,4,7,5,8,6,1,2,3]},"distEstPair":{"pairList":[[0,0],[5,6],[3,8],[4,8],[1,3],[3,6],[4,5],[3,4],[2,4],[2,6],[3,7],[1,6],[4,6],[5,8],[2,5],[1,5],[1,7],[1,2],[2,7],[5,7],[6,8],[2,8],[3,5],[1,4],[6,7],[4,7],[1,8],[7,8],[2,3],[8,4],[5,4],[5,3],[2,1],[6,3],[8,5],[6,5],[7,3],[6,1],[4,2],[7,5],[4,1],[8,6],[8,2],[3,1],[6,2],[3,2],[4,3],[8,3],[5,1],[7,1],[8,7],[5,2],[7,6],[8,1],[7,4],[7,2],[6,4]]},"distEst2AFC":{"triplet":[[0,0,0],[3,2,5],[2,3,4],[5,6,3],[6,2,8],[5,3,6],[3,5,2],[7,1,6],[5,6,3],[4,1,7],[5,3,6],[4,2,7],[6,8,1],[1,7,2],[7,1,6],[1,2,7],[8,6,7],[5,6,7],[3,5,2],[1,2,7],[7,6,1],[2,4,5],[1,7,2],[7,6,1],[3,2,5]]}}