{"objLoc":[[0,0,0],[0,0.95,346],[0.9,0.95,252],[0.9,0.05,360],[0.7,0.75,80],[0,0.05,130],[-0.9,0.05,267],[-0.9,0.95,359],[-0.7,0.25,114]],"objIdentity":[0,1,8,3,4,2,7,5,6],"familiarise":{"path":[[0,0.5,242],[0.5,0.9,203],[0.9,0.1,196],[-0.9,0.2,322],[-0.7,0.7,304],[0.5,0.5,111],[0,0.2,228],[-0.2,0.8,245],[-0.5,0.1,350],[0.7,0.4,322],[0.9,0.9,340],[-0.5,0.5,232],[0.5,0.9,222],[0.5,0.1,82],[-0.6,0.8,175]]},"objlocLearn":{"learnOrder":[0,5,3,7,4,1,2,6,8],"startLoc":[[0,0,0],[-0.1,0.9,300],[0.5,0.9,240],[-0.5,0.1,0],[-0.5,0.5,50],[0.1,0.1,10],[-0.1,0.5,180],[0.1,0.5,190],[0.5,0.5,60]]},"objlocTestRun1":{"startLoc":[[0,0,0],[0.50977532636689937,0.588003426877306,144],[0.89702849279696517,0.76718670130071287,65],[-0.89702849279696517,0.23281329869928713,36],[0.60807052102718173,0.554801945581035,45],[0.11732429179985997,0.53259106315483318,227],[-0.50977532636689937,0.411996573122694,172],[-0.11732429179985997,0.46740893684516688,253],[-0.60807052102718173,0.445198054418965,37],[-0.283551324631161,0.53914978048446938,34],[-0.47722023772502103,0.28108343256080348,262],[0.89324298829386017,0.376530592087149,134],[-0.89324298829386017,0.623469407912851,104],[0.47722023772502103,0.71891656743919652,317],[0.2363126181037824,0.17873303529551166,13],[0.283551324631161,0.46085021951553062,7],[-0.2363126181037824,0.82126696470448834,115],[0.13510832681309809,0.19896141421428742,136],[-0.13510832681309809,0.80103858578571252,359],[-0.71668288117276935,0.4251469196862519,294],[-0.20470788796432565,0.63345863585951345,231],[0.20470788796432565,0.36654136414048655,56],[0.71668288117276935,0.57485308031374815,264],[0.72121927425302967,0.1526869083849679,104],[-0.72121927425302967,0.8473130916150321,133],[0.272194901056328,0.85060364159710988,7],[-0.272194901056328,0.14939635840289006,308],[-0.25007028382091184,0.89099101823103855,112],[-0.17240785724386204,0.71307630444464631,203],[0.17240785724386204,0.28692369555535369,33],[0.40138739871586376,0.55224574620347777,286],[-0.40138739871586376,0.44775425379652223,11],[0.25007028382091184,0.10900898176896151,21],[-0.11210535762429823,0.73899628401977124,260],[-0.94135628129587334,0.12500208571012905,12],[0.11210535762429823,0.26100371598022876,174],[0.0977394187807155,0.52796854718424757,257],[0.4578590887032799,0.41279770064560162,173],[0.94135628129587334,0.874997914289871,289],[-0.4578590887032799,0.58720229935439838,198],[-0.0977394187807155,0.47203145281575243,218],[-0.29504348735688829,0.70187408541881213,274],[0.29504348735688829,0.29812591458118781,5],[-0.94615578207128936,0.92419852390636081,335],[-0.42635498414527756,0.59358183913205731,223],[0.40025161702178885,0.36401778624717418,289],[0.42635498414527756,0.40641816086794269,5],[-0.40025161702178885,0.63598221375282582,203],[0.94615578207128936,0.075801476093639186,75],[-0.65795932726857331,0.525443966373848,98],[-0.087348407755852356,0.76118917050429546,138],[0.65795932726857331,0.47455603362615195,360],[-0.680147670084327,0.15014826825453631,357],[0.680147670084327,0.84985173174546369,275],[0.087348407755852356,0.23881082949570454,26],[-0.73919153572757512,0.32046025438652892,351],[0.73919153572757512,0.67953974561347108,355],[0.76470312975894,0.43391386497343876,87],[0.34608214815001,0.690619652035381,181],[0.048289920087533675,0.48279814812697053,251],[0.40838487697589626,0.35639562280180714,96],[-0.76470312975894,0.56608613502656124,348],[-0.40838487697589626,0.64360437719819286,324],[-0.048289920087533675,0.51720185187302947,190],[-0.34608214815001,0.309380347964619,183]],"learnOrder":[0,5,3,7,2,8,1,4,6,2,4,3,7,8,1,6,5,3,7,1,4,8,5,2,6,8,4,7,1,5,6,2,3,3,5,7,8,6,1,2,4,6,2,1,3,8,7,4,5,4,7,8,6,2,3,5,1,5,4,7,6,1,2,3,8]},"distEstPair":{"pairList":[[0,0],[1,3],[5,7],[2,7],[3,5],[1,8],[3,7],[6,8],[6,7],[1,7],[4,8],[4,6],[5,8],[7,8],[5,6],[1,2],[3,6],[2,5],[2,4],[2,3],[1,5],[2,8],[1,4],[4,5],[2,6],[1,6],[3,4],[3,8],[4,7],[5,3],[4,2],[6,5],[5,2],[6,1],[8,3],[7,1],[4,3],[7,6],[7,2],[6,4],[8,1],[7,4],[2,1],[8,6],[3,1],[8,2],[8,4],[3,2],[8,7],[7,5],[6,3],[4,1],[8,5],[5,4],[6,2],[7,3],[5,1]]},"distEst2AFC":{"triplet":[[0,0,0],[1,2,7],[3,5,2],[1,2,7],[7,6,1],[5,3,6],[3,2,5],[7,1,6],[1,7,2],[4,2,7],[4,1,7],[7,6,1],[3,5,2],[6,8,1],[5,6,7],[8,6,7],[2,4,5],[7,1,6],[5,3,6],[1,7,2],[5,6,3],[3,2,5],[2,3,4],[6,2,8],[5,6,3]]}}