{"objLoc":[[0,0,0],[0,0.95,235],[0.9,0.95,182],[0.9,0.05,317],[0.7,0.75,66],[0,0.05,307],[-0.9,0.05,271],[-0.9,0.95,240],[-0.7,0.25,356]],"objIdentity":[0,6,2,7,1,8,3,5,4],"familiarise":{"path":[[0,0.5,248],[0.5,0.9,311],[0.9,0.1,72],[-0.9,0.2,237],[-0.7,0.7,252],[0.5,0.5,127],[0,0.2,285],[-0.2,0.8,294],[-0.5,0.1,72],[0.7,0.4,342],[0.9,0.9,172],[-0.5,0.5,240],[0.5,0.9,77],[0.5,0.1,291],[-0.6,0.8,116]]},"objlocLearn":{"learnOrder":[0,5,1,2,8,4,7,6,3],"startLoc":[[0,0,0],[-0.1,0.9,300],[0.1,0.1,10],[-0.1,0.5,180],[0.5,0.5,60],[-0.5,0.5,50],[-0.5,0.1,0],[0.1,0.5,190],[0.5,0.9,240]]},"objlocTestRun1":{"startLoc":[[0,0,0],[-0.33028900623041862,0.18321605636706423,360],[0.21574377529434713,0.19958828014224228,244],[0.13780303538968325,0.061099283734628564,338],[-0.21574377529434713,0.80041171985775772,253],[-0.35219087574358093,0.48592041110506645,203],[0.33028900623041862,0.81678394363293583,223],[0.35219087574358093,0.51407958889493355,15],[-0.13780303538968325,0.93890071626537142,288],[-0.43868497589940442,0.64830332371451771,194],[-0.37095215877848381,0.46880671066655255,114],[0.43868497589940442,0.35169667628548229,222],[0.58618270242077308,0.35714517946827951,359],[-0.56218283804685676,0.47908209791738887,139],[0.56218283804685676,0.52091790208261113,161],[-0.58618270242077308,0.64285482053172049,46],[0.37095215877848381,0.53119328933344745,138],[-0.52653646031302181,0.52190086524223078,330],[0.79964403716150967,0.93772624843026753,116],[0.069283673840181373,0.47842382764955421,176],[0.74893119419740151,0.76497415445337369,68],[0.52653646031302181,0.47809913475776927,104],[-0.069283673840181373,0.52157617235044573,160],[-0.79964403716150967,0.06227375156973252,342],[-0.74893119419740151,0.23502584554662631,34],[-0.24577095444741887,0.88958571246569762,80],[-0.4220792239112186,0.9476467542316821,206],[-0.92679385958343552,0.50337914910122661,350],[0.28004195280915017,0.48944139821516452,42],[0.92679385958343552,0.49662085089877339,255],[0.24577095444741887,0.11041428753430238,273],[-0.28004195280915017,0.51055860178483548,184],[0.4220792239112186,0.0523532457683179,266],[0.52135878788886125,0.85548618210557792,335],[0.074755688263583323,0.87720155596413318,80],[0.54581302494297868,0.39103342342048142,227],[-0.32589196669706116,0.56276664677017951,253],[0.32589196669706116,0.43723335322982054,149],[-0.52135878788886125,0.14451381789442208,348],[-0.074755688263583323,0.12279844403586682,44],[-0.54581302494297868,0.60896657657951858,18],[0.919028520424032,0.642535292932483,174],[0.45414228875128876,0.10022327424284627,82],[-0.45414228875128876,0.89977672575715373,349],[-0.084443040809831157,0.62306822515359717,336],[0.055817465231111793,0.87880939439738315,8],[0.084443040809831157,0.37693177484640283,12],[-0.055817465231111793,0.12119060560261691,121],[-0.919028520424032,0.357464707067517,264],[0.35554947129760922,0.64368985605086448,24],[0.58557631160626267,0.24558766061110998,115],[-0.28261849595988259,0.092754585556449248,70],[-0.58557631160626267,0.75441233938889,106],[-0.19638336145184704,0.71928207117936682,188],[0.19638336145184704,0.28071792882063318,161],[0.28261849595988259,0.90724541444355078,5],[-0.35554947129760922,0.35631014394913552,217],[-0.49243946148025447,0.46302346436552189,132],[0.49243946148025447,0.53697653563447811,7],[0.15438388913778184,0.52165085425495228,4],[-0.82574943894161468,0.0603519115604676,52],[-0.15438388913778184,0.47834914574504778,317],[-0.49908214599068296,0.22680045231963741,261],[0.49908214599068296,0.77319954768036259,187],[0.82574943894161468,0.9396480884395324,342]],"learnOrder":[0,3,8,1,4,6,7,2,5,2,5,6,8,7,3,4,1,6,5,4,3,2,8,1,7,7,1,6,4,2,3,8,5,5,4,3,6,2,1,8,7,5,6,2,4,7,8,3,1,2,1,3,5,8,4,7,6,8,4,6,5,2,3,7,1]},"distEstPair":{"pairList":[[0,0],[2,3],[1,4],[2,6],[5,7],[3,5],[1,2],[5,8],[7,8],[4,6],[4,7],[6,8],[1,6],[1,7],[4,5],[1,3],[6,7],[2,5],[2,7],[3,6],[4,8],[3,4],[1,8],[2,8],[1,5],[5,6],[3,8],[3,7],[2,4],[7,1],[4,3],[8,3],[7,5],[6,3],[4,2],[5,1],[8,2],[5,2],[6,4],[5,4],[8,4],[3,1],[7,2],[8,5],[6,2],[8,6],[8,7],[7,3],[7,6],[3,2],[6,5],[8,1],[4,1],[2,1],[5,3],[7,4],[6,1]]},"distEst2AFC":{"triplet":[[0,0,0],[8,6,7],[5,3,6],[1,7,2],[7,6,1],[3,2,5],[2,4,5],[3,2,5],[1,7,2],[7,6,1],[4,1,7],[7,1,6],[1,2,7],[6,2,8],[3,5,2],[5,3,6],[1,2,7],[3,5,2],[6,8,1],[5,6,3],[7,1,6],[5,6,7],[4,2,7],[5,6,3],[2,3,4]]}}