{"objLoc":[[0,0,0],[0,0.95,310],[0.9,0.95,135],[0.9,0.05,200],[0.7,0.75,345],[0,0.05,266],[-0.9,0.05,294],[-0.9,0.95,37],[-0.7,0.25,335]],"objIdentity":[0,3,4,6,7,2,1,5,8],"familiarise":{"path":[[0,0.5,213],[0.5,0.9,18],[0.9,0.1,203],[-0.9,0.2,276],[-0.7,0.7,328],[0.5,0.5,34],[0,0.2,325],[-0.2,0.8,166],[-0.5,0.1,163],[0.7,0.4,360],[0.9,0.9,59],[-0.5,0.5,256],[0.5,0.9,58],[0.5,0.1,292],[-0.6,0.8,13]]},"objlocLearn":{"learnOrder":[0,4,2,5,3,1,6,8,7],"startLoc":[[0,0,0],[-0.5,0.5,50],[-0.1,0.5,180],[-0.1,0.9,300],[0.5,0.9,240],[0.1,0.1,10],[0.1,0.5,190],[0.5,0.5,60],[-0.5,0.1,0]]},"objlocTestRun1":{"startLoc":[[0,0,0],[-0.21210233317651267,0.1645749369615942,315],[-0.32498654613211403,0.49462867967172597,16],[0.53914709478983514,0.680695877248328,104],[0.33322041036538946,0.066874027441245154,110],[0.21210233317651267,0.8354250630384058,309],[-0.53914709478983514,0.31930412275167197,262],[-0.33322041036538946,0.93312597255875485,127],[0.32498654613211403,0.505371320328274,155],[-0.52517796705448672,0.69095340903325886,301],[0.16764070670380432,0.16798275348145458,34],[0.52517796705448672,0.30904659096674114,70],[-0.54565813252281115,0.72954831781115514,104],[0.54565813252281115,0.27045168218884486,202],[-0.045830589170722094,0.68131287924176931,62],[-0.16764070670380432,0.83201724651854536,72],[0.045830589170722094,0.31868712075823075,331],[-0.14985430072160638,0.38135146369092143,30],[0.48361798582549459,0.9116028127337793,179],[-0.48361798582549459,0.088397187266220673,208],[-0.0021563499596266161,0.591734797810664,18],[-0.039857636910973729,0.62781943974413679,345],[0.14985430072160638,0.61864853630907857,60],[0.039857636910973729,0.37218056025586316,28],[0.0021563499596266161,0.4082652021893361,268],[-0.54004609465263731,0.56569726008651733,216],[0.8693685679946479,0.13482802853238302,305],[0.54004609465263731,0.43430273991348273,309],[0.43302010205755476,0.82699787333588826,325],[0.25521376386769229,0.52964570969057934,218],[-0.25521376386769229,0.47035429030942066,63],[-0.8693685679946479,0.86517197146761693,299],[-0.43302010205755476,0.17300212666411174,96],[0.44723254193126211,0.78364903024708044,110],[-0.7073189177599204,0.41600797751122476,45],[0.90027787926116909,0.68898453703208329,88],[-0.266548984562271,0.70636752686538662,211],[-0.90027787926116909,0.31101546296791666,95],[0.7073189177599204,0.58399202248877524,75],[-0.44723254193126211,0.21635096975291956,323],[0.266548984562271,0.29363247313461338,34],[0.23777326399815518,0.22556974180734135,76],[0.20780969425690426,0.58542789574057807,251],[-0.20780969425690426,0.414572104259422,259],[0.52683311688567092,0.4715649797762218,204],[0.549231468868371,0.46140770253216129,341],[-0.52683311688567092,0.5284350202237782,349],[-0.23777326399815518,0.77443025819265865,230],[-0.549231468868371,0.53859229746783877,176],[0.5977599815768091,0.60682232021904614,213],[0.23531682260223058,0.68704272695836555,179],[-0.5977599815768091,0.39317767978095386,356],[-0.72133385985795573,0.4217996824394501,305],[-0.93683588715475241,0.42740191109603282,207],[0.72133385985795573,0.5782003175605499,296],[-0.23531682260223058,0.31295727304163445,308],[0.93683588715475241,0.57259808890396724,87],[0.32171794873383336,0.40626308507662834,86],[-0.32171794873383336,0.59373691492337166,315],[-0.10047692131414361,0.56193294952058481,289],[0.41141355708062305,0.31701879140194833,117],[0.29610997130858591,0.31139261513251165,230],[0.10047692131414361,0.43806705047941519,283],[-0.41141355708062305,0.68298120859805167,276],[-0.29610997130858591,0.68860738486748829,350]],"learnOrder":[0,4,1,3,6,8,7,2,5,7,2,3,4,8,5,6,1,8,7,3,5,6,4,2,1,6,4,2,1,3,7,8,5,3,4,5,6,1,8,7,2,7,6,2,8,1,4,3,5,8,6,4,7,1,3,2,5,5,1,6,8,3,2,4,7]},"distEstPair":{"pairList":[[0,0],[2,6],[3,8],[4,5],[7,8],[5,7],[1,6],[1,3],[2,4],[5,6],[2,8],[4,6],[5,8],[6,7],[1,7],[2,7],[2,3],[1,5],[1,8],[3,5],[3,6],[6,8],[4,8],[1,2],[3,7],[4,7],[3,4],[2,5],[1,4],[8,5],[8,6],[7,6],[4,1],[7,5],[8,3],[6,2],[6,3],[5,2],[8,7],[3,2],[4,2],[8,1],[7,1],[4,3],[7,3],[8,4],[6,4],[5,1],[3,1],[6,5],[6,1],[7,4],[8,2],[7,2],[2,1],[5,4],[5,3]]},"distEst2AFC":{"triplet":[[0,0,0],[7,1,6],[3,5,2],[1,7,2],[7,6,1],[3,2,5],[5,6,3],[2,3,4],[5,6,3],[3,5,2],[4,2,7],[1,2,7],[7,6,1],[2,4,5],[4,1,7],[7,1,6],[6,8,1],[3,2,5],[5,3,6],[6,2,8],[1,2,7],[5,6,7],[8,6,7],[5,3,6],[1,7,2]]}}