{"objLoc":[[0,0,0],[0,0.95,186],[0.9,0.95,279],[0.9,0.05,314],[0.7,0.75,3],[0,0.05,112],[-0.9,0.05,345],[-0.9,0.95,185],[-0.7,0.25,115]],"objIdentity":[0,6,8,2,4,5,1,7,3],"familiarise":{"path":[[0,0.5,336],[0.5,0.9,135],[0.9,0.1,271],[-0.9,0.2,275],[-0.7,0.7,314],[0.5,0.5,40],[0,0.2,109],[-0.2,0.8,171],[-0.5,0.1,243],[0.7,0.4,93],[0.9,0.9,253],[-0.5,0.5,237],[0.5,0.9,66],[0.5,0.1,116],[-0.6,0.8,320]]},"objlocLearn":{"learnOrder":[0,3,1,6,8,4,5,2,7],"startLoc":[[0,0,0],[0.5,0.9,240],[0.1,0.1,10],[0.1,0.5,190],[0.5,0.5,60],[-0.5,0.5,50],[-0.1,0.9,300],[-0.1,0.5,180],[-0.5,0.1,0]]},"objlocTestRun1":{"startLoc":[[0,0,0],[0.44553143499717524,0.60884918719006953,122],[-0.28621072328635194,0.70914404986837232,118],[-0.44553143499717524,0.39115081280993047,42],[-0.58923076805694907,0.36646382488944435,295],[0.9405955756181763,0.64608626640253675,37],[0.28621072328635194,0.29085595013162774,35],[0.58923076805694907,0.63353617511055571,251],[-0.9405955756181763,0.35391373359746325,338],[-0.40814216620799354,0.628308173073411,36],[-0.27715248305544032,0.44524131262910288,106],[0.23003343070874632,0.1851553707764298,47],[0.27715248305544032,0.55475868737089717,144],[-0.23003343070874632,0.81484462922357026,205],[0.40814216620799354,0.37169182692658903,299],[-0.21038456650735432,0.86471679109428168,155],[0.21038456650735432,0.13528320890571832,280],[0.523480165412,0.61582155692189344,144],[0.07272163737152644,0.15831251916053071,169],[-0.85192474740935564,0.33432710391676917,163],[-0.43860011662061876,0.88137847813855752,85],[0.85192474740935564,0.66567289608323077,115],[-0.523480165412,0.38417844307810656,350],[-0.07272163737152644,0.84168748083946932,32],[0.43860011662061876,0.11862152186144248,228],[-0.89037041586757026,0.73674322964328631,52],[0.94772876197346378,0.3091143709555827,184],[-0.94772876197346378,0.6908856290444173,70],[0.13476254030725326,0.28970412724558892,10],[0.55807128666337857,0.15051345297654328,185],[-0.13476254030725326,0.71029587275441108,160],[-0.55807128666337857,0.84948654702345672,242],[0.89037041586757026,0.26325677035671363,89],[-0.072587844309968827,0.711741299885576,348],[-0.20382488066177878,0.12439869320453217,155],[-0.16586031960411302,0.23405989863090049,235],[0.20382488066177878,0.87560130679546777,249],[0.15057718990487706,0.62474713540474636,342],[0.072587844309968827,0.288258700114424,242],[0.16586031960411302,0.76594010136909951,66],[-0.15057718990487706,0.37525286459525364,235],[-0.063053056861332266,0.12476229405549773,293],[0.614746520874919,0.31054667341268749,303],[-0.84299000641618327,0.79213762160101064,168],[-0.614746520874919,0.68945332658731251,241],[-0.29083040199337212,0.42097902958501654,332],[0.84299000641618327,0.20786237839898936,179],[0.063053056861332266,0.87523770594450223,166],[0.29083040199337212,0.57902097041498346,346],[0.48504056563366155,0.16977564624357244,356],[-0.13351852529736336,0.744334193601708,341],[0.54639938578417313,0.83077014834449447,346],[0.13351852529736336,0.255665806398292,92],[-0.48504056563366155,0.83022435375642756,222],[-0.54639938578417313,0.16922985165550553,178],[0.42186898373480736,0.94364372941820307,173],[-0.42186898373480736,0.056356270581796944,121],[-0.47263563554836313,0.18156659539487274,166],[0.67416012575164608,0.39182735854136336,181],[0.47263563554836313,0.81843340460512726,26],[0.5535057347297887,0.053880849910823536,126],[-0.0049968548601810464,0.86665024869257656,103],[0.0049968548601810464,0.13334975130742344,133],[-0.5535057347297887,0.94611915008917646,300],[-0.67416012575164608,0.60817264145863659,191],[-0.045503773282743423,0.55920383466846491,76],[0.045503773282743423,0.44079616533153509,99],[-0.48137291935710597,0.14904784274979455,333],[0.80883462164867281,0.32193042062736105,52],[-0.04393179238408966,0.16713832736381745,137],[0.48137291935710597,0.85095215725020545,171],[-0.80883462164867281,0.678069579372639,202],[0.04393179238408966,0.8328616726361826,351],[-0.049152313303046521,0.71628392108269467,153],[0.0044084527035103821,0.46050963370102643,120],[0.049152313303046521,0.28371607891730533,299],[-0.0044084527035103821,0.53949036629897362,347],[-0.091231172738487756,0.108493728529244,23],[0.091231172738487756,0.891506271470756,358],[0.43282498472461656,0.098745825435134882,264],[-0.43282498472461656,0.90125417456486512,67]],"learnOrder":[0,2,8,6,1,3,4,5,7,5,3,2,7,6,1,4,8,3,2,1,8,5,7,6,4,7,1,5,6,8,2,4,3,1,3,4,7,2,5,8,6,2,3,5,7,4,1,6,8,4,6,5,2,8,1,7,3,7,4,3,5,6,2,1,8,6,2,1,3,4,5,7,8,3,1,7,5,6,2,8,4]},"distEstPair":{"pairList":[[0,0],[1,3],[3,8],[1,2],[4,7],[5,8],[1,7],[4,8],[1,5],[2,5],[2,8],[3,5],[3,7],[6,8],[2,7],[4,5],[1,6],[2,3],[1,4],[5,6],[4,6],[7,8],[3,4],[2,4],[3,6],[2,6],[1,8],[5,7],[6,7],[8,3],[8,4],[7,5],[5,2],[8,1],[8,7],[4,2],[7,1],[7,4],[4,1],[5,1],[5,4],[5,3],[6,3],[7,2],[4,3],[2,1],[6,1],[8,5],[6,5],[3,2],[7,3],[8,2],[8,6],[7,6],[3,1],[6,4],[6,2]]},"distEst2AFC":{"triplet":[[0,0,0],[3,5,2],[7,6,1],[4,1,7],[7,1,6],[1,2,7],[4,2,7],[3,2,5],[5,3,6],[7,6,1],[1,7,2],[3,5,2],[5,6,3],[1,2,7],[6,8,1],[7,1,6],[6,2,8],[3,2,5],[5,6,3],[2,3,4],[8,6,7],[5,6,7],[1,7,2],[2,4,5],[5,3,6]]}}