{"objLoc":[[0,0,0],[0.1,0.9,278],[0.9,0.9,8],[0.9,0.1,229],[0.7,0.7,270],[-0.1,0.1,180],[-0.9,0.1,81],[-0.9,0.9,72],[-0.7,0.3,274]],"objIdentity":[0,5,2,1,6,8,3,7,4],"familiarise":{"path":[[0,0.5,233],[-0.34732918522949863,0.1403300998306744,18],[-0.097329185229498627,0.57334280172289365,90],[0.8423634355564098,0.23132265839722493,196],[-0.60652530387719272,0.6195512260510061,82],[-0.52830807135707725,0.12570705575343721,138],[0.43295362458124165,0.40134441157043638,333],[-0.5632410735105039,0.31418866882277818,334],[-0.070837197004399888,0.40101275765624333,205],[0.4254358788162611,0.34007808595366962,193],[-0.57441181634013017,0.35753049239095314,6],[0.39588390993586631,0.59945238799062084,353],[-0.52462094351657407,0.20872125950134707,207],[-0.78958057563317652,0.63274530757956,286],[-0.78085437241453481,0.13282146000136441,203],[-0.5854888081698979,0.59307388672758465,316]]},"objlocLearn":{"learnOrder":[0,6,3,8,4,7,1,5,2],"startLoc":[[0,0,0],[0.1,0.5,190],[0.5,0.9,240],[0.5,0.5,60],[-0.5,0.5,50],[-0.5,0.1,0],[0.1,0.1,10],[-0.1,0.9,300],[-0.1,0.5,180]]},"objlocTestRun1":{"startLoc":[[0,0,0],[-0.078823008149181348,0.51181043695902062,166],[-0.28269434430682344,0.13409633924939035,351],[0.21828416082557561,0.79873448222064325,246],[0.77879720402356678,0.22993812437526928,70],[0.078823008149181348,0.48818956304097938,17],[-0.21828416082557561,0.20126551777935675,343],[-0.77879720402356678,0.77006187562473072,310],[0.28269434430682344,0.86590366075060965,299],[-0.12374007251982851,0.41958705948745323,348],[0.6426965093370165,0.58914661771534338,216],[0.030360308455030946,0.1900527849145871,336],[-0.20250368637062083,0.828031274421758,53],[0.12374007251982851,0.58041294051254677,42],[0.20250368637062083,0.17196872557824205,134],[-0.030360308455030946,0.8099472150854129,276],[-0.6426965093370165,0.41085338228465662,116],[-0.53715815466544514,0.18634173629475681,230],[-0.57360875128908906,0.44250642980495086,4],[-0.66265173644134112,0.28159288043050923,196],[0.22034154058010841,0.71842740151549656,122],[-0.22034154058010841,0.28157259848450344,324],[0.57360875128908906,0.55749357019504919,339],[0.53715815466544514,0.81365826370524319,139],[0.66265173644134112,0.71840711956949077,143]],"learnOrder":[0,3,4,6,5,7,2,1,8,5,2,7,4,1,8,3,6,6,1,7,8,4,5,2,3]},"objlocTestRun2":{"startLoc":[[0,0,0],[0.082274682891672876,0.57479143365556,324],[-0.082274682891672876,0.42520856634444,22],[0.014441725304422739,0.62989395353727529,146],[-0.19600965413786614,0.2470454444387461,47],[-0.387782851780409,0.083801908347509918,32],[0.387782851780409,0.91619809165249011,283],[-0.014441725304422739,0.37010604646272471,110],[0.19600965413786614,0.7529545555612539,211],[0.21990006446378157,0.069048672054939489,317],[-0.54494552578056865,0.85613805383320241,318],[-0.21990006446378157,0.93095132794506052,217],[-0.891698803291402,0.45779450018111012,233],[0.891698803291402,0.54220549981888988,21],[0.54494552578056865,0.14386194616679759,108],[-0.14017483975728412,0.68555160031660878,250],[0.14017483975728412,0.31444839968339122,69],[-0.88529787786484859,0.66469859392479069,290],[-0.2958808111577364,0.22678848703110233,186],[0.2958808111577364,0.77321151296889767,273],[0.47588275992623291,0.20843791995532451,65],[0.88529787786484859,0.33530140607520931,30],[-0.47588275992623291,0.79156208004467543,174],[0.46524174620512854,0.55156586561275733,191],[-0.46524174620512854,0.44843413438724267,251]],"learnOrder":[0,7,3,4,6,1,5,8,2,2,4,6,1,5,8,7,3,8,7,3,2,4,6,1,5]},"distEstPair":{"pairList":[[0,0],[6,7],[5,7],[3,2],[6,5],[8,6],[4,8],[3,1],[4,1],[8,1],[1,2],[6,8],[7,6],[4,3],[4,7],[2,3],[7,3],[8,5],[3,5],[3,4],[5,2],[8,3],[2,1],[1,5],[7,1],[4,2],[2,7],[6,2],[5,4],[5,6],[7,5],[8,7],[1,3],[2,4],[1,6],[2,8],[3,6],[6,4],[1,4],[5,8],[7,8]]},"distEstEgo":{"pairList":[[0,0],[6,7],[2,8],[7,3],[6,5],[2,3],[7,6],[8,6],[1,2],[2,1],[3,2],[5,6],[4,2]]},"distEst2AFC":{"triplet":[[0,0,0],[4,3,1],[8,7,5],[7,8,2],[2,3,1],[8,7,5],[6,7,5],[8,5,7],[1,4,3],[6,5,7],[5,8,7],[4,1,3],[6,5,7],[7,3,5],[2,1,3],[6,7,5],[4,1,3],[5,7,6],[1,3,2],[4,3,1],[2,1,3],[3,4,6],[3,7,1],[2,3,1],[8,5,7]]}}