{"objLoc":[[0,0,0],[0.1,0.9,357],[0.9,0.9,198],[0.9,0.1,102],[0.7,0.7,28],[-0.1,0.1,161],[-0.9,0.1,171],[-0.9,0.9,18],[-0.7,0.3,59]],"objIdentity":[0,1,8,6,7,2,4,3,5],"familiarise":{"path":[[0,0.5,59],[-0.496273075820661,0.56093467170257372,338],[-0.87929529738015,0.88232847654584334,161],[-0.496273075820661,0.56093467170257372,111],[-0.7901657019668975,0.1564261745151,198],[-0.38058967982240161,0.443214392690623,269],[0.61803985493217217,0.39087843644767917,197],[0.88299948704877462,0.81490248452589209,184],[-0.517371152697028,0.27735056020794169,351],[-0.018056385319741131,0.25118258208646976,114],[-0.49868723328890058,0.38900125999496937,46],[0.37593247385049516,0.87381088024130649,291],[-0.048091574227717815,0.608851248124704,316],[-0.38909075425896711,0.24317439731511881,213],[-0.69692149192179631,0.6371797741184797,355],[-0.19882414287592354,0.59360190274465063,193]]},"objlocLearn":{"learnOrder":[0,2,7,1,5,6,3,8,4],"startLoc":[[0,0,0],[-0.1,0.5,180],[-0.5,0.1,0],[0.1,0.1,10],[-0.1,0.9,300],[0.1,0.5,190],[0.5,0.9,240],[0.5,0.5,60],[-0.5,0.5,50]]},"objlocTestRun1":{"startLoc":[[0,0,0],[0.615734907897294,0.770904996550863,356],[-0.65291688179228435,0.52585336741937128,348],[-0.615734907897294,0.22909500344913702,108],[0.65291688179228435,0.47414663258062867,118],[-0.90522132610853112,0.34620199317509248,204],[0.84541678755775373,0.91586482730825669,316],[-0.84541678755775373,0.08413517269174331,25],[0.90522132610853112,0.65379800682490752,303],[0.75179626281509515,0.41986873344555919,293],[0.28975225392571119,0.052252765363510534,332],[0.083650003250780938,0.82961947175965844,47],[-0.28975225392571119,0.94774723463648947,77],[-0.083650003250780938,0.17038052824034156,102],[0.2176089618312666,0.4975265464256865,123],[-0.75179626281509515,0.58013126655444081,325],[-0.2176089618312666,0.5024734535743135,85],[0.73578016438687643,0.18978794924376702,45],[-0.56863367110747332,0.58264490130464819,39],[-0.24602698159206532,0.37838715865153277,113],[0.24602698159206532,0.62161284134846717,68],[-0.73578016438687643,0.81021205075623293,110],[0.56863367110747332,0.41735509869535181,294],[0.44918813787729034,0.73566259735142214,138],[-0.44918813787729034,0.26433740264857786,189],[0.18712375282126598,0.65117734222069723,55],[0.86430257070263683,0.71061315295577188,16],[-0.18712375282126598,0.34882265777930282,161],[-0.86430257070263683,0.28938684704422812,109],[-0.12252669661024455,0.941834572553411,148],[-0.3723652650004598,0.21770765576543194,308],[0.3723652650004598,0.78229234423456806,4],[0.12252669661024455,0.058165427446589035,131],[-0.64050573008833833,0.71939266227346521,240],[0.64050573008833833,0.28060733772653473,280],[0.51523702353584766,0.78655694280238886,210],[-0.26808718061207165,0.22404154379073055,195],[-0.51523702353584766,0.21344305719761114,126],[0.22599099001146666,0.1611825766701509,317],[0.26808718061207165,0.7759584562092694,337],[-0.22599099001146666,0.8388174233298491,251],[-0.35368150512588631,0.37768588970983119,319],[0.43181554435271224,0.55434566836324672,213],[-0.2771180823857648,0.22407469751786047,323],[0.35368150512588631,0.62231411029016881,226],[-0.17969976007865157,0.387010226485502,332],[-0.43181554435271224,0.44565433163675328,138],[0.17969976007865157,0.612989773514498,8],[0.2771180823857648,0.77592530248213953,296],[0.30364424598506851,0.90594832010703885,207],[0.71773048644247983,0.37677790169724146,16],[0.50189817306639928,0.49959641115079634,334],[-0.50189817306639928,0.50040358884920366,158],[-0.71773048644247983,0.62322209830275854,159],[-0.30364424598506851,0.094051679892961149,354],[0.81942594564181048,0.66191043035900787,250],[-0.81942594564181048,0.33808956964099213,277],[-0.4081421814990624,0.0999566750036511,146],[-0.43080880417742512,0.71341491952625713,34],[-0.18323509403591171,0.76788004793656173,240],[0.18323509403591171,0.23211995206343827,190],[-0.74286988750964023,0.39046825200070334,28],[0.74286988750964023,0.60953174799929666,331],[0.4081421814990624,0.90004332499634887,287],[0.43080880417742512,0.28658508047374293,340]],"learnOrder":[0,3,6,7,2,8,5,1,4,5,7,2,3,6,8,1,4,1,6,3,7,5,2,4,8,8,3,4,7,1,2,6,5,7,3,4,2,8,5,6,1,5,3,6,1,8,7,4,2,1,3,8,4,7,5,2,6,4,7,2,6,5,1,8,3]},"distEstPair":{"pairList":[[0,0],[6,8],[4,5],[5,8],[1,6],[4,7],[3,6],[3,7],[5,6],[2,7],[3,5],[1,5],[4,6],[1,2],[3,8],[2,8],[4,8],[1,7],[1,4],[7,8],[2,6],[2,5],[1,3],[5,7],[3,4],[6,7],[1,8],[2,3],[2,4],[2,1],[4,2],[5,4],[8,3],[5,1],[7,6],[8,2],[7,5],[3,1],[8,6],[8,1],[6,3],[5,3],[6,2],[6,4],[4,3],[6,1],[8,5],[5,2],[6,5],[7,4],[3,2],[7,2],[8,4],[8,7],[7,1],[4,1],[7,3]]},"distEst2AFC":{"triplet":[[0,0,0],[8,6,4],[1,5,7],[5,3,1],[3,5,2],[2,1,3],[5,1,3],[5,6,3],[1,7,5],[6,5,7],[3,2,5],[7,6,1],[5,6,3],[6,5,7],[7,1,6],[6,7,5],[5,3,6],[2,6,1],[3,2,5],[7,1,6],[2,1,3],[2,4,6],[2,3,1],[5,3,6],[5,3,1],[3,5,2],[7,6,1],[4,1,6],[4,7,2],[8,2,6],[2,3,1],[5,3,4],[1,7,5],[6,7,5],[5,4,3],[5,1,3],[1,5,7],[5,3,4],[6,8,2],[6,3,8],[5,4,3]]}}