{"objLoc":[[0,0,0],[0.1,0.9,341],[0.9,0.9,168],[0.9,0.1,70],[0.7,0.7,210],[-0.1,0.1,224],[-0.9,0.1,247],[-0.9,0.9,38],[-0.7,0.3,269]],"objIdentity":[0,8,1,5,4,2,3,7,6],"familiarise":{"path":[[0,0.5,144],[0.32802951449525364,0.87735479011138606,129],[0.73760553663974959,0.590566571935863,139],[0.24853173627284675,0.69452241734474274,103],[-0.7258383285123885,0.46957136300087776,146],[0.72960526090160627,0.83245420640037937,253],[0.32509676371413254,0.5385615802541428,2],[-0.15043149443344422,0.38405308306666908,137],[-0.49776067966294285,0.74372298323599462,350],[-0.62717020221420317,0.26076007009146046,166],[-0.12747478870465528,0.27820981844271092,10],[0.74714491843474051,0.763019438689048,342],[-0.13580267442418648,0.29354787590315717,296],[0.34482817354497297,0.43136655381165678,49],[-0.15395385158493913,0.46624479068371943,33],[-0.607107745103264,0.25493565981336974,161]]},"objlocLearn":{"learnOrder":[0,2,6,4,5,8,7,1,3],"startLoc":[[0,0,0],[-0.1,0.5,180],[0.1,0.5,190],[-0.5,0.5,50],[-0.1,0.9,300],[0.5,0.5,60],[-0.5,0.1,0],[0.1,0.1,10],[0.5,0.9,240]]},"objlocTestRun1":{"startLoc":[[0,0,0],[-0.39746537719506042,0.53464315273804452,245],[0.39746537719506042,0.46535684726195548,147],[-0.21941832257309907,0.84897808392233964,261],[-0.453365101361412,0.41404474223135362,149],[-0.49732678060633256,0.8205077749130576,299],[0.49732678060633256,0.1794922250869424,340],[0.21941832257309907,0.15102191607766036,77],[0.453365101361412,0.58595525776864643,58],[0.5617471359933508,0.64058079952101354,9],[-0.47922664745655347,0.94073263423650622,242],[-0.31601302918584856,0.0796371800490296,62],[0.47922664745655347,0.059267365763493784,56],[0.31601302918584856,0.92036281995097036,193],[0.18722677024740148,0.86115043780784306,5],[-0.5617471359933508,0.35941920047898646,84],[-0.18722677024740148,0.13884956219215697,230],[-0.47601844681799493,0.71432283325521873,1],[-0.488104251622875,0.80856656279581718,120],[0.074045937882152454,0.693009143432703,167],[-0.40269708532261944,0.46558845898777929,136],[0.47601844681799493,0.28567716674478127,119],[0.488104251622875,0.19143343720418282,92],[0.40269708532261944,0.53441154101222077,330],[-0.074045937882152454,0.30699085656729691,68],[0.856904760123782,0.49736511301015218,73],[0.065882341636098782,0.83260634581142923,102],[-0.065882341636098782,0.16739365418857072,48],[-0.30741190561327175,0.6443024233010709,337],[-0.856904760123782,0.50263488698984782,330],[0.30741190561327175,0.3556975766989291,170],[0.099868434040069468,0.35273233787966091,299],[-0.099868434040069468,0.647267662120339,50],[-0.487402642910243,0.51186718458204816,145],[0.487402642910243,0.48813281541795184,194],[0.85820910039541753,0.44226776999761686,110],[-0.85820910039541753,0.55773223000238314,174],[-0.28059797255295654,0.18288579645667236,182],[0.28059797255295654,0.81711420354332764,60],[-0.026636025047906034,0.1239888286891685,56],[0.026636025047906034,0.8760111713108315,61],[0.033097718328082351,0.38294404713597396,166],[0.25567111783439683,0.13788872751301839,220],[0.47742615139296368,0.36185658991588021,269],[-0.53297031410147067,0.10606634290948649,225],[-0.033097718328082351,0.617055952864026,299],[0.53297031410147067,0.89393365709051353,53],[-0.25567111783439683,0.86211127248698161,341],[-0.47742615139296368,0.63814341008411979,214],[-0.23486761921925264,0.43255507493645495,187],[0.79128724491881752,0.0746293827814773,210],[0.80350980538509553,0.52656954458945449,162],[-0.79128724491881752,0.92537061721852276,181],[0.23486761921925264,0.567444925063545,37],[0.20639662317052537,0.050696439926649739,288],[-0.80350980538509553,0.47343045541054551,243],[-0.20639662317052537,0.94930356007335026,46],[0.719685144237663,0.38347021191094016,117],[-0.719685144237663,0.61652978808905989,97],[-0.537713363749172,0.3453870892397729,73],[0.44684840926440977,0.612400075945007,201],[-0.44684840926440977,0.387599924054993,126],[0.26112782096483794,0.4247068136608671,153],[0.537713363749172,0.6546129107602271,161],[-0.26112782096483794,0.57529318633913284,245]],"learnOrder":[0,5,1,3,4,6,2,7,8,1,2,3,6,7,8,5,4,4,1,7,2,8,5,6,3,2,5,1,8,6,4,3,7,4,8,1,5,7,3,6,2,1,6,7,4,5,8,2,3,1,4,3,8,5,6,7,2,4,8,7,1,5,2,3,6]},"distEstPair":{"pairList":[[0,0],[3,6],[2,3],[5,8],[3,7],[6,8],[1,2],[5,6],[6,7],[2,4],[1,4],[1,5],[5,7],[3,4],[4,5],[1,8],[3,5],[2,8],[2,7],[3,8],[4,6],[7,8],[1,3],[1,7],[2,5],[2,6],[1,6],[4,8],[4,7],[7,4],[4,1],[5,4],[7,6],[8,4],[5,3],[7,5],[7,1],[4,2],[3,1],[5,2],[7,2],[6,3],[8,3],[4,3],[6,1],[8,6],[8,5],[7,3],[5,1],[6,2],[6,4],[8,2],[2,1],[8,7],[6,5],[8,1],[3,2]]},"distEst2AFC":{"triplet":[[0,0,0],[7,1,6],[4,7,2],[6,5,7],[2,6,1],[2,3,1],[1,5,7],[2,4,6],[8,6,4],[6,8,2],[1,7,5],[5,3,1],[6,7,5],[3,5,2],[2,1,3],[6,7,5],[5,3,1],[7,6,1],[1,5,7],[2,1,3],[7,6,1],[3,5,2],[6,5,7],[1,7,5],[7,1,6],[2,3,1],[3,2,5],[5,1,3],[8,2,6],[3,2,5],[6,3,8],[5,1,3],[4,1,6]]}}