{"objLoc":[[0,0,0],[0,0.95,199],[0.9,0.95,255],[0.9,0.05,105],[0.7,0.75,184],[0,0.05,322],[-0.9,0.05,323],[-0.9,0.95,46],[-0.7,0.25,75]],"objIdentity":[0,3,1,6,2,4,8,5,7],"familiarise":{"path":[[0,0.5,9],[0.5,0.9,202],[0.9,0.1,94],[-0.9,0.2,150],[-0.7,0.7,103],[0.5,0.5,250],[0,0.2,159],[-0.2,0.8,57],[-0.5,0.1,197],[0.7,0.4,281],[0.9,0.9,111],[-0.5,0.5,80],[0.5,0.9,140],[0.5,0.1,338],[-0.6,0.8,352]]},"objlocLearn":{"learnOrder":[0,5,8,4,7,6,1,3,2],"startLoc":[[0,0,0],[-0.1,0.9,300],[0.5,0.5,60],[-0.5,0.5,50],[-0.5,0.1,0],[0.1,0.5,190],[0.1,0.1,10],[0.5,0.9,240],[-0.1,0.5,180]]},"objlocTestRun1":{"startLoc":[[0,0,0],[-0.077937379383565111,0.313537459272892,288],[0.35944278613433672,0.38624011173403544,56],[0.077937379383565111,0.686462540727108,81],[-0.35944278613433672,0.6137598882659645,88],[-0.021140835229385743,0.88514271280591317,173],[-0.52239644080431935,0.41586792473862377,1],[0.021140835229385743,0.11485728719408683,11],[0.52239644080431935,0.58413207526137623,167],[0.6444668098199442,0.70368754858523352,59],[-0.059013527471578772,0.29231202042595517,245],[-0.6444668098199442,0.29631245141476648,287],[0.546474579056605,0.48658480344867933,209],[-0.546474579056605,0.51341519655132073,251],[-0.31945612899700832,0.64413620243886394,141],[0.31945612899700832,0.35586379756113612,17],[0.059013527471578772,0.70768797957404483,159],[-0.39559372897167816,0.46191775939068014,134],[0.39559372897167816,0.53808224060931986,215],[0.13830835275086256,0.34322644225838705,49],[-0.037544083437721018,0.80789286728898213,82],[0.037544083437721018,0.19210713271101787,294],[-0.084969213186316048,0.24618719156841823,96],[-0.13830835275086256,0.656773557741613,148],[0.084969213186316048,0.75381280843158183,337],[-0.10422440639928914,0.10537603774694534,100],[0.46502941450628249,0.64429331575965132,53],[0.61329457647653518,0.88373869770257818,253],[0.68501443459916023,0.57762761402103935,205],[-0.46502941450628249,0.35570668424034868,221],[0.10422440639928914,0.89462396225305463,16],[-0.61329457647653518,0.11626130229742183,151],[-0.68501443459916023,0.42237238597896065,2],[0.78655300731128186,0.62029900740881738,89],[-0.67766859680448932,0.42271422774458656,255],[0.67766859680448932,0.57728577225541344,23],[-0.78655300731128186,0.37970099259118262,107],[0.41137306137880142,0.69982024403875887,356],[-0.41137306137880142,0.30017975596124119,350],[0.48891669784975761,0.075557654443789035,174],[-0.48891669784975761,0.924442345556211,265],[-0.25471288878004222,0.547560115835401,228],[0.25471288878004222,0.452439884164599,168],[-0.086218056508301208,0.23486931014448881,309],[0.086218056508301208,0.76513068985551125,63],[-0.51189001172535942,0.67232975985259724,299],[0.51189001172535942,0.32767024014740276,16],[0.43834543584517277,0.63601049339743954,313],[-0.43834543584517277,0.36398950660256046,244],[-0.28590603060610514,0.298454774506266,161],[0.57687690426973992,0.77713493324575711,242],[0.28590603060610514,0.701545225493734,166],[-0.0399412349837424,0.29730245494607532,281],[0.0399412349837424,0.70269754505392468,41],[-0.567380449018161,0.5126315538356977,183],[0.567380449018161,0.4873684461643023,314],[-0.57687690426973992,0.22286506675424284,334],[-0.42877228547235963,0.24355696691198192,80],[0.42877228547235963,0.75644303308801808,91],[-0.78426419931647107,0.48522697911642787,326],[-0.289223937625751,0.089195439814357513,125],[0.78426419931647107,0.51477302088357213,21],[-0.047331639794580591,0.58699739714167665,258],[0.047331639794580591,0.41300260285832335,150],[0.289223937625751,0.91080456018564249,265],[-0.26186519646311662,0.68691795963410407,172],[-0.12251094326713367,0.11311925457890321,181],[-0.896986890999155,0.18412572466264843,151],[0.26186519646311662,0.31308204036589593,105],[0.12251094326713367,0.88688074542109674,325],[0.896986890999155,0.81587427533735157,241],[-0.10122769043454168,0.78096665756850958,284],[0.10122769043454168,0.21903334243149042,323],[-0.082829220532063055,0.86918821742924168,91],[-0.87344365578112,0.46331524743215546,332],[-0.46881782389380849,0.328016370329812,311],[0.46881782389380849,0.671983629670188,183],[0.85899236175929561,0.66345060092668406,205],[0.082829220532063055,0.13081178257075832,42],[-0.85899236175929561,0.33654939907331594,275],[0.87344365578112,0.53668475256784454,63]],"learnOrder":[0,7,2,3,6,4,1,8,5,3,1,7,4,8,6,2,5,1,5,2,3,7,4,6,8,2,3,8,1,7,6,4,5,3,4,8,7,5,1,6,2,3,7,1,5,2,6,4,8,6,7,2,4,8,1,5,3,7,3,1,8,5,2,6,4,1,4,7,5,8,3,6,2,7,8,5,1,2,3,6,4]},"distEstPair":{"pairList":[[0,0],[5,6],[1,4],[2,4],[4,5],[4,7],[1,3],[4,8],[5,7],[5,8],[4,6],[3,6],[1,6],[6,7],[1,2],[3,7],[2,8],[3,4],[6,8],[2,6],[1,5],[2,5],[2,7],[1,7],[3,8],[1,8],[7,8],[3,5],[2,3],[7,1],[6,3],[8,3],[5,4],[5,1],[6,4],[8,1],[3,2],[8,5],[2,1],[6,1],[7,5],[4,2],[8,4],[7,3],[8,2],[4,3],[7,4],[6,5],[4,1],[7,2],[5,3],[3,1],[5,2],[7,6],[8,7],[8,6],[6,2]]},"distEst2AFC":{"triplet":[[0,0,0],[3,5,2],[4,1,7],[5,3,6],[3,2,5],[1,2,7],[2,4,5],[1,2,7],[7,6,1],[5,6,7],[6,2,8],[4,2,7],[1,7,2],[2,3,4],[7,1,6],[5,6,3],[1,7,2],[3,2,5],[7,6,1],[8,6,7],[6,8,1],[5,3,6],[3,5,2],[7,1,6],[5,6,3]]}}