{"objLoc":[[0,0,0],[0,0.95,91],[0.9,0.95,17],[0.9,0.05,244],[0.7,0.75,16],[0,0.05,42],[-0.9,0.05,218],[-0.9,0.95,69],[-0.7,0.25,241]],"objIdentity":[0,8,5,4,6,3,2,7,1],"familiarise":{"path":[[0,0.5,254],[0.5,0.9,114],[0.9,0.1,269],[-0.9,0.2,144],[-0.7,0.7,219],[0.5,0.5,263],[0,0.2,152],[-0.2,0.8,142],[-0.5,0.1,84],[0.7,0.4,159],[0.9,0.9,135],[-0.5,0.5,211],[0.5,0.9,37],[0.5,0.1,267],[-0.6,0.8,30]]},"objlocLearn":{"learnOrder":[0,1,5,2,6,3,8,7,4],"startLoc":[[0,0,0],[0.1,0.1,10],[-0.1,0.9,300],[-0.1,0.5,180],[0.1,0.5,190],[0.5,0.9,240],[0.5,0.5,60],[-0.5,0.1,0],[-0.5,0.5,50]]},"objlocTestRun1":{"startLoc":[[0,0,0],[0.50680553737315637,0.52392899485775568,305],[-0.34451083609618188,0.17331553678250844,235],[-0.53563338175629394,0.3619599179839425,134],[0.34451083609618188,0.82668446321749156,8],[-0.32101860463993787,0.27450498844503407,338],[0.53563338175629394,0.63804008201605744,314],[0.32101860463993787,0.72549501155496587,77],[-0.50680553737315637,0.47607100514224432,10],[-0.78186252207748708,0.21619356594912642,328],[0.777841548787104,0.44143098983317813,81],[0.42085121914740337,0.36852653689506742,256],[0.78186252207748708,0.78380643405087358,50],[-0.777841548787104,0.55856901016682192,307],[0.28307988230219067,0.41933032675899595,196],[-0.42085121914740337,0.63147346310493258,342],[-0.28307988230219067,0.580669673241004,12],[0.62652094191408469,0.074387344943668027,302],[-0.074699821200020763,0.26995789329685072,245],[-0.78844955381919557,0.57773595175780679,43],[0.074699821200020763,0.73004210670314928,119],[0.78844955381919557,0.42226404824219321,118],[-0.62652094191408469,0.925612655056332,111],[0.014387576515685493,0.5146862404309529,172],[-0.014387576515685493,0.48531375956904715,185],[-0.41337422968036425,0.25066339207965121,196],[0.059283374143116865,0.84660704132924081,106],[0.41337422968036425,0.74933660792034873,280],[-0.4129399075800147,0.79365331939966588,324],[0.22759832147615028,0.518673473296974,258],[-0.22759832147615028,0.48132652670302595,220],[-0.059283374143116865,0.15339295867075919,93],[0.4129399075800147,0.20634668060033412,146],[0.33930371801753906,0.55664932641537712,7],[-0.59447908002591143,0.93480762579622922,66],[0.71130629795765277,0.1784921018593581,353],[-0.33930371801753906,0.44335067358462288,243],[-0.71130629795765277,0.82150789814064185,20],[0.31351027986368213,0.36943663433579066,247],[0.59447908002591143,0.065192374203770775,265],[-0.31351027986368213,0.63056336566420934,89],[0.39725036260335361,0.821197523087838,287],[-0.39725036260335361,0.178802476912162,26],[-0.110711430393815,0.59571455823618269,180],[0.41786352703061075,0.4773477682745928,68],[-0.27954228071148784,0.37547639013751538,310],[0.110711430393815,0.40428544176381725,54],[-0.41786352703061075,0.5226522317254072,158],[0.27954228071148784,0.62452360986248467,190],[0.33733032398935819,0.7969017312408524,139],[-0.32464288398677182,0.86718945940870162,139],[0.14869945504229881,0.39030750149344606,17],[0.32464288398677182,0.13281054059129838,31],[-0.14869945504229881,0.60969249850655394,319],[0.76163013254822287,0.59221125046988521,358],[-0.33733032398935819,0.2030982687591476,316],[-0.76163013254822287,0.40778874953011479,337],[-0.385743203846208,0.28645957192696836,311],[-0.30479611264438372,0.55671271647683374,78],[-0.24624388300784922,0.1002423687816677,181],[0.30479611264438372,0.44328728352316626,265],[0.385743203846208,0.71354042807303164,251],[0.24624388300784922,0.8997576312183323,247],[-0.3644118111558669,0.695664578308949,90],[0.3644118111558669,0.30433542169105093,216],[0.1911949458021977,0.063138650516791572,170],[0.38212873212310722,0.77798215900125522,117],[-0.34691435036662138,0.85981191935880341,334],[-0.42463578969535593,0.19065837650818684,152],[-0.38212873212310722,0.22201784099874478,151],[0.34691435036662138,0.14018808064119664,127],[-0.1911949458021977,0.93686134948320843,304],[0.42463578969535593,0.80934162349181316,300],[-0.31119797767872209,0.10147237197939696,78],[-0.29815518080463926,0.73418417261156721,243],[-0.67525241867886221,0.92065061579970142,284],[0.11431655471509346,0.078945852871509792,260],[-0.11431655471509346,0.92105414712849021,32],[0.29815518080463926,0.26581582738843279,296],[0.67525241867886221,0.0793493842002986,313],[0.31119797767872209,0.898527628020603,231]],"learnOrder":[0,3,6,1,2,4,5,8,7,6,3,1,2,7,4,5,8,2,1,4,5,8,6,7,3,4,3,8,1,6,2,7,5,6,4,1,2,5,7,8,3,4,8,6,5,3,2,1,7,7,8,2,4,6,1,3,5,6,3,8,7,2,4,5,1,4,3,6,1,7,2,8,5,5,3,6,4,8,7,2,1]},"distEstPair":{"pairList":[[0,0],[2,3],[1,6],[2,4],[5,8],[1,5],[2,8],[5,6],[4,5],[7,8],[1,2],[2,6],[3,5],[4,6],[1,4],[4,8],[3,7],[4,7],[3,8],[6,7],[2,5],[1,7],[1,8],[3,6],[3,4],[5,7],[6,8],[1,3],[2,7],[8,5],[5,3],[7,4],[4,1],[8,1],[3,2],[6,1],[5,1],[7,1],[6,3],[5,4],[6,5],[7,5],[7,3],[4,3],[8,3],[4,2],[8,2],[6,2],[7,6],[6,4],[5,2],[8,4],[2,1],[8,6],[8,7],[3,1],[7,2]]},"distEst2AFC":{"triplet":[[0,0,0],[5,6,3],[7,6,1],[1,7,2],[5,6,7],[1,2,7],[2,3,4],[4,1,7],[8,6,7],[4,2,7],[1,7,2],[2,4,5],[3,5,2],[5,6,3],[7,1,6],[6,8,1],[5,3,6],[3,5,2],[7,1,6],[3,2,5],[5,3,6],[7,6,1],[3,2,5],[6,2,8],[1,2,7]]}}