{"objLoc":[[0,0,0],[0,0.95,65],[0.9,0.95,8],[0.9,0.05,167],[0.7,0.75,261],[0,0.05,152],[-0.9,0.05,175],[-0.9,0.95,5],[-0.7,0.25,176]],"objIdentity":[0,4,7,8,3,2,6,5,1],"familiarise":{"path":[[0,0.5,8],[0.5,0.9,43],[0.9,0.1,114],[-0.9,0.2,57],[-0.7,0.7,274],[0.5,0.5,295],[0,0.2,125],[-0.2,0.8,115],[-0.5,0.1,41],[0.7,0.4,31],[0.9,0.9,257],[-0.5,0.5,216],[0.5,0.9,21],[0.5,0.1,173],[-0.6,0.8,145]]},"objlocLearn":{"learnOrder":[0,8,7,4,3,2,1,5,6],"startLoc":[[0,0,0],[0.5,0.5,60],[-0.5,0.1,0],[-0.5,0.5,50],[0.5,0.9,240],[-0.1,0.5,180],[0.1,0.1,10],[-0.1,0.9,300],[0.1,0.5,190]]},"objlocTestRun1":{"startLoc":[[0,0,0],[-0.56322793257709769,0.89268221230281009,83],[0.2333846145406801,0.71595636601810531,279],[0.56322793257709769,0.10731778769718987,326],[-0.38221212258268195,0.2887990511859484,196],[-0.3976719337657279,0.073428569811266664,52],[0.38221212258268195,0.7112009488140516,225],[0.3976719337657279,0.92657143018873334,137],[-0.2333846145406801,0.28404363398189469,328],[0.15453948265450251,0.61914413743911512,81],[-0.23792719613550845,0.70762681383931,85],[-0.15453948265450251,0.38085586256088494,174],[-0.82251879165595709,0.58970441037037236,178],[0.25723027830752193,0.88697947763794782,68],[0.82251879165595709,0.41029558962962759,135],[0.23792719613550845,0.29237318616068997,241],[-0.25723027830752193,0.11302052236205221,170],[0.34320135660327106,0.88665566440373877,22],[0.29774673175845806,0.61429803727217969,150],[0.26896793613850317,0.22408988816505093,150],[-0.29774673175845806,0.38570196272782031,162],[-0.63277107631041218,0.28920831142518222,9],[-0.34320135660327106,0.1133443355962612,99],[-0.26896793613850317,0.77591011183494907,343],[0.63277107631041218,0.71079168857481778,318],[-0.39849903244290713,0.76109101109041055,339],[-0.61873923523727536,0.46967541629328191,274],[0.61873923523727536,0.53032458370671809,157],[0.50253308343449565,0.63735326592402564,338],[-0.71305970204499736,0.36674920222176777,109],[0.71305970204499736,0.63325079777823223,214],[0.39849903244290713,0.23890898890958945,212],[-0.50253308343449565,0.36264673407597436,159],[-0.37252573206424872,0.77628372776006216,91],[-0.59083649051462794,0.37200662713305033,119],[0.37252573206424872,0.22371627223993784,232],[0.78113116312138109,0.42395330230235623,103],[-0.78113116312138109,0.57604669769764372,125],[0.59083649051462794,0.62799337286694967,128],[-0.77026060952013653,0.23664075342806634,117],[0.77026060952013653,0.76335924657193366,299],[-0.86914370036931476,0.649513020694017,197],[0.40651512795913963,0.48289303257110694,7],[-0.11745554927526887,0.39558345343461365,267],[0.11745554927526887,0.60441654656538635,181],[-0.40651512795913963,0.51710696742889306,281],[0.86914370036931476,0.3504869793059831,179],[-0.50850124638468541,0.64932539512789478,112],[0.50850124638468541,0.35067460487210517,303],[-0.45267998341247856,0.0951500248365369,63],[0.26318126981391671,0.79806443127309246,101],[0.011565297846338793,0.50225328252656376,175],[0.45267998341247856,0.9048499751634631,310],[-0.011565297846338793,0.49774671747343618,42],[-0.11787750848072136,0.33698321578271756,122],[-0.26318126981391671,0.20193556872690754,192],[0.11787750848072136,0.6630167842172825,245],[-0.31470810709364411,0.600468797061333,38],[0.12114222603619433,0.29045719728664143,272],[0.12975037096180592,0.64282311628977973,201],[-0.28257217674093077,0.54700595567085986,187],[0.28257217674093077,0.45299404432914014,138],[0.31470810709364411,0.39953120293866695,114],[-0.12114222603619433,0.70954280271335857,321],[-0.12975037096180592,0.35717688371022027,358],[-0.25522668160340917,0.46538626224857044,64],[0.096214994809500756,0.92405768326789528,77],[-0.830513514664669,0.0686596809930542,241],[0.14356122800494558,0.3363684745883429,276],[-0.14356122800494558,0.66363152541165715,297],[0.830513514664669,0.9313403190069458,109],[-0.096214994809500756,0.07594231673210472,76],[0.25522668160340917,0.53461373775142951,27],[-0.49333398834912962,0.54251675195720217,136],[0.37588709320353958,0.55560139621039062,203],[-0.51404132618853615,0.68004319151250114,315],[-0.37588709320353958,0.44439860378960938,12],[0.51404132618853615,0.31995680848749891,33],[0.70860830388834128,0.44913100471543022,236],[-0.70860830388834128,0.55086899528456978,242],[0.49333398834912962,0.45748324804279783,45]],"learnOrder":[0,5,3,1,6,8,2,4,7,7,8,3,6,5,2,4,1,5,4,6,8,7,1,2,3,1,8,4,2,7,3,5,6,7,6,3,4,8,2,5,1,6,8,5,1,4,2,7,3,6,5,8,2,4,3,1,7,2,5,3,8,4,6,1,7,2,4,1,3,7,5,8,6,6,7,5,3,1,8,4,2]},"distEstPair":{"pairList":[[0,0],[4,7],[1,3],[4,6],[2,5],[3,6],[2,4],[1,2],[1,8],[1,6],[3,7],[1,5],[3,4],[6,7],[5,6],[2,8],[2,3],[7,8],[5,8],[1,4],[1,7],[2,6],[3,5],[6,8],[5,7],[4,8],[2,7],[3,8],[4,5],[2,1],[7,1],[6,3],[6,4],[5,2],[6,2],[7,4],[5,3],[7,6],[6,5],[3,1],[8,6],[8,4],[8,1],[4,3],[7,2],[5,4],[4,2],[8,3],[8,7],[8,5],[4,1],[5,1],[6,1],[3,2],[7,3],[7,5],[8,2]]},"distEst2AFC":{"triplet":[[0,0,0],[5,6,3],[6,2,8],[7,6,1],[6,8,1],[5,6,3],[3,5,2],[4,1,7],[1,7,2],[3,2,5],[8,6,7],[1,2,7],[2,4,5],[3,2,5],[5,3,6],[1,2,7],[5,3,6],[5,6,7],[3,5,2],[2,3,4],[7,6,1],[4,2,7],[7,1,6],[1,7,2],[7,1,6]]}}