{"objLoc":[[0,0,0],[0.1,0.9,263],[0.9,0.9,203],[0.9,0.1,45],[0.7,0.7,144],[-0.1,0.1,282],[-0.9,0.1,184],[-0.9,0.9,66],[-0.7,0.3,308]],"objIdentity":[0,6,3,5,8,7,1,4,2],"familiarise":{"path":[[0,0.5,184],[-0.45315389351832497,0.71130913087034975,235],[-0.72547341102583851,0.29197384689763772,256],[-0.22669138589592641,0.25709561002557507,139],[0.700492468670861,0.63170220344148709,98],[-0.799507531329139,0.63170220344148709,100],[-0.79078132811049728,0.13177835586329145,322],[0.19402642490171074,0.30542653353022176,320],[-0.23898627699050856,0.55542653353022176,21],[-0.64349477417798229,0.84931915967645832,215],[-0.59123054254415552,0.35205821199232168,187],[-0.46182101999289515,0.83502112513685578,64],[0.023326843145103082,0.71406017733702187,167],[0.35135635764035672,0.33670538722563587,69],[-0.1479584097369302,0.36287336534710779,244],[0.055409911800969908,0.81964609416840828,61]]},"objlocLearn":{"learnOrder":[0,7,3,8,4,1,2,6,5],"startLoc":[[0,0,0],[-0.5,0.1,0],[0.5,0.9,240],[0.5,0.5,60],[-0.5,0.5,50],[0.1,0.1,10],[-0.1,0.5,180],[0.1,0.5,190],[-0.1,0.9,300]]},"objlocTestRun1":{"startLoc":[[0,0,0],[-0.33731589244395538,0.814815460782192,188],[0.56829796427789958,0.085661533674033841,278],[-0.3324868990499526,0.14119737140722571,174],[0.33731589244395538,0.18518453921780798,331],[0.35206751911330686,0.80137690820831886,61],[-0.35206751911330686,0.19862309179168114,11],[0.3324868990499526,0.85880262859277434,95],[-0.56829796427789958,0.91433846632596616,304],[0.80905732657630192,0.072423674959173068,8],[-0.078845508113990645,0.45165467887028249,53],[-0.80905732657630192,0.92757632504082688,283],[0.078845508113990645,0.54834532112971757,13],[-0.13529736312665991,0.47233366157414258,306],[0.21374339342850507,0.36764399264185732,213],[-0.21374339342850507,0.63235600735814268,178],[0.13529736312665991,0.52766633842585742,232],[-0.70487240204238533,0.75490746329071867,204],[0.70487240204238533,0.24509253670928133,31],[0.0791832057444772,0.87897099481568164,190],[-0.305958198134804,0.72564425061408744,134],[-0.024352032382959285,0.21832829941243059,104],[0.024352032382959285,0.78167170058756941,132],[-0.0791832057444772,0.12102900518431836,101],[0.305958198134804,0.27435574938591251,337],[0.048121185192209717,0.52873389117900071,120],[-0.75265977742940615,0.67126027723006843,271],[0.80956227650236823,0.74149815106674344,103],[0.92350563722462686,0.89910826445391168,325],[-0.92350563722462686,0.10089173554608832,247],[-0.048121185192209717,0.47126610882099929,120],[-0.80956227650236823,0.25850184893325656,22],[0.75265977742940615,0.32873972276993163,174],[-0.38358970263572861,0.31126171937123942,309],[0.34680392872394167,0.46284377390843323,3],[-0.0070388596357654071,0.45607162105221677,121],[-0.19940966074565553,0.11195418500044976,273],[0.19940966074565553,0.88804581499955026,140],[0.0070388596357654071,0.54392837894778323,288],[-0.34680392872394167,0.53715622609156677,296],[0.38358970263572861,0.68873828062876052,334],[0.8707970100000928,0.55322741782965057,232],[-0.35405215582621313,0.69903762287451843,131],[-0.087724517955998851,0.738733437776576,243],[-0.53542530720104131,0.55849647573027528,222],[0.087724517955998851,0.261266562223424,82],[0.35405215582621313,0.30096237712548157,182],[0.53542530720104131,0.44150352426972472,178],[-0.8707970100000928,0.44677258217034943,28],[0.8207759878098726,0.67744767290518926,43],[-0.8207759878098726,0.32255232709481074,161],[0.69939187407930525,0.93941301770863817,62],[-0.208919811023693,0.0789577916435184,189],[-0.69939187407930525,0.060586982291361863,20],[-0.18219882692597084,0.80060680251962124,296],[0.18219882692597084,0.19939319748037876,343],[0.208919811023693,0.92104220835648154,242],[-0.14757193195819457,0.77838350600357165,45],[0.46041783517244611,0.9295306975623292,94],[0.14757193195819457,0.22161649399642835,71],[0.20235768281458227,0.36411447823504006,281],[-0.46041783517244611,0.0704693024376708,84],[-0.74908847327848815,0.62341295324623736,45],[-0.20235768281458227,0.63588552176495994,323],[0.74908847327848815,0.3765870467537627,342]],"learnOrder":[0,4,6,3,8,1,5,7,2,1,2,5,6,4,3,7,8,8,4,3,5,2,6,7,1,2,8,3,1,5,6,7,4,2,1,8,3,7,4,5,6,4,3,6,5,2,7,1,8,2,6,5,4,1,3,7,8,2,1,6,4,5,7,8,3]},"distEstPair":{"pairList":[[0,0],[1,4],[3,5],[2,8],[5,6],[3,8],[7,8],[4,8],[1,8],[4,5],[2,6],[5,7],[1,6],[1,3],[1,5],[3,7],[2,7],[4,7],[6,8],[3,4],[1,7],[4,6],[6,7],[2,4],[3,6],[2,3],[1,2],[2,5],[5,8],[7,2],[8,3],[7,6],[8,5],[6,5],[5,3],[8,7],[6,1],[3,2],[8,4],[7,1],[5,4],[6,2],[2,1],[8,6],[7,3],[4,3],[7,4],[4,2],[4,1],[7,5],[6,4],[3,1],[5,1],[8,2],[5,2],[6,3],[8,1]]},"distEst2AFC":{"triplet":[[0,0,0],[2,3,1],[1,5,7],[5,3,6],[5,3,4],[1,5,7],[7,6,1],[5,3,4],[6,5,7],[4,1,6],[2,1,3],[5,3,6],[5,1,3],[2,3,1],[6,3,8],[2,1,3],[7,6,1],[6,7,5],[1,7,5],[6,7,5],[5,4,3],[5,3,1],[7,1,6],[3,2,5],[7,1,6],[5,1,3],[6,8,2],[6,5,7],[1,7,5],[8,6,4],[3,2,5],[2,6,1],[5,6,3],[5,3,1],[2,4,6],[3,5,2],[5,6,3],[3,5,2],[4,7,2],[5,4,3],[8,2,6]]}}