{"objLoc":[[0,0,0],[0.1,0.9,280],[0.9,0.9,86],[0.9,0.1,297],[0.7,0.7,348],[-0.1,0.1,351],[-0.9,0.1,164],[-0.9,0.9,220],[-0.7,0.3,280]],"objIdentity":[0,3,5,4,7,1,8,2,6],"familiarise":{"path":[[0,0.5,100],[-0.32139380484326963,0.883022221559489,85],[0.11591604872642824,0.64061741143632045,305],[0.57268877754772873,0.84398573297422053,81],[0.563962574329087,0.34406188539602489,249],[-0.43360147593073717,0.27430541165189959,56],[-0.42487527271209541,0.77422925923009522,74],[-0.5876593499406737,0.3014699714304368,25],[-0.18315085275319998,0.59536259757667342,270],[-0.636304746271525,0.38405346670632368,65],[0.2547017779168429,0.83804396644587054,45],[0.60825516851011674,0.48449057585259675,81],[-0.8336373753973616,0.89794660957809547,101],[-0.798759138525299,0.39916458444818337,13],[-0.5795735651307603,0.84856160759776689,92],[0.88198153204709251,0.51113502608196937,241]]},"objlocLearn":{"learnOrder":[0,7,2,6,5,3,1,8,4],"startLoc":[[0,0,0],[-0.5,0.1,0],[-0.1,0.5,180],[0.1,0.5,190],[-0.1,0.9,300],[0.5,0.9,240],[0.1,0.1,10],[0.5,0.5,60],[-0.5,0.5,50]]},"objlocTestRun1":{"startLoc":[[0,0,0],[0.15473277154541115,0.21175531576902296,300],[0.24273257639417573,0.26737042496161656,117],[-0.60146690265579816,0.87825189401940218,215],[-0.15473277154541115,0.788244684230977,66],[-0.69844411087406466,0.67337263196718578,116],[0.60146690265579816,0.12174810598059782,251],[0.69844411087406466,0.32662736803281422,181],[-0.24273257639417573,0.73262957503838344,314],[0.31485232047681683,0.78781661815168125,299],[-0.62381693441338681,0.8043341289989,108],[-0.41935665818397488,0.91237224279089335,11],[0.62381693441338681,0.1956658710011,232],[-0.31485232047681683,0.2121833818483187,313],[0.012713566062325168,0.30336695318158413,307],[0.41935665818397488,0.087627757209106621,6],[-0.012713566062325168,0.69663304681841587,55],[-0.24685393246634385,0.50407602167738341,66],[-0.121904529837441,0.6351960077590717,102],[-0.19904054529909837,0.19520494110967251,115],[0.121904529837441,0.3648039922409283,30],[0.68286443617366632,0.34767733042449744,132],[0.19904054529909837,0.80479505889032743,326],[0.24685393246634385,0.49592397832261659,45],[-0.68286443617366632,0.65232266957550256,282]],"learnOrder":[0,3,6,5,7,4,1,8,2,8,1,6,5,4,3,2,7,3,5,2,1,8,6,7,4]},"objlocTestRun2":{"startLoc":[[0,0,0],[0.67449437057461314,0.861332831674676,21],[-0.67449437057461314,0.13866716832532403,23],[0.65438708732666728,0.40297869207326237,155],[0.37267688162102769,0.39771091949161841,348],[-0.65438708732666728,0.59702130792673769,79],[0.42544213854244878,0.74614700901816988,342],[-0.42544213854244878,0.25385299098183017,16],[-0.37267688162102769,0.60228908050838159,320],[0.11434469480055327,0.68905930105675739,204],[-0.77924439711694293,0.20338027062211794,297],[-0.37110053242034419,0.17261004300975613,174],[0.77924439711694293,0.79661972937788206,91],[0.37110053242034419,0.82738995699024387,304],[-0.82763883203564226,0.767385596400536,123],[-0.11434469480055327,0.31094069894324261,263],[0.82763883203564226,0.23261440359946395,344],[-0.40669675946375733,0.860569111410464,330],[-0.36907510943724881,0.90242041821482766,184],[-0.85665496198967617,0.27675380108643122,87],[0.36907510943724881,0.097579581785172287,285],[0.85665496198967617,0.72324619891356878,17],[0.72274072230402064,0.59702840337837049,324],[-0.72274072230402064,0.40297159662162951,204],[0.40669675946375733,0.139430888589536,6]],"learnOrder":[0,5,1,3,8,7,6,2,4,1,7,2,3,6,8,5,4,7,6,5,2,1,8,4,3]},"distEstPair":{"pairList":[[0,0],[8,3],[8,1],[5,8],[3,6],[6,2],[6,4],[4,3],[4,2],[2,3],[1,6],[1,2],[7,3],[2,7],[6,8],[1,4],[6,5],[8,7],[1,5],[3,5],[3,2],[7,5],[7,1],[7,6],[5,4],[4,8],[4,1],[3,4],[7,8],[5,2],[8,5],[3,1],[2,4],[2,8],[1,3],[5,6],[6,7],[5,7],[4,7],[8,6],[2,1]]},"distEstEgo":{"pairList":[[0,0],[7,6],[5,6],[6,7],[8,6],[2,8],[1,2],[6,5],[2,3],[2,1],[7,3],[4,2],[3,2]]},"distEst2AFC":{"triplet":[[0,0,0],[2,1,3],[7,3,5],[2,3,1],[4,1,3],[6,5,7],[8,7,5],[1,3,2],[8,7,5],[4,3,1],[6,5,7],[8,5,7],[3,4,6],[6,7,5],[4,1,3],[7,8,2],[4,3,1],[5,8,7],[2,1,3],[6,7,5],[8,5,7],[3,7,1],[2,3,1],[5,7,6],[1,4,3]]}}