{"objLoc":[[0,0,0],[0,0.95,349],[0.9,0.95,198],[0.9,0.05,351],[0.7,0.75,258],[0,0.05,252],[-0.9,0.05,78],[-0.9,0.95,352],[-0.7,0.25,3]],"objIdentity":[0,7,4,1,2,8,3,5,6],"familiarise":{"path":[[0,0.5,4],[0.5,0.9,140],[0.9,0.1,16],[-0.9,0.2,345],[-0.7,0.7,158],[0.5,0.5,342],[0,0.2,284],[-0.2,0.8,312],[-0.5,0.1,63],[0.7,0.4,27],[0.9,0.9,217],[-0.5,0.5,61],[0.5,0.9,265],[0.5,0.1,148],[-0.6,0.8,191]]},"objlocLearn":{"learnOrder":[0,3,4,8,2,6,5,7,1],"startLoc":[[0,0,0],[0.5,0.9,240],[-0.5,0.5,50],[0.5,0.5,60],[-0.1,0.5,180],[0.1,0.5,190],[-0.1,0.9,300],[-0.5,0.1,0],[0.1,0.1,10]]},"objlocTestRun1":{"startLoc":[[0,0,0],[-0.59085105703330576,0.47535917824919577,113],[-0.12953806445166755,0.79716929188851171,43],[0.12953806445166755,0.20283070811148829,136],[0.59085105703330576,0.52464082175080429,11],[-0.076141986321331914,0.83373189469660614,194],[0.28462970713675023,0.40721000261155937,341],[-0.28462970713675023,0.59278999738844063,161],[0.076141986321331914,0.16626810530339392,225],[-0.20371576783795314,0.60703693397968428,221],[0.15812502111111121,0.13579917013096965,337],[0.21766940806563068,0.37728531234035412,265],[0.20371576783795314,0.39296306602031572,297],[-0.23544061574162373,0.25933552961888851,121],[-0.21766940806563068,0.62271468765964588,327],[-0.15812502111111121,0.86420082986903035,67],[0.23544061574162373,0.74066447038111149,147],[0.18083208710927862,0.65194294721798962,266],[-0.508740265228417,0.90631927722240269,121],[0.508740265228417,0.093680722777597258,320],[-0.18083208710927862,0.34805705278201043,310],[0.12014404531492488,0.71517005843495407,60],[-0.60994957092185142,0.38801819172878815,84],[0.60994957092185142,0.61198180827121185,19],[-0.12014404531492488,0.284829941565046,310],[0.16630279784076213,0.57286936890292961,123],[0.0048128127211752442,0.66800037192471129,142],[-0.16630279784076213,0.42713063109707033,98],[0.13706366351822225,0.810899284184702,45],[-0.027842024458947304,0.43552276554672575,165],[-0.13706366351822225,0.18910071581529797,85],[0.027842024458947304,0.56447723445327425,203],[-0.0048128127211752442,0.33199962807528871,73],[0.23478079487313636,0.12486571031377505,185],[-0.23478079487313636,0.875134289686225,342],[0.46800866754337206,0.4507332233516973,134],[-0.46800866754337206,0.5492667766483027,344],[-0.68592719233083677,0.41388069463849897,21],[0.68592719233083677,0.586119305361501,198],[-0.65304328858224525,0.51103612476529314,216],[0.65304328858224525,0.48896387523470686,347],[-0.44269756343239036,0.33918313776891429,334],[0.44269756343239036,0.66081686223108571,184],[0.483637953692106,0.29066589626902894,274],[-0.23736860372178564,0.14404895054946854,352],[0.58927440203967518,0.50921926636544612,266],[-0.483637953692106,0.709334103730971,344],[0.23736860372178564,0.85595104945053146,339],[-0.58927440203967518,0.49078073363455388,174],[-0.74983745540180369,0.48673942617816934,238],[-0.81076931715647715,0.34976500561433654,65],[-0.26057818197705979,0.62380136571686307,158],[-0.61944344734791712,0.63729379696004984,312],[0.26057818197705979,0.37619863428313693,208],[0.81076931715647715,0.65023499438566346,101],[0.74983745540180369,0.51326057382183066,45],[0.61944344734791712,0.3627062030399501,84],[0.58625183597396968,0.50198529684442483,45],[-0.196770669684392,0.89143896885547336,85],[0.71437222520478316,0.26642342375300165,139],[-0.69497234029378863,0.63474331023003594,16],[0.69497234029378863,0.36525668976996412,302],[-0.58625183597396968,0.49801470315557517,146],[0.196770669684392,0.10856103114452662,205],[-0.71437222520478316,0.73357657624699835,230]],"learnOrder":[0,4,2,6,8,7,1,5,3,4,6,3,8,5,7,2,1,6,7,3,2,8,1,5,4,8,1,4,2,7,6,3,5,4,8,5,1,6,2,7,3,8,4,6,5,3,2,1,7,6,7,1,8,5,3,2,4,5,6,8,7,3,1,2,4]},"distEstPair":{"pairList":[[0,0],[2,4],[4,7],[3,5],[7,8],[1,3],[1,6],[1,2],[1,4],[2,7],[4,6],[5,8],[3,8],[2,8],[2,6],[1,7],[4,5],[6,7],[5,6],[4,8],[2,3],[3,4],[3,7],[3,6],[6,8],[5,7],[1,8],[2,5],[1,5],[7,3],[8,5],[6,1],[3,2],[7,6],[2,1],[8,6],[4,1],[4,3],[5,4],[6,3],[8,7],[8,2],[6,4],[8,3],[8,4],[4,2],[6,2],[6,5],[7,5],[3,1],[8,1],[7,2],[5,3],[5,2],[5,1],[7,4],[7,1]]},"distEst2AFC":{"triplet":[[0,0,0],[5,3,6],[3,5,2],[6,2,8],[8,6,7],[2,3,4],[5,3,6],[7,6,1],[5,6,3],[4,1,7],[1,2,7],[3,2,5],[7,1,6],[4,2,7],[1,7,2],[5,6,7],[3,2,5],[7,1,6],[1,2,7],[6,8,1],[5,6,3],[1,7,2],[7,6,1],[2,4,5],[3,5,2]]}}