{"objLoc":[[0,0,0],[0,0.95,283],[0.9,0.95,229],[0.9,0.05,90],[0.7,0.75,273],[0,0.05,113],[-0.9,0.05,338],[-0.9,0.95,16],[-0.7,0.25,159]],"objIdentity":[0,4,8,5,2,3,6,7,1],"familiarise":{"path":[[0,0.5,38],[0.5,0.9,289],[0.9,0.1,143],[-0.9,0.2,226],[-0.7,0.7,13],[0.5,0.5,108],[0,0.2,18],[-0.2,0.8,134],[-0.5,0.1,95],[0.7,0.4,357],[0.9,0.9,143],[-0.5,0.5,111],[0.5,0.9,80],[0.5,0.1,178],[-0.6,0.8,21]]},"objlocLearn":{"learnOrder":[0,6,7,2,1,4,8,5,3],"startLoc":[[0,0,0],[0.1,0.5,190],[-0.5,0.1,0],[-0.1,0.5,180],[0.1,0.1,10],[-0.5,0.5,50],[0.5,0.5,60],[-0.1,0.9,300],[0.5,0.9,240]]},"objlocTestRun1":{"startLoc":[[0,0,0],[0.9100846571436243,0.070901154606465275,110],[0.32679332910977837,0.57078921420727835,13],[0.53395153298684217,0.19773344384326064,221],[-0.9100846571436243,0.92909884539353471,223],[-0.53395153298684217,0.80226655615673936,279],[-0.32679332910977837,0.42921078579272165,76],[-0.029803517935951443,0.35683827231101872,57],[0.029803517935951443,0.64316172768898128,262],[-0.37685330082571994,0.81715108572780815,225],[0.77465981323396038,0.10224618459462753,31],[-0.77465981323396038,0.89775381540537247,188],[-0.098067182046159648,0.568861659128285,316],[0.098067182046159648,0.431138340871715,3],[0.37685330082571994,0.1828489142721918,124],[-0.360039712994133,0.12090146339946227,203],[0.360039712994133,0.87909853660053772,275],[0.485764325135664,0.10814259028084311,113],[-0.35891529772449776,0.63686422535757514,277],[0.40818865249376829,0.70114925233762337,93],[0.70449061879265318,0.51258759518742492,40],[-0.40818865249376829,0.29885074766237663,296],[-0.70449061879265318,0.48741240481257508,219],[-0.485764325135664,0.891857409719157,209],[0.35891529772449776,0.36313577464242486,12],[0.14287951316504882,0.93292845955362735,330],[0.0972085930956859,0.66299678376756477,274],[0.13712525460290331,0.77964201783158937,220],[-0.14287951316504882,0.067071540446372591,110],[-0.13712525460290331,0.22035798216841063,239],[-0.46410649476413052,0.20264698801976083,154],[0.46410649476413052,0.79735301198023922,302],[-0.0972085930956859,0.33700321623243518,97],[-0.025790099049131918,0.056850141849697104,152],[-0.010780740320356183,0.90196171597190222,199],[-0.063491576993973273,0.61186242383728451,46],[0.025790099049131918,0.94314985815030294,213],[0.010780740320356183,0.098038284028097777,217],[0.063491576993973273,0.38813757616271549,53],[0.579258136184745,0.85409883401872577,282],[-0.579258136184745,0.1459011659812742,11],[-0.29297348741173673,0.4165960036531976,297],[0.10956849147228516,0.34902995633032791,172],[0.29297348741173673,0.5834039963468024,259],[0.039500240738834805,0.055621648701809329,240],[-0.10956849147228516,0.65097004366967215,143],[0.15366785865761373,0.56292971192635766,262],[-0.039500240738834805,0.9443783512981907,57],[-0.15366785865761373,0.43707028807364234,170],[-0.62496021852923045,0.307386142998619,23],[0.62496021852923045,0.692613857001381,76],[-0.51533771693016561,0.24115607595575478,251],[-0.54641448939541992,0.73413330467210014,34],[0.55214968323903979,0.17483983161180883,320],[-0.55214968323903979,0.82516016838819117,340],[0.51533771693016561,0.75884392404424528,265],[0.54641448939541992,0.26586669532789986,305],[-0.74642412921785362,0.4366410472422716,192],[-0.025513634525857684,0.25946996109949938,192],[0.38352569221747895,0.702531474484874,208],[0.5567992436311735,0.87483532156954924,286],[-0.38352569221747895,0.29746852551512604,21],[0.025513634525857684,0.74053003890050062,162],[0.74642412921785362,0.5633589527577284,277],[-0.5567992436311735,0.12516467843045082,309]],"learnOrder":[0,1,3,6,5,2,7,8,4,6,1,5,3,7,2,4,8,1,3,4,2,8,6,5,7,6,8,3,2,7,1,5,4,4,2,3,8,6,7,5,1,2,3,6,1,7,8,5,4,6,2,3,8,1,5,7,4,1,2,3,8,7,6,5,4]},"distEstPair":{"pairList":[[0,0],[2,7],[4,7],[6,7],[2,3],[5,6],[1,8],[3,5],[3,6],[3,8],[2,5],[1,7],[4,6],[4,8],[1,4],[3,7],[7,8],[2,8],[4,5],[1,5],[5,8],[1,3],[2,4],[5,7],[1,6],[6,8],[3,4],[2,6],[1,2],[8,2],[8,4],[8,6],[5,3],[6,1],[4,2],[5,1],[7,1],[6,4],[2,1],[7,6],[3,1],[6,5],[7,4],[5,4],[3,2],[8,5],[8,7],[6,3],[5,2],[4,1],[7,5],[7,3],[7,2],[6,2],[4,3],[8,3],[8,1]]},"distEst2AFC":{"triplet":[[0,0,0],[7,6,1],[5,6,3],[1,7,2],[6,8,1],[5,3,6],[4,1,7],[5,3,6],[6,2,8],[3,5,2],[5,6,3],[3,5,2],[7,6,1],[3,2,5],[7,1,6],[1,2,7],[2,4,5],[1,2,7],[3,2,5],[5,6,7],[1,7,2],[4,2,7],[2,3,4],[7,1,6],[8,6,7]]}}