{"objLoc":[[0,0,0],[0,0.95,107],[0.9,0.95,192],[0.9,0.05,69],[0.7,0.75,25],[0,0.05,284],[-0.9,0.05,237],[-0.9,0.95,230],[-0.7,0.25,208]],"objIdentity":[0,1,7,4,2,8,5,6,3],"familiarise":{"path":[[0,0.5,199],[0.5,0.9,216],[0.9,0.1,175],[-0.9,0.2,102],[-0.7,0.7,108],[0.5,0.5,203],[0,0.2,143],[-0.2,0.8,284],[-0.5,0.1,151],[0.7,0.4,52],[0.9,0.9,55],[-0.5,0.5,20],[0.5,0.9,259],[0.5,0.1,106],[-0.6,0.8,72]]},"objlocLearn":{"learnOrder":[0,3,7,5,8,4,2,6,1],"startLoc":[[0,0,0],[0.5,0.9,240],[-0.5,0.1,0],[-0.1,0.9,300],[0.5,0.5,60],[-0.5,0.5,50],[-0.1,0.5,180],[0.1,0.5,190],[0.1,0.1,10]]},"objlocTestRun1":{"startLoc":[[0,0,0],[-0.0085072841840230923,0.62138871554863451,49],[0.0085072841840230923,0.37861128445136549,325],[0.73716662489867812,0.76754095699577918,186],[-0.87465700864568441,0.48588747782221409,306],[-0.15063974771373284,0.42730265742194473,20],[0.87465700864568441,0.51411252217778591,155],[0.15063974771373284,0.57269734257805527,75],[-0.73716662489867812,0.23245904300422082,314],[0.82084041629910987,0.085291019179899563,250],[-0.13266758720020894,0.060794004585716266,23],[0.86324194455815606,0.22769939976230774,222],[-0.86324194455815606,0.7723006002376922,303],[0.53771163007506728,0.903130717287709,13],[-0.82084041629910987,0.91470898082010044,221],[0.13266758720020894,0.93920599541428373,334],[-0.53771163007506728,0.096869282712291,55],[-0.70297147515986658,0.64500140617346369,263],[0.50956183491379314,0.83483940735785345,55],[-0.30249024551444109,0.30310152509800881,303],[0.70297147515986658,0.35499859382653631,66],[-0.50956183491379314,0.16516059264214655,141],[-0.63245477663121918,0.50167068610640342,130],[0.63245477663121918,0.49832931389359658,144],[0.30249024551444109,0.69689847490199119,357],[0.46279585375478333,0.84896271669707335,72],[0.79060916414015492,0.29643187362600587,133],[0.63890861386868125,0.67195511203329683,277],[-0.63890861386868125,0.32804488796670317,161],[0.40486417707610628,0.70890083918117064,201],[-0.46279585375478333,0.15103728330292665,275],[-0.40486417707610628,0.29109916081882936,360],[-0.79060916414015492,0.70356812637399413,295],[-0.6148779753380289,0.27951870990487426,159],[0.40972219194510057,0.12446194032806301,124],[-0.88659729311790292,0.51543079280109838,121],[-0.40972219194510057,0.875538059671937,317],[-0.69550323160599337,0.74927712254502221,271],[0.69550323160599337,0.25072287745497779,28],[0.6148779753380289,0.72048129009512574,190],[0.88659729311790292,0.48456920719890167,243],[0.64218387317111758,0.79637428751758543,176],[0.33342424170841028,0.82267220198977442,189],[-0.33342424170841028,0.17732779801022558,310],[-0.16518100661787044,0.51323480048805437,121],[0.077420145869156756,0.690055821561937,49],[0.16518100661787044,0.48676519951194563,220],[-0.077420145869156756,0.309944178438063,238],[-0.64218387317111758,0.20362571248241457,352],[0.89460170661236316,0.59866295785107393,296],[-0.65842884072239549,0.17702414883779305,281],[-0.89460170661236316,0.40133704214892607,340],[0.35612031372596736,0.0832722328085343,144],[0.36650407982136141,0.75657532213753664,109],[0.65842884072239549,0.822975851162207,250],[-0.35612031372596736,0.91672776719146576,202],[-0.36650407982136141,0.24342467786246336,186],[0.27876562161682289,0.75182713786063626,81],[-0.36004313350793621,0.15744775458069799,234],[-0.27876562161682289,0.24817286213936374,244],[-0.73752407531612851,0.78027421277018161,140],[-0.11922121488072239,0.51857155716019865,95],[0.11922121488072239,0.48142844283980135,360],[0.36004313350793621,0.842552245419302,96],[0.73752407531612851,0.21972578722981845,60],[0.48379245812647503,0.29532873598319209,282],[0.013541919085200124,0.83261364601224286,173],[0.039823014527951409,0.4540550614673256,344],[-0.48379245812647503,0.70467126401680791,131],[-0.039823014527951409,0.54594493853267445,218],[-0.013541919085200124,0.16738635398775714,4],[-0.53585274025328489,0.37046649022507538,277],[0.53585274025328489,0.62953350977492462,348],[0.92032870888949714,0.1091320897262768,247],[0.027741926406395431,0.11385954941072385,302],[0.75484582237043729,0.493792104727874,38],[-0.92032870888949714,0.89086791027372314,284],[-0.75484582237043729,0.50620789527212606,156],[-0.023413074009758159,0.62678734650004542,64],[-0.027741926406395431,0.88614045058927615,325],[0.023413074009758159,0.37321265349995458,239]],"learnOrder":[0,8,4,1,7,6,3,2,5,5,7,2,6,4,1,3,8,4,2,5,8,6,7,3,1,1,2,8,4,3,5,7,6,7,2,8,6,1,5,3,4,1,2,6,3,4,7,8,5,5,7,1,4,2,3,8,6,6,3,2,8,1,5,7,4,6,5,3,2,7,1,8,4,1,8,3,5,7,2,4,6]},"distEstPair":{"pairList":[[0,0],[4,8],[1,7],[5,7],[5,6],[1,4],[4,6],[1,2],[4,7],[1,3],[2,3],[3,5],[7,8],[3,4],[6,8],[3,7],[1,5],[2,4],[2,8],[2,7],[1,6],[2,5],[3,8],[2,6],[4,5],[5,8],[3,6],[1,8],[6,7],[7,6],[3,1],[8,5],[5,4],[7,5],[6,5],[6,4],[8,2],[5,2],[5,3],[7,1],[8,4],[6,2],[4,1],[8,1],[7,2],[5,1],[4,2],[2,1],[3,2],[6,3],[7,4],[8,3],[6,1],[4,3],[8,7],[8,6],[7,3]]},"distEst2AFC":{"triplet":[[0,0,0],[5,3,6],[3,2,5],[7,1,6],[4,2,7],[5,6,3],[2,3,4],[2,4,5],[3,5,2],[7,1,6],[1,2,7],[8,6,7],[4,1,7],[5,6,3],[3,2,5],[7,6,1],[1,2,7],[5,3,6],[3,5,2],[5,6,7],[1,7,2],[7,6,1],[6,8,1],[1,7,2],[6,2,8]]}}