{"objLoc":[[0,0,0],[0,0.95,36],[0.9,0.95,275],[0.9,0.05,89],[0.7,0.75,50],[0,0.05,120],[-0.9,0.05,30],[-0.9,0.95,242],[-0.7,0.25,291]],"objIdentity":[0,7,3,6,8,5,4,2,1],"familiarise":{"path":[[0,0.5,55],[0.5,0.9,192],[0.9,0.1,140],[-0.9,0.2,248],[-0.7,0.7,135],[0.5,0.5,341],[0,0.2,280],[-0.2,0.8,219],[-0.5,0.1,222],[0.7,0.4,232],[0.9,0.9,97],[-0.5,0.5,271],[0.5,0.9,104],[0.5,0.1,256],[-0.6,0.8,24]]},"objlocLearn":{"learnOrder":[0,7,5,4,6,2,3,1,8],"startLoc":[[0,0,0],[-0.5,0.1,0],[-0.1,0.9,300],[-0.5,0.5,50],[0.1,0.5,190],[-0.1,0.5,180],[0.5,0.9,240],[0.1,0.1,10],[0.5,0.5,60]]},"objlocTestRun1":{"startLoc":[[0,0,0],[-0.40102724343967816,0.91024949960332857,345],[-0.47809935427333888,0.20024596095336844,303],[0.26380168445690172,0.38233210911992666,33],[0.40102724343967816,0.089750500396671429,155],[0.63530585530274641,0.581457023625539,38],[-0.63530585530274641,0.41854297637446103,125],[-0.26380168445690172,0.61766789088007334,251],[0.47809935427333888,0.79975403904663156,151],[0.80458053308230559,0.9406904944007789,56],[0.56202781608407637,0.479393698924251,268],[-0.90103861627185244,0.570048385695909,165],[-0.26322742767226587,0.19834762708761605,47],[-0.80458053308230559,0.05930950559922113,144],[0.90103861627185244,0.429951614304091,74],[-0.56202781608407637,0.520606301075749,215],[0.26322742767226587,0.80165237291238389,339],[0.26832273577421745,0.57559752910945872,153],[-0.93917916229009046,0.41050049261276556,290],[0.11359765516140356,0.26583213085823243,288],[-0.558854175457961,0.30876929246374635,104],[0.93917916229009046,0.58949950738723444,217],[-0.26832273577421745,0.42440247089054128,202],[0.558854175457961,0.6912307075362536,124],[-0.11359765516140356,0.73416786914176757,227],[-0.44257465152323511,0.10089804971117208,132],[-0.22520774127270754,0.8016686106637656,323],[-0.60849627474706391,0.37794056176947477,264],[0.44257465152323511,0.89910195028882789,222],[0.10967971754192789,0.83252894728698856,302],[0.60849627474706391,0.62205943823052523,245],[-0.10967971754192789,0.16747105271301144,260],[0.22520774127270754,0.1983313893362344,279],[-0.43918138733106277,0.8395386952957492,261],[-0.60164882375756279,0.65021387046472534,125],[0.60164882375756279,0.34978612953527471,84],[0.43918138733106277,0.1604613047042508,73],[0.77947901220997817,0.32297421425735867,309],[0.69128978138198849,0.45522995086625312,264],[-0.77947901220997817,0.67702578574264138,196],[-0.69128978138198849,0.54477004913374683,73],[0.18968269776251651,0.36258855907825061,191],[-0.32028432591084594,0.10101763969449568,110],[0.8956025601214459,0.1720937990436866,297],[-0.18968269776251651,0.63741144092174939,211],[-0.8956025601214459,0.8279062009563134,262],[-0.33370034926410791,0.064907797058801453,67],[0.33370034926410791,0.93509220294119855,3],[0.32028432591084594,0.89898236030550427,86],[0.40978151713528294,0.87885342552853685,62],[-0.66332535254738367,0.3311513610500712,271],[0.40039207988395326,0.41085259886129893,306],[-0.87247866913217154,0.34705048519808979,140],[0.66332535254738367,0.66884863894992885,122],[-0.40039207988395326,0.589147401138701,4],[-0.40978151713528294,0.12114657447146315,99],[0.87247866913217154,0.65294951480191021,295],[0.82719240284093543,0.8926726179811324,56],[-0.78247004623918337,0.90147389475504269,259],[0.11362117154910174,0.36323951934948945,358],[0.74662713004413028,0.36280195549145283,41],[0.78247004623918337,0.098526105244957307,182],[-0.11362117154910174,0.6367604806505105,217],[-0.74662713004413028,0.63719804450854722,132],[-0.82719240284093543,0.1073273820188676,357],[0.25016453315868542,0.21964387566941862,38],[-0.25016453315868542,0.78035612433058144,68],[0.32827068528076303,0.89509337189845639,156],[-0.32827068528076303,0.10490662810154361,91],[-0.28611077277895863,0.60233499819613534,173],[0.00911208974086368,0.72532522347217543,320],[-0.00911208974086368,0.27467477652782463,121],[0.28611077277895863,0.39766500180386466,333],[0.35739292622827495,0.72306189230001783,68],[0.28790536299787289,0.28320244540965556,286],[-0.35739292622827495,0.27693810769998223,44],[-0.046032687409253661,0.54597041869834073,9],[-0.28790536299787289,0.71679755459034444,37],[-0.28825933337351267,0.93629936476315367,301],[0.28825933337351267,0.063700635236846326,242],[0.046032687409253661,0.45402958130165921,243]],"learnOrder":[0,5,8,7,1,2,6,3,4,5,4,7,2,1,3,8,6,4,5,6,3,1,8,7,2,4,3,1,8,6,5,2,7,2,7,3,6,4,1,8,5,6,4,1,2,5,7,3,8,1,4,2,7,8,6,5,3,1,6,4,3,2,8,7,5,3,7,1,5,4,6,2,8,8,6,4,5,2,3,7,1]},"distEstPair":{"pairList":[[0,0],[2,6],[2,4],[1,2],[3,4],[5,6],[4,5],[2,5],[2,7],[1,5],[7,8],[2,3],[1,4],[1,7],[3,7],[5,8],[4,7],[1,8],[3,6],[1,3],[2,8],[1,6],[5,7],[6,7],[6,8],[3,8],[4,8],[3,5],[4,6],[4,2],[8,5],[5,2],[7,3],[7,4],[6,2],[7,2],[8,2],[5,3],[5,4],[8,3],[4,3],[6,3],[5,1],[3,1],[3,2],[8,4],[4,1],[8,6],[7,5],[8,1],[8,7],[7,6],[7,1],[2,1],[6,5],[6,4],[6,1]]},"distEst2AFC":{"triplet":[[0,0,0],[6,8,1],[1,2,7],[2,3,4],[3,5,2],[1,7,2],[5,3,6],[3,2,5],[5,6,7],[7,6,1],[3,2,5],[4,2,7],[8,6,7],[7,1,6],[5,3,6],[1,2,7],[7,6,1],[6,2,8],[5,6,3],[7,1,6],[3,5,2],[2,4,5],[5,6,3],[4,1,7],[1,7,2]]}}