{"objLoc":[[0,0,0],[0,0.95,42],[0.9,0.95,220],[0.9,0.05,49],[0.7,0.75,87],[0,0.05,118],[-0.9,0.05,310],[-0.9,0.95,240],[-0.7,0.25,195]],"objIdentity":[0,1,6,8,5,3,2,4,7],"familiarise":{"path":[[0,0.5,146],[0.5,0.9,114],[0.9,0.1,28],[-0.9,0.2,304],[-0.7,0.7,306],[0.5,0.5,350],[0,0.2,139],[-0.2,0.8,344],[-0.5,0.1,161],[0.7,0.4,242],[0.9,0.9,30],[-0.5,0.5,323],[0.5,0.9,108],[0.5,0.1,95],[-0.6,0.8,2]]},"objlocLearn":{"learnOrder":[0,8,2,7,1,3,5,6,4],"startLoc":[[0,0,0],[0.5,0.5,60],[-0.1,0.5,180],[-0.5,0.1,0],[0.1,0.1,10],[0.5,0.9,240],[-0.1,0.9,300],[0.1,0.5,190],[-0.5,0.5,50]]},"objlocTestRun1":{"startLoc":[[0,0,0],[0.60626226900998814,0.092263801111932553,238],[-0.769445243203176,0.4529622676897368,31],[0.769445243203176,0.5470377323102632,107],[-0.21142742037304102,0.16683667066886942,74],[-0.076065481945146465,0.7645263341780284,235],[-0.60626226900998814,0.90773619888806745,208],[0.21142742037304102,0.83316332933113058,246],[0.076065481945146465,0.2354736658219716,79],[-0.16728933156591858,0.82851540854646366,9],[0.16728933156591858,0.17148459145353634,15],[0.62502642998436952,0.40477819816375371,165],[0.72884278345038944,0.90888753487643459,316],[-0.72884278345038944,0.091112465123565411,195],[-0.5715931944168664,0.76616497833443986,190],[-0.62502642998436952,0.59522180183624629,196],[0.5715931944168664,0.23383502166556014,186],[-0.39836772223556244,0.6403665450414685,320],[0.32713683100473462,0.61590721629394518,148],[-0.45574125762660084,0.78375833820582008,296],[0.39836772223556244,0.3596334549585315,300],[0.18655745950604058,0.43942827160724018,214],[0.45574125762660084,0.21624166179417992,72],[-0.18655745950604058,0.56057172839275982,280],[-0.32713683100473462,0.38409278370605482,2],[0.36887955791920651,0.48621784064326384,19],[-0.426438324366991,0.85707254276677636,210],[0.12411118993507002,0.15269045400691383,91],[-0.3807281259666529,0.18003054058054585,96],[0.426438324366991,0.14292745723322364,16],[0.3807281259666529,0.81996945941945421,323],[-0.12411118993507002,0.84730954599308617,201],[-0.36887955791920651,0.51378215935673621,9],[0.46541206736388668,0.55101857474391436,207],[-0.46541206736388668,0.44898142525608564,254],[0.18248233273710796,0.67075742583986919,258],[0.70630535100546077,0.37006655304756764,161],[-0.18248233273710796,0.32924257416013075,154],[-0.70630535100546077,0.62993344695243236,100],[-0.556906394447606,0.41396471876786683,340],[0.556906394447606,0.58603528123213322,285],[0.48754376906617175,0.42070636160746144,358],[0.56105818927575513,0.27953858702099332,327],[-0.2221802540597006,0.856982740209661,147],[-0.48754376906617175,0.57929363839253856,158],[-0.93778773554879669,0.28784562664359126,225],[0.2221802540597006,0.14301725979033902,117],[0.93778773554879669,0.71215437335640874,12],[-0.56105818927575513,0.72046141297900668,60],[0.018791643968781233,0.90976603780782783,201],[0.104383316269603,0.44540314750063847,194],[-0.48384781936961635,0.72299355061357684,350],[-0.018791643968781233,0.090233962192172223,192],[0.48384781936961635,0.27700644938642316,241],[-0.31447091604942862,0.92232995344795032,98],[-0.104383316269603,0.55459685249936153,142],[0.31447091604942862,0.077670046552049676,26],[-0.41827863092302348,0.32426521974041633,160],[0.16861457073539315,0.29571080722881027,72],[-0.16861457073539315,0.70428919277118973,23],[0.41827863092302348,0.67573478025958367,286],[-0.35790780831261365,0.72683571772942257,51],[0.35790780831261365,0.27316428227057743,322],[0.38185380992327816,0.42231698126000272,66],[-0.38185380992327816,0.57768301873999728,292],[-0.0063453024962854682,0.14029374256932847,316],[0.42980218014547272,0.86490588588212625,4],[0.40944826440332277,0.89739881938248534,223],[0.191525916782258,0.34686935176785627,292],[-0.42980218014547272,0.13509411411787375,335],[0.0063453024962854682,0.85970625743067153,210],[-0.40944826440332277,0.10260118061751466,283],[-0.191525916782258,0.65313064823214373,182],[-0.3889596549730287,0.40139611586685875,209],[0.43434769539624768,0.31297778984840735,85],[-0.13228635799181182,0.94542504377070735,155],[0.526101196746662,0.24370566348846762,235],[-0.526101196746662,0.75629433651153244,102],[-0.43434769539624768,0.68702221015159259,158],[0.13228635799181182,0.054574956229292641,341],[0.3889596549730287,0.59860388413314125,39]],"learnOrder":[0,5,8,4,7,6,1,3,2,1,5,4,3,7,2,8,6,2,1,7,6,4,3,8,5,4,1,7,2,5,6,3,8,7,3,6,8,2,4,1,5,6,8,7,2,5,3,1,4,7,5,2,3,6,4,1,8,6,5,1,2,3,7,4,8,6,4,3,5,8,2,7,1,5,4,6,3,7,8,2,1]},"distEstPair":{"pairList":[[0,0],[3,7],[5,6],[4,8],[2,3],[7,8],[1,4],[3,6],[1,8],[1,6],[1,2],[2,8],[2,6],[5,7],[1,7],[1,5],[6,8],[4,7],[4,5],[2,7],[4,6],[3,4],[1,3],[3,5],[5,8],[2,4],[6,7],[2,5],[3,8],[7,6],[7,3],[8,2],[5,2],[6,4],[5,1],[7,2],[8,4],[7,4],[8,1],[8,6],[2,1],[4,1],[6,5],[8,5],[7,1],[5,3],[3,2],[8,3],[6,2],[4,3],[6,3],[6,1],[8,7],[7,5],[3,1],[4,2],[5,4]]},"distEst2AFC":{"triplet":[[0,0,0],[2,4,5],[5,6,3],[7,6,1],[3,2,5],[5,6,3],[3,2,5],[4,1,7],[7,1,6],[1,2,7],[5,3,6],[3,5,2],[1,2,7],[6,2,8],[5,6,7],[1,7,2],[2,3,4],[1,7,2],[7,6,1],[3,5,2],[6,8,1],[5,3,6],[7,1,6],[8,6,7],[4,2,7]]}}