{"objLoc":[[0,0,0],[0.1,0.9,232],[0.9,0.9,138],[0.9,0.1,239],[0.7,0.7,59],[-0.1,0.1,347],[-0.9,0.1,125],[-0.9,0.9,358],[-0.7,0.3,85]],"objIdentity":[0,8,3,2,5,4,1,6,7],"familiarise":{"path":[[0,0.5,35],[0.49969541350954788,0.48255025164874954,160],[0,0.5,79],[0.49384417029756889,0.57821723252011548,298],[0.0066591379049512622,0.690692759692048,245],[-0.43481465852451223,0.45595697829910264,97],[-0.80049150933409741,0.11495779826785335,345],[-0.33370129608549653,0.29414177304050348,355],[0.66568953093359928,0.25924227633800251,107],[0.32469035090235,0.62491912714758779,224],[0.003296546059080363,0.24189690558809879,62],[-0.48577725430782248,0.13794106017921912,37],[-0.31476718264498815,0.60778737057217336,326],[-0.13558320787233802,0.14099715732357249,18],[0.19244630662291562,0.51835194743495849,53],[-0.17323054418666961,0.85935112746620779,144]]},"objlocLearn":{"learnOrder":[0,5,4,7,1,2,6,8,3],"startLoc":[[0,0,0],[-0.1,0.9,300],[-0.5,0.5,50],[-0.5,0.1,0],[0.1,0.1,10],[-0.1,0.5,180],[0.1,0.5,190],[0.5,0.5,60],[0.5,0.9,240]]},"objlocTestRun1":{"startLoc":[[0,0,0],[0.37426482075139117,0.74509489610376456,167],[-0.61926310867245626,0.31152568800678904,234],[0.70189715138406372,0.752313053064643,165],[-0.70189715138406372,0.24768694693535698,225],[0.61926310867245626,0.688474311993211,187],[-0.64543516148667424,0.23970781101649818,70],[0.64543516148667424,0.76029218898350182,235],[-0.37426482075139117,0.25490510389623544,159],[0.42163748097941817,0.67137061004906107,134],[0.68353516381788149,0.27026353015848686,45],[-0.3717792510627877,0.16989761843034445,73],[-0.68353516381788149,0.72973646984151319,335],[-0.42163748097941817,0.32862938995093893,130],[-0.55768108116723636,0.8163653804922254,141],[0.3717792510627877,0.83010238156965555,220],[0.55768108116723636,0.1836346195077746,260],[-0.33958301034951816,0.10433558742646962,252],[-0.66400851601410293,0.2487264131742013,44],[0.66400851601410293,0.7512735868257987,232],[0.071840542303449342,0.32406013732577521,297],[0.25016402447931524,0.13976942772100687,266],[-0.071840542303449342,0.67593986267422479,60],[0.33958301034951816,0.89566441257353036,96],[-0.25016402447931524,0.86023057227899313,354]],"learnOrder":[0,2,4,1,5,8,7,3,6,8,2,7,6,4,1,3,5,4,6,2,3,5,7,8,1]},"objlocTestRun2":{"startLoc":[[0,0,0],[0.701450794027211,0.65724118365397655,120],[-0.18963499616276364,0.27834046935892065,196],[0.8986561277165499,0.74316132025291282,32],[0.18963499616276364,0.72165953064107935,244],[0.39156896044641992,0.37568453515978772,324],[-0.8986561277165499,0.25683867974708718,15],[-0.39156896044641992,0.62431546484021228,50],[-0.701450794027211,0.34275881634602345,246],[0.30912243940534906,0.92885787404144582,218],[-0.010148052462451582,0.54452352369371249,16],[-0.54988014075917113,0.7437830881751768,164],[0.54988014075917113,0.2562169118248232,356],[-0.0923638784536744,0.30841506330355861,17],[-0.30912243940534906,0.071142125958554209,296],[0.0923638784536744,0.69158493669644139,90],[0.010148052462451582,0.45547647630628751,268],[0.23033980546181348,0.63364670552597013,250],[-0.23033980546181348,0.36635329447402987,121],[0.65622521007082568,0.8177808671569905,68],[-0.44267739723360161,0.83743370837464437,302],[0.4228857232497571,0.29821196495251706,233],[-0.65622521007082568,0.1822191328430095,60],[-0.4228857232497571,0.701788035047483,327],[0.44267739723360161,0.16256629162535563,259]],"learnOrder":[0,3,2,4,6,5,8,1,7,8,2,5,1,7,4,3,6,4,8,3,2,1,7,5,6]},"distEstPair":{"pairList":[[0,0],[2,3],[1,4],[1,6],[5,8],[5,6],[3,4],[3,2],[5,2],[4,7],[7,5],[6,8],[5,4],[8,7],[2,7],[7,8],[8,6],[4,3],[4,1],[6,7],[3,5],[1,2],[7,6],[4,8],[4,2],[2,1],[2,8],[6,5],[5,7],[8,3],[2,4],[6,2],[1,3],[7,1],[7,3],[6,4],[1,5],[8,1],[8,5],[3,1],[3,6]]},"distEstEgo":{"pairList":[[0,0],[5,6],[2,1],[7,3],[2,3],[6,5],[1,2],[8,6],[4,2],[7,6],[3,2],[6,7],[2,8]]},"distEst2AFC":{"triplet":[[0,0,0],[8,7,5],[5,8,7],[2,1,3],[3,4,6],[6,5,7],[2,3,1],[8,5,7],[4,3,1],[2,3,1],[6,7,5],[4,1,3],[3,7,1],[4,1,3],[2,1,3],[8,5,7],[5,7,6],[8,7,5],[6,5,7],[4,3,1],[7,3,5],[1,4,3],[1,3,2],[7,8,2],[6,7,5]]}}