{"objLoc":[[0,0,0],[0,0.95,306],[0.9,0.95,65],[0.9,0.05,20],[0.7,0.75,131],[0,0.05,100],[-0.9,0.05,191],[-0.9,0.95,111],[-0.7,0.25,110]],"objIdentity":[0,1,8,2,4,5,7,6,3],"familiarise":{"path":[[0,0.5,61],[0.5,0.9,17],[0.9,0.1,15],[-0.9,0.2,73],[-0.7,0.7,360],[0.5,0.5,135],[0,0.2,274],[-0.2,0.8,171],[-0.5,0.1,184],[0.7,0.4,341],[0.9,0.9,40],[-0.5,0.5,168],[0.5,0.9,51],[0.5,0.1,194],[-0.6,0.8,108]]},"objlocLearn":{"learnOrder":[0,3,8,7,6,1,4,5,2],"startLoc":[[0,0,0],[0.5,0.9,240],[0.5,0.5,60],[-0.5,0.1,0],[0.1,0.5,190],[0.1,0.1,10],[-0.5,0.5,50],[-0.1,0.9,300],[-0.1,0.5,180]]},"objlocTestRun1":{"startLoc":[[0,0,0],[-0.52206345584812186,0.84071794561088975,95],[0.17823990730226619,0.878300505149092,225],[0.029783170981774479,0.877820652160946,164],[-0.17823990730226619,0.12169949485090804,328],[0.077055591862140213,0.481553172671233,200],[-0.029783170981774479,0.12217934783905404,254],[-0.077055591862140213,0.518446827328767,74],[0.52206345584812186,0.15928205438911031,96],[-0.35068118151667677,0.56723873423688431,151],[-0.84202071731704087,0.12049781776978001,10],[0.56740343874790766,0.9485197180159366,256],[-0.56740343874790766,0.0514802819840634,152],[-0.033048870888412643,0.35082289054257154,8],[0.033048870888412643,0.64917710945742846,245],[0.35068118151667677,0.43276126576311574,132],[0.84202071731704087,0.87950218223022,82],[-0.49953439885722112,0.10320900739131145,184],[-0.37178784021434236,0.92375693518537139,52],[0.37178784021434236,0.076243064814628628,339],[0.49953439885722112,0.89679099260868855,6],[0.19659880889138431,0.7914641976107698,263],[-0.0020569934815018315,0.56637651790658528,310],[0.0020569934815018315,0.43362348209341472,315],[-0.19659880889138431,0.2085358023892302,191],[-0.091444599458731443,0.84915068092997514,148],[-0.72270942576212227,0.76935203032633,268],[0.25580136606389242,0.58884035023764936,289],[-0.00096440251474043392,0.16937088597001509,98],[0.72270942576212227,0.23064796967366996,96],[-0.25580136606389242,0.41115964976235064,90],[0.091444599458731443,0.15084931907002486,310],[0.00096440251474043392,0.83062911402998485,342],[0.14976168738697732,0.11095039081318125,56],[-0.14976168738697732,0.88904960918681875,341],[-0.25947580703296008,0.75221416639657868,182],[-0.17101037667082747,0.055476768894908823,117],[0.17101037667082747,0.94452323110509118,274],[0.89156429626300815,0.37445951451750858,334],[0.25947580703296008,0.24778583360342127,94],[-0.89156429626300815,0.62554048548249142,30],[-0.21186685974118452,0.33528078419071039,20],[0.32344472849397649,0.77411765910813157,290],[-0.25974748374203477,0.063503740714910245,113],[-0.090349623927347758,0.12128029668751994,235],[0.090349623927347758,0.87871970331248006,62],[0.21186685974118452,0.66471921580928961,289],[0.25974748374203477,0.93649625928508973,145],[-0.32344472849397649,0.22588234089186843,22],[0.75948207674081347,0.60386015022570538,217],[-0.34968780339547795,0.63401102845953716,63],[0.76719854231365037,0.5593804955962195,155],[-0.76719854231365037,0.4406195044037805,151],[0.34968780339547795,0.36598897154046284,335],[0.71376528995456856,0.16483293945683553,335],[-0.71376528995456856,0.83516706054316447,113],[-0.75948207674081347,0.39613984977429462,91],[0.51496861534460958,0.76261955123252734,314],[-0.51496861534460958,0.23738044876747266,247],[0.70459847893112282,0.75613696781331352,116],[-0.37305789440432086,0.31576691452893674,241],[-0.89478992979381511,0.39054169932945304,339],[0.89478992979381511,0.609458300670547,293],[-0.70459847893112282,0.24386303218668648,21],[0.37305789440432086,0.68423308547106321,353],[-0.66512529842524737,0.61700967827053588,325],[-0.1312995715208935,0.28092233348060092,142],[0.1312995715208935,0.71907766651939908,321],[0.10663828066168472,0.70805452886758369,171],[-0.10663828066168472,0.29194547113241631,274],[-0.82889866690585667,0.41086429574250316,299],[0.66512529842524737,0.38299032172946412,49],[0.82889866690585667,0.58913570425749684,120],[-0.322971147986365,0.59706707663527558,16],[0.5163962892263636,0.17606061382615923,26],[-0.5163962892263636,0.82393938617384077,223],[0.322971147986365,0.40293292336472442,214],[-0.088044189932895381,0.9418600548197037,347],[0.088044189932895381,0.0581399451802963,91],[0.90458159809641847,0.61580069080895772,337],[-0.90458159809641847,0.38419930919104234,172]],"learnOrder":[0,8,5,3,1,6,7,2,4,6,1,7,3,8,4,2,5,8,5,1,4,2,3,7,6,2,7,8,1,3,4,6,5,7,3,6,8,4,5,2,1,8,5,3,6,2,4,7,1,3,5,8,4,1,2,6,7,1,5,8,2,7,3,4,6,8,6,2,5,1,7,4,3,2,8,4,6,7,3,5,1]},"distEstPair":{"pairList":[[0,0],[2,6],[5,8],[1,3],[5,6],[3,4],[3,8],[1,5],[4,8],[3,5],[3,7],[1,6],[4,7],[6,8],[4,6],[2,5],[5,7],[7,8],[1,2],[2,4],[6,7],[3,6],[1,7],[2,8],[1,8],[2,7],[1,4],[4,5],[2,3],[6,1],[8,6],[7,4],[5,2],[6,5],[6,3],[8,3],[8,4],[6,4],[5,3],[8,5],[8,7],[3,1],[6,2],[4,2],[7,1],[4,3],[7,6],[8,1],[8,2],[7,2],[5,1],[2,1],[5,4],[7,5],[4,1],[7,3],[3,2]]},"distEst2AFC":{"triplet":[[0,0,0],[5,3,6],[5,6,7],[1,7,2],[7,6,1],[5,6,3],[7,1,6],[2,3,4],[6,2,8],[4,2,7],[7,1,6],[6,8,1],[3,2,5],[1,7,2],[3,2,5],[4,1,7],[2,4,5],[8,6,7],[5,6,3],[1,2,7],[3,5,2],[1,2,7],[3,5,2],[7,6,1],[5,3,6]]}}