{"objLoc":[[0,0,0],[0.1,0.9,283],[0.9,0.9,229],[0.9,0.1,90],[0.7,0.7,273],[-0.1,0.1,113],[-0.9,0.1,338],[-0.9,0.9,16],[-0.7,0.3,159]],"objIdentity":[0,4,8,5,2,3,6,7,1],"familiarise":{"path":[[0,0.5,45],[-0.34732918522949863,0.85966990016932554,162],[0.15198558214778829,0.83350192204785367,115],[-0.34770983136175959,0.85095167039910413,176],[0.13947520103085803,0.73847614322717159,3],[0.55881048500357,0.46615662571965805,151],[0.06367645063278482,0.39657007523962534,155],[0.45224943136127027,0.711230270764544,284],[0.29774093417379655,0.23570201261696727,87],[-0.59326559001457135,0.68969251235651408,75],[-0.82800137140751673,0.24821871592705058,31],[0.010669196537907322,0.79285775094207767,5],[-0.88812484976125972,0.35448660415300021,240],[-0.56673104491799009,0.73750882571248921,122],[-0.71291689727935847,0.2593564477309715,340],[0.76861561361334818,0.49400814529131781,215]]},"objlocLearn":{"learnOrder":[0,4,8,6,1,2,5,3,7],"startLoc":[[0,0,0],[-0.5,0.5,50],[0.5,0.5,60],[0.1,0.5,190],[0.1,0.1,10],[-0.1,0.5,180],[-0.1,0.9,300],[0.5,0.9,240],[-0.5,0.1,0]]},"objlocTestRun1":{"startLoc":[[0,0,0],[0.7367847108166119,0.43382465480168941,215],[-0.7367847108166119,0.56617534519831059,263],[-0.552151639312569,0.19231233777592371,158],[-0.24998592323958796,0.792151030131852,60],[0.552151639312569,0.80768766222407629,28],[0.24998592323958796,0.20784896986814805,259],[-0.0353901445777907,0.65127153831453366,140],[0.0353901445777907,0.34872846168546634,337],[-0.4286759234001,0.38840772161980197,5],[-0.94622841434724991,0.94886819680379109,208],[0.94622841434724991,0.051131803196208962,323],[0.34790927509741382,0.476394804296139,80],[0.16337610483087278,0.070494185201889492,120],[-0.16337610483087278,0.92950581479811056,180],[-0.34790927509741382,0.523605195703861,125],[0.4286759234001,0.611592278380198,212],[0.80004927922991287,0.94757170669419077,158],[0.81396931173202991,0.87953187298155933,19],[-0.81396931173202991,0.12046812701844067,164],[-0.80004927922991287,0.052428293305809261,39],[0.033676736201499205,0.66685957468980561,262],[-0.71565882539477865,0.94346658676093154,249],[0.71565882539477865,0.0565334132390685,20],[-0.033676736201499205,0.33314042531019439,305]],"learnOrder":[0,5,1,4,3,8,7,2,6,8,5,1,6,3,7,2,4,5,3,7,1,2,8,4,6]},"objlocTestRun2":{"startLoc":[[0,0,0],[-0.4446834384261899,0.36367058390257823,192],[-0.29605664248429892,0.55504359422497151,84],[-0.54991266238302972,0.2672572989274421,121],[0.4446834384261899,0.63632941609742177,196],[0.81504847610970843,0.64508386401039042,271],[-0.81504847610970843,0.35491613598960964,32],[0.29605664248429892,0.44495640577502849,333],[0.54991266238302972,0.7327427010725579,49],[-0.34771141328088678,0.52454514900111338,270],[0.10269292460798023,0.67712996939850678,15],[0.089698207378022851,0.4556994506777241,195],[-0.49982386234069359,0.66875690285675937,26],[0.49982386234069359,0.33124309714324063,332],[0.34771141328088678,0.47545485099888662,252],[-0.089698207378022851,0.5443005493222759,78],[-0.10269292460798023,0.32287003060149322,155],[0.643498029528822,0.77531206201237124,72],[0.2240336193082601,0.74584719808022681,314],[-0.508963537531941,0.71833752138230222,291],[-0.2240336193082601,0.25415280191977319,155],[0.508963537531941,0.28166247861769778,290],[-0.37687075872857373,0.68887638656543593,119],[0.37687075872857373,0.31112361343456407,352],[-0.643498029528822,0.22468793798762876,5]],"learnOrder":[0,6,4,7,2,5,1,8,3,1,7,6,8,4,5,2,3,2,3,8,7,4,1,5,6]},"distEstPair":{"pairList":[[0,0],[7,6],[3,2],[5,6],[5,7],[6,7],[8,5],[7,5],[3,4],[2,7],[2,8],[3,5],[6,4],[8,7],[2,4],[6,2],[6,8],[2,1],[4,8],[2,3],[5,8],[1,5],[7,1],[8,3],[6,5],[1,3],[4,7],[1,4],[8,6],[4,1],[5,4],[3,1],[1,6],[5,2],[4,2],[4,3],[7,3],[7,8],[8,1],[1,2],[3,6]]},"distEstEgo":{"pairList":[[0,0],[2,3],[2,8],[5,6],[7,3],[6,7],[8,6],[3,2],[1,2],[6,5],[7,6],[4,2],[2,1]]},"distEst2AFC":{"triplet":[[0,0,0],[6,5,7],[7,3,5],[8,7,5],[3,4,6],[8,5,7],[6,7,5],[7,8,2],[8,5,7],[6,7,5],[2,3,1],[4,1,3],[5,7,6],[2,1,3],[6,5,7],[2,3,1],[1,3,2],[5,8,7],[4,3,1],[1,4,3],[3,7,1],[2,1,3],[4,3,1],[8,7,5],[4,1,3]]}}