{"objLoc":[[0,0,0],[0.1,0.9,147],[0.9,0.9,20],[0.9,0.1,284],[0.7,0.7,104],[-0.1,0.1,163],[-0.9,0.1,110],[-0.9,0.9,190],[-0.7,0.3,225]],"objIdentity":[0,7,4,2,6,1,5,8,3],"familiarise":{"path":[[0,0.5,181],[-0.47552825814757677,0.65450849718747373,190],[-0.026131234997993247,0.87369407058201243,322],[-0.5249132601279054,0.83881583370994983,281],[0.44101256616116291,0.57999678860742909,37],[0.84033032118480933,0.27908927703140496,83],[-0.6085584182487932,0.66731784468518607,190],[-0.10863457067059756,0.67604404790382777,272],[-0.60490764649125861,0.615109376201254,290],[-0.4095420822466217,0.15485694947503387,322],[-0.5305030300464556,0.6400048126130321,48],[-0.659912552597716,0.15704189946849795,287],[0.23109397159065193,0.61103239920804475,266],[-0.026425065864375152,0.18244874885698859,95],[0.43716686141901856,0.36975204556494456,267],[0.79683676158834416,0.71708123079444319,277]]},"objlocLearn":{"learnOrder":[0,6,4,8,3,1,7,5,2],"startLoc":[[0,0,0],[0.1,0.5,190],[-0.5,0.5,50],[0.5,0.5,60],[0.5,0.9,240],[0.1,0.1,10],[-0.5,0.1,0],[-0.1,0.9,300],[-0.1,0.5,180]]},"objlocTestRun1":{"startLoc":[[0,0,0],[-0.62892802870074138,0.39641685951225875,234],[0.66386565007828358,0.657641882552217,278],[0.1460391060497474,0.26986434631707534,149],[-0.72900536598312526,0.64026833569168728,20],[0.62892802870074138,0.6035831404877412,60],[-0.1460391060497474,0.73013565368292466,353],[-0.66386565007828358,0.342358117447783,64],[0.72900536598312526,0.35973166430831272,223],[-0.078412625976870862,0.20997930369753132,354],[0.46298635899737156,0.678142518763873,160],[0.16828707833696338,0.64030111380828081,3],[-0.16828707833696338,0.35969888619171919,222],[-0.16944198310483932,0.93770022912901463,179],[-0.46298635899737156,0.32185748123612695,143],[0.16944198310483932,0.062299770870985371,65],[0.078412625976870862,0.79002069630246874,297],[-0.083153511229046642,0.54376023651226846,37],[-0.9316819553156952,0.25147097350965131,136],[0.3632326049834656,0.20886355720814687,234],[0.058095543471113273,0.71301752749030034,358],[0.9316819553156952,0.74852902649034869,144],[-0.058095543471113273,0.28698247250969972,113],[0.083153511229046642,0.4562397634877316,305],[-0.3632326049834656,0.79113644279185313,221]],"learnOrder":[0,4,3,1,6,8,5,7,2,3,5,4,8,2,1,6,7,8,1,6,7,5,3,4,2]},"objlocTestRun2":{"startLoc":[[0,0,0],[-0.19982354190912682,0.12301128379141058,307],[-0.12479924610923639,0.43758000347720516,251],[0.62024500162288887,0.69572488248491415,61],[0.055391835418121718,0.1604265068583613,121],[0.12479924610923639,0.56241999652279484,304],[0.19982354190912682,0.87698871620858942,37],[-0.62024500162288887,0.30427511751508585,249],[-0.055391835418121718,0.83957349314163876,175],[-0.34709194193585652,0.79174976152219045,276],[-0.35961237806757546,0.39425569033696328,55],[0.35961237806757546,0.60574430966303672,143],[0.34709194193585652,0.20825023847780955,147],[0.89181950827132928,0.22398989742112962,3],[0.42838480040767551,0.4646262668679656,250],[-0.42838480040767551,0.5353737331320344,116],[-0.89181950827132928,0.77601010257887038,304],[-0.44996601850322165,0.26516680295081352,93],[0.56630710781966087,0.49746432856244949,277],[0.44996601850322165,0.73483319704918648,48],[0.77637450852779688,0.079066200733820147,281],[-0.77637450852779688,0.92093379926617991,113],[-0.28846008595736145,0.052587507771490322,227],[0.28846008595736145,0.94741249222850965,166],[-0.56630710781966087,0.50253567143755051,98]],"learnOrder":[0,1,6,3,4,2,5,7,8,4,6,2,8,5,3,7,1,7,8,3,2,6,1,5,4]},"distEstPair":{"pairList":[[0,0],[8,3],[7,5],[2,4],[4,7],[1,6],[5,7],[1,4],[2,3],[7,6],[2,1],[5,2],[4,3],[3,5],[5,8],[5,6],[1,3],[6,7],[2,8],[6,4],[4,2],[6,8],[4,8],[8,5],[6,2],[2,7],[5,4],[8,6],[4,1],[7,3],[6,5],[3,6],[8,7],[1,2],[7,8],[1,5],[3,1],[7,1],[3,4],[8,1],[3,2]]},"distEstEgo":{"pairList":[[0,0],[7,6],[2,1],[6,5],[2,8],[4,2],[5,6],[1,2],[3,2],[6,7],[2,3],[7,3],[8,6]]},"distEst2AFC":{"triplet":[[0,0,0],[5,8,7],[1,3,2],[4,3,1],[5,7,6],[8,7,5],[1,4,3],[8,7,5],[2,3,1],[6,5,7],[2,1,3],[3,7,1],[7,8,2],[4,1,3],[8,5,7],[4,1,3],[2,1,3],[7,3,5],[6,7,5],[4,3,1],[8,5,7],[6,7,5],[3,4,6],[6,5,7],[2,3,1]]}}