{"objLoc":[[0,0,0],[0.1,0.9,147],[0.9,0.9,20],[0.9,0.1,284],[0.7,0.7,104],[-0.1,0.1,163],[-0.9,0.1,110],[-0.9,0.9,190],[-0.7,0.3,225]],"objIdentity":[0,7,4,2,6,1,5,8,3],"familiarise":{"path":[[0,0.5,181],[-0.47552825814757677,0.65450849718747373,190],[-0.026131234997993247,0.87369407058201243,322],[-0.5249132601279054,0.83881583370994983,281],[0.44101256616116291,0.57999678860742909,37],[0.84033032118480933,0.27908927703140496,83],[-0.6085584182487932,0.66731784468518607,190],[-0.10863457067059756,0.67604404790382777,272],[-0.60490764649125861,0.615109376201254,290],[-0.4095420822466217,0.15485694947503387,322],[-0.5305030300464556,0.6400048126130321,48],[-0.659912552597716,0.15704189946849795,287],[0.23109397159065193,0.61103239920804475,266],[-0.026425065864375152,0.18244874885698859,95],[0.43716686141901856,0.36975204556494456,267],[0.79683676158834416,0.71708123079444319,277]]},"objlocLearn":{"learnOrder":[0,6,4,8,3,1,7,5,2],"startLoc":[[0,0,0],[0.1,0.5,190],[-0.5,0.5,50],[0.5,0.5,60],[0.5,0.9,240],[0.1,0.1,10],[-0.5,0.1,0],[-0.1,0.9,300],[-0.1,0.5,180]]},"objlocTestRun1":{"startLoc":[[0,0,0],[0.1460391060497474,0.26986434631707534,93],[0.3632326049834656,0.20886355720814687,277],[0.62024500162288887,0.69572488248491415,48],[0.25327249846799144,0.58543702490209637,281],[-0.3632326049834656,0.79113644279185313,113],[-0.1460391060497474,0.73013565368292466,227],[-0.62024500162288887,0.30427511751508585,166],[-0.25327249846799144,0.41456297509790363,98],[-0.63954251560065889,0.44733891241544443,222],[-0.12479924610923639,0.43758000347720516,109],[0.12479924610923639,0.56241999652279484,2],[0.63954251560065889,0.55266108758455557,78],[0.46298635899737156,0.678142518763873,7],[0.42838480040767551,0.4646262668679656,357],[-0.42838480040767551,0.5353737331320344,42],[-0.46298635899737156,0.32185748123612695,180],[-0.44996601850322165,0.26516680295081352,115],[0.51715751707695656,0.37437908409068432,325],[0.44996601850322165,0.73483319704918648,192],[0.35961237806757546,0.60574430966303672,286],[-0.35961237806757546,0.39425569033696328,37],[-0.9316819553156952,0.25147097350965131,68],[0.9316819553156952,0.74852902649034869,284],[-0.51715751707695656,0.62562091590931568,179],[0.87778782715502723,0.52347442674045286,50],[0.19982354190912682,0.87698871620858942,246],[-0.16828707833696338,0.35969888619171919,91],[0.16828707833696338,0.64030111380828081,187],[-0.87778782715502723,0.47652557325954714,202],[-0.19982354190912682,0.12301128379141058,196],[0.77637450852779688,0.079066200733820147,96],[-0.77637450852779688,0.92093379926617991,25],[0.083153511229046642,0.4562397634877316,198],[-0.083153511229046642,0.54376023651226846,328],[-0.94024135696325706,0.94152309726571737,209],[0.94024135696325706,0.058476902734282604,320],[0.89181950827132928,0.22398989742112962,41],[-0.40094749001660707,0.91535085701590879,182],[0.40094749001660707,0.084649142984091208,286],[-0.89181950827132928,0.77601010257887038,194],[-0.28846008595736145,0.052587507771490322,322],[-0.66386565007828358,0.342358117447783,282],[0.66386565007828358,0.657641882552217,166],[0.28846008595736145,0.94741249222850965,249],[-0.21851056562654175,0.37455252915990389,4],[0.055391835418121718,0.1604265068583613,126],[-0.055391835418121718,0.83957349314163876,36],[0.21851056562654175,0.62544747084009611,225],[0.078412625976870862,0.79002069630246874,120],[-0.34709194193585652,0.79174976152219045,27],[0.19278030881124603,0.48044126143468768,43],[-0.19278030881124603,0.51955873856531232,296],[0.34709194193585652,0.20825023847780955,227],[-0.078412625976870862,0.20997930369753132,326],[-0.72900536598312526,0.64026833569168728,225],[0.72900536598312526,0.35973166430831272,61],[0.16944198310483932,0.062299770870985371,343],[-0.058095543471113273,0.28698247250969972,18],[0.24924637607888273,0.1856990140401048,41],[-0.24924637607888273,0.8143009859598952,244],[0.11122891174027556,0.3002447077435213,80],[0.058095543471113273,0.71301752749030034,117],[-0.16944198310483932,0.93770022912901463,44],[-0.11122891174027556,0.6997552922564787,211]],"learnOrder":[0,1,6,3,4,2,5,7,8,4,6,2,8,5,3,7,1,7,8,3,2,6,1,5,4,4,5,7,3,8,1,2,6,3,7,6,2,5,4,8,1,1,6,2,5,8,3,7,4,6,3,4,8,7,2,5,1,5,2,7,3,4,6,1,8]},"distEstPair":{"pairList":[[0,0],[3,5],[1,7],[6,7],[5,6],[1,3],[3,8],[4,7],[5,7],[4,8],[1,5],[2,8],[2,5],[4,5],[1,6],[1,8],[2,3],[5,8],[1,2],[7,8],[1,4],[6,8],[3,6],[2,7],[3,4],[2,4],[2,6],[4,6],[3,7],[3,1],[8,6],[7,6],[3,2],[6,5],[5,3],[7,3],[8,1],[7,2],[8,2],[8,3],[5,4],[7,4],[5,1],[4,2],[4,1],[8,7],[8,4],[8,5],[7,1],[2,1],[7,5],[6,2],[6,4],[6,1],[5,2],[4,3],[6,3]]},"distEst2AFC":{"triplet":[[0,0,0],[2,6,1],[3,2,5],[1,7,5],[7,1,6],[3,5,2],[6,8,2],[1,5,7],[6,7,5],[8,6,4],[3,5,2],[7,6,1],[5,1,3],[2,1,3],[3,2,5],[4,7,2],[2,4,6],[2,1,3],[5,3,1],[1,5,7],[8,2,6],[2,3,1],[7,1,6],[6,3,8],[5,1,3],[2,3,1],[4,1,6],[5,3,1],[6,7,5],[7,6,1],[6,5,7],[1,7,5],[6,5,7]]}}