{"objLoc":[[0,0,0],[0.1,0.9,263],[0.9,0.9,217],[0.9,0.1,343],[0.7,0.7,52],[-0.1,0.1,291],[-0.9,0.1,131],[-0.9,0.9,68],[-0.7,0.3,94]],"objIdentity":[0,8,2,6,7,5,1,4,3],"familiarise":{"path":[[0,0.5,286],[-0.3596699001693256,0.84732918522949863,125],[-0.85351407046689443,0.76911195270938315,188],[-0.51251489043564513,0.40343510189979792,168],[0.37043270242328186,0.87290666468568867,243],[0.84319199022294034,0.71012258745711032,232],[0.36503961224142262,0.85630843981847871,81],[-0.09521281448479757,0.66094287557384179,166],[-0.025626264004764851,0.16580884120305661,53],[0.2682663621414717,0.57031733839053034,83],[0.57609709980430091,0.17631196158716939,329],[0.076401686294753024,0.1588622132359189,303],[-0.74275035799423872,0.73243864958696492,104],[-0.638794512585359,0.24336484922006207,175],[0.8500247148766239,0.42616886432778334,210],[-0.62718691464168808,0.68664113082817879,211]]},"objlocLearn":{"learnOrder":[0,8,6,5,4,3,1,2,7],"startLoc":[[0,0,0],[0.5,0.5,60],[0.1,0.5,190],[-0.1,0.9,300],[-0.5,0.5,50],[0.5,0.9,240],[0.1,0.1,10],[-0.1,0.5,180],[-0.5,0.1,0]]},"objlocTestRun1":{"startLoc":[[0,0,0],[-0.070031559251288053,0.77878942859408806,203],[0.21229616998568129,0.077282239426041677,4],[-0.87483049530899115,0.7755912457172478,189],[0.13527981837178243,0.515767057670863,256],[-0.21229616998568129,0.92271776057395827,273],[0.070031559251288053,0.22121057140591194,84],[-0.13527981837178243,0.48423294232913705,248],[0.87483049530899115,0.22440875428275214,63],[0.18379303967952904,0.26813104084325973,64],[-0.60331486832549142,0.26984455486823089,215],[-0.18379303967952904,0.73186895915674022,97],[0.60331486832549142,0.73015544513176911,129],[0.16054824470288803,0.58139834470462792,317],[-0.16054824470288803,0.41860165529537208,4],[-0.37053146301804069,0.0862834426737239,178],[0.37053146301804069,0.9137165573262761,84],[0.18133912411966596,0.17731745542264754,116],[-0.2758655449409701,0.23800020463971228,320],[-0.28733094408628229,0.8419761406686147,265],[0.70191802738953069,0.59708857211899646,44],[-0.70191802738953069,0.40291142788100359,87],[0.28733094408628229,0.1580238593313853,238],[-0.18133912411966596,0.82268254457735246,87],[0.2758655449409701,0.76199979536028772,246]],"learnOrder":[0,1,2,8,3,6,5,7,4,3,6,7,2,4,8,5,1,2,1,3,8,4,7,6,5]},"objlocTestRun2":{"startLoc":[[0,0,0],[0.68055333652091443,0.075952434996883533,309],[0.62605523207015568,0.4507937913440383,140],[0.71867565222997665,0.74743523109414567,209],[-0.19996346401889681,0.58941515383346832,103],[-0.68055333652091443,0.92404756500311647,40],[-0.62605523207015568,0.5492062086559617,44],[-0.71867565222997665,0.25256476890585433,112],[0.19996346401889681,0.41058484616653168,141],[-0.94091470118046749,0.28185125450999782,131],[-0.16247265172421049,0.52922576025524815,359],[-0.52460825642422049,0.65591249625134029,123],[0.16247265172421049,0.47077423974475185,181],[0.40492561837690905,0.24201168628936864,228],[-0.40492561837690905,0.75798831371063136,295],[0.94091470118046749,0.71814874549000218,53],[0.52460825642422049,0.34408750374865965,159],[0.0990230210168717,0.37178728315610221,116],[-0.32921094997024763,0.40531041042283961,179],[-0.030940464293833722,0.62497416617339874,337],[0.70190359207969943,0.71300396240580655,235],[0.030940464293833722,0.37502583382660126,65],[-0.70190359207969943,0.28699603759419345,170],[0.32921094997024763,0.59468958957716045,181],[-0.0990230210168717,0.62821271684389779,50]],"learnOrder":[0,5,8,3,2,1,4,7,6,5,7,8,3,6,2,1,4,5,2,4,3,8,7,6,1]},"distEstPair":{"pairList":[[0,0],[7,6],[5,7],[1,5],[5,2],[8,7],[2,7],[5,8],[6,8],[4,3],[4,8],[3,4],[7,8],[4,7],[8,3],[7,3],[5,6],[1,3],[1,6],[6,5],[4,1],[2,4],[3,2],[1,2],[8,1],[4,2],[5,4],[7,1],[3,1],[2,1],[3,6],[6,4],[6,7],[3,5],[2,3],[6,2],[8,5],[2,8],[8,6],[1,4],[7,5]]},"distEstEgo":{"pairList":[[0,0],[2,3],[2,1],[3,2],[7,6],[8,6],[2,8],[4,2],[7,3],[6,7],[6,5],[5,6],[1,2]]},"distEst2AFC":{"triplet":[[0,0,0],[5,8,7],[6,7,5],[8,7,5],[2,3,1],[1,4,3],[2,1,3],[6,7,5],[5,7,6],[8,7,5],[3,4,6],[4,1,3],[8,5,7],[7,8,2],[3,7,1],[8,5,7],[2,3,1],[6,5,7],[4,3,1],[2,1,3],[4,1,3],[6,5,7],[4,3,1],[7,3,5],[1,3,2]]}}