{"objLoc":[[0,0,0],[0.1,0.9,109],[0.9,0.9,89],[0.9,0.1,334],[0.7,0.7,321],[-0.1,0.1,246],[-0.9,0.1,205],[-0.9,0.9,197],[-0.7,0.3,76]],"objIdentity":[0,8,5,4,3,1,6,7,2],"familiarise":{"path":[[0,0.5,11],[0.44147379642946349,0.73473578139294538,135],[0.86549784450767642,0.46977614927634292,208],[0.45097905823015561,0.19017969754096947,313],[-0.029651789739003842,0.32799837544946908,234],[-0.524785824109789,0.25841182496943638,6],[-0.30560025071525032,0.7078088481190199,166],[-0.58519670245062372,0.29329006184149908,195],[-0.092792825944519708,0.38011415067496424,107],[0.3996110505615843,0.29329006184149908,30],[0.85986347728780443,0.488655626086136,58],[0.43127982693674827,0.23113658863110892,109],[-0.56126632470457372,0.10926724522596143,284],[-0.4067578275171,0.58479550337353814,177],[0.55916799877196832,0.3259764582710174,20],[0.33217274890219495,0.77147972036520129,156]]},"objlocLearn":{"learnOrder":[0,3,6,1,4,2,5,7,8],"startLoc":[[0,0,0],[0.5,0.9,240],[0.1,0.5,190],[0.1,0.1,10],[-0.5,0.5,50],[-0.1,0.5,180],[-0.1,0.9,300],[-0.5,0.1,0],[0.5,0.5,60]]},"objlocTestRun1":{"startLoc":[[0,0,0],[-0.42128893293781972,0.65050508927529394,85],[0.42128893293781972,0.34949491072470606,352],[-0.564429992868442,0.77508785194416929,31],[-0.45077115778072313,0.40954931728920752,57],[0.564429992868442,0.22491214805583071,69],[-0.08162756072221318,0.5736162879326604,161],[0.08162756072221318,0.4263837120673396,97],[0.45077115778072313,0.59045068271079248,360],[0.57097395387065952,0.90509257207561267,321],[-0.77686529982514729,0.32526257333207087,9],[-0.45405537322340178,0.330869620950755,69],[0.77686529982514729,0.67473742666792913,341],[0.15236751025416367,0.634572378821485,56],[-0.15236751025416367,0.365427621178515,237],[0.45405537322340178,0.669130379049245,251],[-0.57097395387065952,0.094907427924387333,72],[-0.663702783881039,0.47916953539124268,12],[0.663702783881039,0.52083046460875737,245],[0.49784278984732228,0.70172281194790154,273],[0.58325417641272459,0.21589027869572619,298],[-0.49784278984732228,0.29827718805209846,64],[-0.58325417641272459,0.78410972130427381,226],[0.91209998532258618,0.25305368269480422,58],[-0.91209998532258618,0.74694631730519578,12]],"learnOrder":[0,8,4,5,7,1,6,2,3,3,1,8,5,2,6,4,7,4,8,3,6,7,2,1,5]},"objlocTestRun2":{"startLoc":[[0,0,0],[-0.43784503925131152,0.65103579957932045,26],[0.35107345713532706,0.68868809369388118,331],[0.20766884472462882,0.796207807811933,188],[-0.068860455985325156,0.51420408372902271,6],[-0.20766884472462882,0.203792192188067,1],[0.43784503925131152,0.34896420042067955,357],[-0.35107345713532706,0.31131190630611882,95],[0.068860455985325156,0.48579591627097723,315],[-0.92984335874027146,0.45814937815231394,127],[-0.015214194723291927,0.25313174233567576,192],[-0.82715643552399754,0.9260650060706862,56],[0.92005852598376814,0.49869698344528718,43],[-0.92005852598376814,0.50130301655471277,45],[0.82715643552399754,0.073934993929313783,255],[0.015214194723291927,0.74686825766432419,292],[0.92984335874027146,0.54185062184768606,310],[-0.86961239957006442,0.62535764613124178,157],[0.15591345975953302,0.070688571184071791,317],[0.02650246815849204,0.53008263789766707,209],[-0.02650246815849204,0.469917362102333,305],[-0.926720008280751,0.680062143633964,320],[0.86961239957006442,0.37464235386875822,138],[0.926720008280751,0.319937856366036,297],[-0.15591345975953302,0.92931142881592821,274]],"learnOrder":[0,2,3,4,5,8,6,7,1,5,3,8,2,6,4,7,1,8,2,7,3,5,4,1,6]},"distEstPair":{"pairList":[[0,0],[3,2],[2,8],[1,6],[8,3],[6,4],[2,3],[8,5],[7,8],[5,8],[1,3],[8,6],[2,4],[4,3],[4,1],[7,3],[7,6],[5,6],[6,7],[6,8],[8,7],[2,7],[3,4],[6,5],[4,2],[5,2],[6,2],[3,6],[7,5],[4,8],[1,2],[7,1],[5,7],[1,5],[2,1],[3,1],[3,5],[4,7],[8,1],[1,4],[5,4]]},"distEstEgo":{"pairList":[[0,0],[2,8],[2,1],[3,2],[2,3],[7,6],[7,3],[1,2],[5,6],[6,5],[8,6],[4,2],[6,7]]},"distEst2AFC":{"triplet":[[0,0,0],[6,7,5],[7,8,2],[4,3,1],[5,8,7],[6,5,7],[8,7,5],[6,7,5],[8,5,7],[2,3,1],[8,5,7],[4,3,1],[6,5,7],[1,4,3],[4,1,3],[2,3,1],[7,3,5],[1,3,2],[8,7,5],[4,1,3],[3,7,1],[5,7,6],[2,1,3],[3,4,6],[2,1,3]]}}