{"objLoc":[[0,0,0],[0.1,0.9,310],[0.9,0.9,135],[0.9,0.1,200],[0.7,0.7,345],[-0.1,0.1,266],[-0.9,0.1,294],[-0.9,0.9,37],[-0.7,0.3,335]],"objIdentity":[0,3,4,6,7,2,1,5,8],"familiarise":{"path":[[0,0.5,69],[-0.48718503239261762,0.38752447282806751,86],[-0.67448832910057366,0.85111640011146128,51],[-0.54507880654931329,0.36815348696692712,69],[0.45355072820526054,0.42048944320987097,253],[-0.041583306165524636,0.35090289272983827,205],[0.29941587386572466,0.71657974353942344,259],[-0.17043043652722956,0.54556967187658911,61],[-0.55345265808671851,0.86696347671985874,173],[0.4124731682023498,0.608144431617338,305],[0.882319478595304,0.43713435995450367,199],[0.44500962502560615,0.67953917007767217,315],[-0.053772400104305951,0.64466093320560947,16],[0.340232976699055,0.33683019554278032,104],[0.45270850387098749,0.82401522793539794,110],[0.89001835744068536,0.58161041781222944,309]]},"objlocLearn":{"learnOrder":[0,5,6,7,2,3,8,1,4],"startLoc":[[0,0,0],[-0.1,0.9,300],[0.1,0.5,190],[-0.5,0.1,0],[-0.1,0.5,180],[0.5,0.9,240],[0.5,0.5,60],[0.1,0.1,10],[-0.5,0.5,50]]},"objlocTestRun1":{"startLoc":[[0,0,0],[-0.49217180363184293,0.26482404454137171,96],[0.65752920806912662,0.82209266337484932,179],[-0.65752920806912662,0.17790733662515068,129],[0.62646718429767989,0.77158839858342643,294],[-0.62646718429767989,0.22841160141657352,172],[0.49217180363184293,0.73517595545862835,52],[-0.1230885104800918,0.097636529027201768,308],[0.1230885104800918,0.90236347097279823,231],[0.88984529193202211,0.6228623406576711,105],[-0.33358828634306931,0.62396464417259412,350],[0.33358828634306931,0.37603535582740588,199],[-0.79280639340562353,0.87505732247422241,159],[0.79280639340562353,0.12494267752577765,168],[-0.88984529193202211,0.3771376593423289,35],[0.76178305418126691,0.593845718383193,195],[-0.76178305418126691,0.406154281616807,175],[0.010265427214917897,0.43156608654324513,51],[-0.010265427214917897,0.56843391345675487,157],[-0.89429353342260054,0.22351992462220915,101],[-0.44745909571653214,0.32283339214674911,121],[-0.02604087997627573,0.58191428937953926,273],[0.02604087997627573,0.41808571062046074,277],[0.89429353342260054,0.77648007537779085,142],[0.44745909571653214,0.67716660785325089,164]],"learnOrder":[0,4,2,6,5,1,8,7,3,3,4,8,5,1,7,2,6,5,1,8,2,3,7,4,6]},"objlocTestRun2":{"startLoc":[[0,0,0],[-0.85661867888546472,0.911105180194077,17],[0.85661867888546472,0.088894819805922953,130],[0.16334603166661615,0.28512606243176825,105],[-0.0076769863850475878,0.93777601795606436,302],[-0.4594911632593624,0.92773702997412533,238],[0.4594911632593624,0.072262970025874673,10],[0.0076769863850475878,0.062223982043935644,286],[-0.16334603166661615,0.71487393756823181,118],[-0.63615523770325932,0.11816938506541111,217],[-0.55938091443452087,0.85685893031010518,327],[0.63615523770325932,0.88183061493458892,330],[-0.6556629494815609,0.43374633426680187,155],[0.6556629494815609,0.56625366573319813,339],[0.033987251892986639,0.17193153232684966,287],[-0.033987251892986639,0.82806846767315034,345],[0.55938091443452087,0.14314106968989482,122],[-0.60983308012777759,0.18156054509968689,176],[0.024447854444309455,0.41704889763317787,285],[0.37145184538385795,0.69594503926858864,135],[0.45958449628488224,0.5888188404935607,52],[-0.45958449628488224,0.4111811595064393,100],[0.60983308012777759,0.81843945490031311,177],[-0.37145184538385795,0.30405496073141136,136],[-0.024447854444309455,0.58295110236682213,96]],"learnOrder":[0,1,5,2,3,4,8,7,6,1,2,5,7,3,4,8,6,7,8,2,1,5,3,6,4]},"distEstPair":{"pairList":[[0,0],[8,1],[8,5],[5,2],[6,4],[1,2],[1,6],[7,3],[6,5],[7,5],[8,3],[2,1],[6,2],[2,8],[1,5],[5,4],[4,7],[7,1],[2,7],[4,2],[4,3],[5,6],[4,8],[3,6],[7,8],[1,3],[4,1],[5,8],[8,7],[5,7],[8,6],[3,2],[7,6],[2,3],[3,4],[3,1],[6,7],[6,8],[2,4],[3,5],[1,4]]},"distEstEgo":{"pairList":[[0,0],[7,3],[5,6],[6,7],[2,1],[2,3],[8,6],[2,8],[7,6],[6,5],[3,2],[1,2],[4,2]]},"distEst2AFC":{"triplet":[[0,0,0],[8,5,7],[6,5,7],[2,1,3],[4,1,3],[2,3,1],[4,3,1],[1,4,3],[7,8,2],[5,8,7],[5,7,6],[8,7,5],[6,7,5],[4,3,1],[3,7,1],[6,7,5],[8,5,7],[2,1,3],[7,3,5],[2,3,1],[8,7,5],[3,4,6],[4,1,3],[1,3,2],[6,5,7]]}}