{"objLoc":[[0,0,0],[0,0.95,278],[0.9,0.95,8],[0.9,0.05,229],[0.7,0.75,270],[0,0.05,180],[-0.9,0.05,81],[-0.9,0.95,72],[-0.7,0.25,274]],"objIdentity":[0,5,2,1,6,8,3,7,4],"familiarise":{"path":[[0,0.5,260],[0.5,0.9,106],[0.9,0.1,331],[-0.9,0.2,258],[-0.7,0.7,196],[0.5,0.5,52],[0,0.2,135],[-0.2,0.8,243],[-0.5,0.1,160],[0.7,0.4,157],[0.9,0.9,223],[-0.5,0.5,185],[0.5,0.9,235],[0.5,0.1,217],[-0.6,0.8,290]]},"objlocLearn":{"learnOrder":[0,8,4,6,5,3,1,7,2],"startLoc":[[0,0,0],[0.5,0.5,60],[-0.5,0.5,50],[0.1,0.5,190],[-0.1,0.9,300],[0.5,0.9,240],[0.1,0.1,10],[-0.5,0.1,0],[-0.1,0.5,180]]},"objlocTestRun1":{"startLoc":[[0,0,0],[0.90975637693952094,0.35573705927407728,8],[0.083021360519910312,0.20648944054153406,271],[0.25933317182833465,0.36171243507202971,64],[-0.25933317182833465,0.63828756492797023,166],[-0.23994558179164577,0.45717245967268083,185],[0.23994558179164577,0.54282754032731917,175],[-0.083021360519910312,0.79351055945846594,304],[-0.90975637693952094,0.64426294072592272,63],[-0.0094076013233367756,0.92937265333041363,6],[0.0094076013233367756,0.070627346669586366,306],[-0.4723891450065873,0.58763448340779589,268],[0.60664529177313042,0.22905278571093107,165],[0.4723891450065873,0.41236551659220411,151],[-0.500157115572994,0.15971302154762745,43],[-0.60664529177313042,0.770947214289069,122],[0.500157115572994,0.84028697845237255,35],[-0.15673262670539284,0.59501980795438114,258],[0.678015574669693,0.36648737548887911,28],[-0.765380344630092,0.46889784607836638,75],[-0.11252973268873361,0.33644552493105606,207],[0.15673262670539284,0.40498019204561886,106],[-0.678015574669693,0.63351262451112089,237],[0.765380344630092,0.53110215392163362,290],[0.11252973268873361,0.66355447506894394,127],[0.037614273163222259,0.57032278689422078,34],[0.025586592075747941,0.58805298316667631,293],[-0.037614273163222259,0.42967721310577922,283],[0.17138258967230352,0.0853535905028486,142],[-0.17138258967230352,0.91464640949715137,312],[-0.025586592075747941,0.41194701683332369,139],[0.48383061390672871,0.31636553619171082,93],[-0.48383061390672871,0.68363446380828918,299],[0.4517902438492945,0.6792158219533635,266],[0.67247412595092415,0.11128754618415504,183],[-0.72947931116625386,0.657039525950976,232],[-0.67247412595092415,0.888712453815845,77],[-0.27135465859438107,0.12165178114036777,323],[0.27135465859438107,0.87834821885963221,348],[-0.4517902438492945,0.3207841780466365,115],[0.72947931116625386,0.34296047404902391,312],[-0.06739146521926824,0.75375420675723359,112],[-0.63646979433361783,0.40327631955192855,10],[0.06739146521926824,0.24624579324276641,18],[-0.36962615514864533,0.34764738078391882,67],[0.36962615514864533,0.65235261921608112,25],[0.49005583673329794,0.44817963020362017,93],[0.63646979433361783,0.59672368044807145,329],[-0.49005583673329794,0.55182036979637983,165],[0.41534533972627535,0.57741978204785838,47],[0.12446333778751835,0.4776190226735455,292],[0.52027756280013215,0.085963287820979534,146],[-0.41534533972627535,0.42258021795214162,9],[-0.77242528833856439,0.7889950920532357,309],[0.77242528833856439,0.2110049079467643,99],[-0.12446333778751835,0.5223809773264545,256],[-0.52027756280013215,0.91403671217902049,129],[-0.66281116267912865,0.39570300382297963,286],[-0.39368384504993276,0.107825954625342,305],[0.13396486097988719,0.66656581534158055,194],[-0.12006230053621554,0.68024311481789346,202],[0.39368384504993276,0.892174045374658,45],[0.12006230053621554,0.31975688518210654,136],[-0.13396486097988719,0.33343418465841945,155],[0.66281116267912865,0.60429699617702037,185]],"learnOrder":[0,4,6,3,7,5,1,2,8,4,8,2,1,6,7,5,3,3,1,6,4,7,5,2,8,4,3,8,2,6,7,1,5,7,4,5,8,2,6,3,1,4,1,8,2,6,7,5,3,4,3,2,8,1,5,7,6,1,3,6,8,7,4,2,5]},"distEstPair":{"pairList":[[0,0],[7,8],[2,4],[5,6],[1,7],[6,8],[2,6],[4,8],[3,8],[3,7],[1,3],[2,8],[1,4],[1,6],[5,7],[2,3],[4,5],[2,7],[3,5],[6,7],[4,7],[1,5],[3,4],[3,6],[1,8],[1,2],[4,6],[5,8],[2,5],[6,3],[7,6],[8,3],[5,2],[8,2],[5,1],[8,5],[6,1],[6,5],[5,3],[7,3],[7,4],[8,1],[6,4],[8,6],[4,2],[6,2],[5,4],[8,4],[3,2],[3,1],[8,7],[7,5],[7,1],[4,3],[7,2],[2,1],[4,1]]},"distEst2AFC":{"triplet":[[0,0,0],[6,2,8],[1,2,7],[6,8,1],[3,5,2],[5,6,3],[1,7,2],[7,1,6],[5,3,6],[2,4,5],[7,6,1],[3,5,2],[7,6,1],[4,1,7],[5,3,6],[3,2,5],[8,6,7],[3,2,5],[7,1,6],[1,7,2],[5,6,7],[5,6,3],[1,2,7],[4,2,7],[2,3,4]]}}