{"objLoc":[[0,0,0],[0,0.95,306],[0.9,0.95,65],[0.9,0.05,20],[0.7,0.75,131],[0,0.05,100],[-0.9,0.05,191],[-0.9,0.95,111],[-0.7,0.25,110]],"objIdentity":[0,1,8,2,4,5,7,6,3],"familiarise":{"path":[[0,0.5,61],[0.5,0.9,17],[0.9,0.1,15],[-0.9,0.2,73],[-0.7,0.7,360],[0.5,0.5,135],[0,0.2,274],[-0.2,0.8,171],[-0.5,0.1,184],[0.7,0.4,341],[0.9,0.9,40],[-0.5,0.5,168],[0.5,0.9,51],[0.5,0.1,194],[-0.6,0.8,108]]},"objlocLearn":{"learnOrder":[0,3,8,7,6,1,4,5,2],"startLoc":[[0,0,0],[0.5,0.9,240],[0.5,0.5,60],[-0.5,0.1,0],[0.1,0.5,190],[0.1,0.1,10],[-0.5,0.5,50],[-0.1,0.9,300],[-0.1,0.5,180]]},"objlocTestRun1":{"startLoc":[[0,0,0],[-0.17823990730226619,0.12169949485090804,213],[-0.10663828066168472,0.29194547113241631,270],[-0.37305789440432086,0.31576691452893674,72],[-0.25974748374203477,0.063503740714910245,163],[0.17823990730226619,0.878300505149092,91],[0.37305789440432086,0.68423308547106321,295],[0.25974748374203477,0.93649625928508973,343],[0.10663828066168472,0.70805452886758369,95],[-0.84202071731704087,0.12049781776978001,48],[0.1312995715208935,0.71907766651939908,61],[0.89478992979381511,0.609458300670547,148],[-0.1312995715208935,0.28092233348060092,175],[0.077055591862140213,0.481553172671233,53],[-0.077055591862140213,0.518446827328767,259],[0.84202071731704087,0.87950218223022,134],[-0.89478992979381511,0.39054169932945304,58],[-0.82889866690585667,0.41086429574250316,218],[-0.37178784021434236,0.92375693518537139,113],[-0.322971147986365,0.59706707663527558,332],[0.37178784021434236,0.076243064814628628,277],[-0.35068118151667677,0.56723873423688431,195],[0.322971147986365,0.40293292336472442,97],[0.35068118151667677,0.43276126576311574,264],[0.82889866690585667,0.58913570425749684,3],[-0.19659880889138431,0.2085358023892302,323],[-0.00096440251474043392,0.16937088597001509,76],[-0.029783170981774479,0.12217934783905404,303],[0.029783170981774479,0.877820652160946,176],[0.68537044089360477,0.339462749084928,319],[-0.68537044089360477,0.660537250915072,176],[0.19659880889138431,0.7914641976107698,179],[0.00096440251474043392,0.83062911402998485,76],[-0.088044189932895381,0.9418600548197037,95],[0.89156429626300815,0.37445951451750858,225],[-0.89156429626300815,0.62554048548249142,164],[0.088044189932895381,0.0581399451802963,328],[-0.091444599458731443,0.84915068092997514,200],[-0.56740343874790766,0.0514802819840634,254],[0.56740343874790766,0.9485197180159366,74],[0.091444599458731443,0.15084931907002486,96],[0.25947580703296008,0.24778583360342127,151],[0.0020569934815018315,0.43362348209341472,10],[-0.52206345584812186,0.84071794561088975,256],[-0.32344472849397649,0.22588234089186843,152],[-0.0020569934815018315,0.56637651790658528,8],[0.52206345584812186,0.15928205438911031,245],[-0.25947580703296008,0.75221416639657868,132],[0.32344472849397649,0.77411765910813157,82],[-0.72270942576212227,0.76935203032633,184],[0.72270942576212227,0.23064796967366996,52],[-0.090349623927347758,0.12128029668751994,339],[-0.033048870888412643,0.35082289054257154,6],[0.033048870888412643,0.64917710945742846,263],[-0.34968780339547795,0.63401102845953716,310],[0.090349623927347758,0.87871970331248006,315],[0.34968780339547795,0.36598897154046284,191],[-0.49953439885722112,0.10320900739131145,148],[-0.51496861534460958,0.23738044876747266,268],[-0.14976168738697732,0.88904960918681875,289],[-0.71376528995456856,0.83516706054316447,98],[0.71376528995456856,0.16483293945683553,96],[0.49953439885722112,0.89679099260868855,90],[0.14976168738697732,0.11095039081318125,310],[0.51496861534460958,0.76261955123252734,342]],"learnOrder":[0,1,2,3,4,5,7,8,6,1,3,4,7,6,2,5,8,8,5,3,1,6,7,2,4,6,1,7,3,8,4,2,5,8,5,1,4,2,3,7,6,2,7,8,1,3,4,6,5,7,3,6,8,4,5,2,1,8,5,3,6,2,4,7,1]},"distEstPair":{"pairList":[[0,0],[2,4],[3,6],[2,3],[1,2],[2,8],[3,8],[5,7],[1,8],[5,6],[2,6],[6,8],[1,5],[3,5],[4,6],[4,5],[1,4],[3,7],[2,7],[7,8],[6,7],[1,6],[3,4],[2,5],[5,8],[1,7],[4,7],[4,8],[1,3],[8,1],[6,3],[3,2],[6,4],[6,1],[8,3],[7,3],[8,4],[6,2],[4,3],[5,2],[7,5],[7,1],[6,5],[7,6],[5,3],[8,5],[3,1],[5,4],[8,6],[5,1],[4,2],[7,4],[2,1],[8,2],[7,2],[4,1],[8,7]]},"distEst2AFC":{"triplet":[[0,0,0],[3,2,5],[8,6,7],[7,1,6],[3,2,5],[1,7,2],[7,6,1],[1,7,2],[3,5,2],[7,6,1],[6,2,8],[3,5,2],[5,3,6],[7,1,6],[4,1,7],[4,2,7],[1,2,7],[5,6,7],[5,6,3],[2,3,4],[5,3,6],[2,4,5],[1,2,7],[5,6,3],[6,8,1]]}}