{"objLoc":[[0,0,0],[0,0.95,157],[0.9,0.95,10],[0.9,0.05,198],[0.7,0.75,157],[0,0.05,152],[-0.9,0.05,119],[-0.9,0.95,74],[-0.7,0.25,223]],"objIdentity":[0,5,7,2,1,6,4,3,8],"familiarise":{"path":[[0,0.5,308],[0.5,0.9,178],[0.9,0.1,305],[-0.9,0.2,29],[-0.7,0.7,182],[0.5,0.5,24],[0,0.2,155],[-0.2,0.8,35],[-0.5,0.1,46],[0.7,0.4,215],[0.9,0.9,82],[-0.5,0.5,39],[0.5,0.9,80],[0.5,0.1,126],[-0.6,0.8,169]]},"objlocLearn":{"learnOrder":[0,8,1,5,3,4,7,2,6],"startLoc":[[0,0,0],[0.5,0.5,60],[0.1,0.1,10],[-0.1,0.9,300],[0.5,0.9,240],[-0.5,0.5,50],[-0.5,0.1,0],[-0.1,0.5,180],[0.1,0.5,190]]},"objlocTestRun1":{"startLoc":[[0,0,0],[-0.29214797203522186,0.28740067635201783,37],[-0.16167890898809428,0.36578471117147643,239],[-0.19345253067038798,0.2615361255934866,102],[-0.38142945855359683,0.08190402791967033,73],[0.16167890898809428,0.63421528882852352,140],[0.19345253067038798,0.7384638744065134,334],[0.29214797203522186,0.71259932364798217,206],[0.38142945855359683,0.91809597208032967,331],[0.78643940661375078,0.42776191517613865,253],[-0.096858020116396618,0.0743803791126576,181],[0.30093405992489169,0.43957028513506158,183],[-0.30093405992489169,0.56042971486493842,79],[-0.045727063070691923,0.629038146989517,2],[0.045727063070691923,0.370961853010483,151],[-0.78643940661375078,0.57223808482386129,203],[0.096858020116396618,0.9256196208873424,316],[0.137662669737391,0.55692746327588094,244],[-0.0763638797675485,0.40240205797545525,304],[-0.137662669737391,0.44307253672411911,334],[0.11142565322579127,0.49639960455876264,339],[0.29927353655218342,0.24317217175995831,294],[-0.29927353655218342,0.75682782824004169,48],[-0.11142565322579127,0.50360039544123736,125],[0.0763638797675485,0.59759794202454475,76],[0.52546245149449056,0.53204375614789068,313],[0.33527149668407225,0.71622972252757666,286],[-0.61424689298959056,0.5821316173881913,126],[-0.52546245149449056,0.46795624385210932,205],[-0.33527149668407225,0.28377027747242334,290],[0.15816846362885956,0.37054225926662443,300],[-0.15816846362885956,0.62945774073337557,75],[0.61424689298959056,0.4178683826118087,264],[0.86211023119524666,0.539787344133292,290],[-0.86211023119524666,0.460212655866708,16],[0.3068145207593384,0.20342942013539361,39],[0.020394282709767661,0.45688299791866094,157],[0.21490921789055145,0.2011847903289492,80],[-0.020394282709767661,0.54311700208133906,318],[-0.21490921789055145,0.7988152096710508,260],[-0.3068145207593384,0.79657057986460633,257],[-0.44981940694551453,0.60871048975252628,278],[-0.72513924792224227,0.24979265617237845,120],[-0.79401964767745281,0.37970816150751835,83],[0.44981940694551453,0.39128951024747372,226],[0.72513924792224227,0.75020734382762155,150],[-0.37908917760204147,0.72876995248628229,338],[0.37908917760204147,0.27123004751371765,232],[0.79401964767745281,0.6202918384924816,140],[0.4381612845670278,0.42558360032386888,308],[-0.47267796872602336,0.23127291131082717,138],[-0.59540842338568756,0.14952483301654496,65],[0.66661595760855308,0.41564753874315574,282],[0.59540842338568756,0.850475166983455,170],[0.47267796872602336,0.76872708868917283,94],[-0.4381612845670278,0.57441639967613112,250],[-0.66661595760855308,0.58435246125684426,353],[0.21370549084076523,0.50263358113893863,89],[-0.082355938109415175,0.75124587644468432,285],[-0.21370549084076523,0.49736641886106137,275],[-0.42928742018149807,0.059225035459631814,44],[0.89831550479978572,0.727540484902382,303],[0.082355938109415175,0.24875412355531573,167],[-0.89831550479978572,0.272459515097618,46],[0.42928742018149807,0.94077496454036824,194]],"learnOrder":[0,4,3,6,5,7,2,8,1,4,7,5,1,6,2,8,3,5,8,1,6,3,7,2,4,1,6,4,5,2,7,3,8,1,5,3,8,6,4,2,7,6,7,1,2,3,8,4,5,6,7,4,1,8,3,2,5,6,7,2,4,5,3,1,8]},"distEstPair":{"pairList":[[0,0],[1,4],[1,8],[3,6],[2,4],[2,5],[1,3],[3,8],[1,5],[1,2],[4,8],[1,6],[3,5],[4,5],[3,7],[4,6],[1,7],[3,4],[6,7],[2,6],[2,3],[6,8],[5,8],[4,7],[7,8],[2,7],[2,8],[5,6],[5,7],[7,1],[7,3],[4,1],[7,5],[8,4],[5,1],[7,6],[8,5],[6,3],[4,3],[8,2],[7,4],[6,4],[6,5],[6,1],[6,2],[5,4],[4,2],[3,2],[8,3],[5,3],[3,1],[8,6],[7,2],[5,2],[8,7],[8,1],[2,1]]},"distEst2AFC":{"triplet":[[0,0,0],[7,1,6],[1,7,2],[2,3,4],[2,4,5],[4,1,7],[5,6,7],[4,2,7],[5,6,3],[7,1,6],[8,6,7],[1,2,7],[3,2,5],[6,2,8],[7,6,1],[5,3,6],[6,8,1],[1,2,7],[3,5,2],[7,6,1],[3,2,5],[5,6,3],[3,5,2],[1,7,2],[5,3,6]]}}