{"objLoc":[[0,0,0],[0.1,0.9,346],[0.9,0.9,252],[0.9,0.1,360],[0.7,0.7,80],[-0.1,0.1,130],[-0.9,0.1,267],[-0.9,0.9,359],[-0.7,0.3,114]],"objIdentity":[0,1,8,3,4,2,7,5,6],"familiarise":{"path":[[0,0.5,354],[0.35355339059327379,0.85355339059327373,17],[-0.5800270359039279,0.49518544104797346,205],[-0.090953235537025057,0.59914128645685316,36],[0.22370695998789364,0.21056830572836771,127],[0.37821545717536731,0.68609656387594442,143],[-0.57808929878766813,0.39372485915320765,140],[-0.2566954939443985,0.7767470807126966,145],[0.68299712684150993,0.43472693738702789,335],[-0.2441867277252775,0.8093335308029399,340],[0.24965744257229139,0.88755076332305538,65],[-0.22310184522736703,0.724766686094477,263],[0.65984574763156,0.25529512330858622,245],[-0.29645900833147543,0.547666828031323,319],[-0.7957737757087624,0.52149884990985118,210],[0.70057229968097379,0.62613356052603919,252]]},"objlocLearn":{"learnOrder":[0,1,4,5,3,2,6,7,8],"startLoc":[[0,0,0],[0.1,0.1,10],[-0.5,0.5,50],[-0.1,0.9,300],[0.5,0.9,240],[-0.1,0.5,180],[0.1,0.5,190],[-0.5,0.1,0],[0.5,0.5,60]]},"objlocTestRun1":{"startLoc":[[0,0,0],[-0.40190634700124533,0.51754571319656884,62],[0.51404390630785413,0.81528808431729083,245],[0.40190634700124533,0.48245428680343116,28],[0.44614380167698037,0.0811042829716545,140],[0.40585060251846367,0.15851595378890215,100],[-0.40585060251846367,0.84148404621109785,98],[-0.51404390630785413,0.18471191568270917,338],[-0.44614380167698037,0.91889571702834549,281],[-0.014288114130490318,0.55523004512420571,281],[-0.34634027488020841,0.38761548111541128,41],[0.50289198315923422,0.34694964861324684,10],[0.014288114130490318,0.44476995487579429,148],[-0.50289198315923422,0.65305035138675316,312],[0.57193054524225806,0.54398672534024628,223],[0.34634027488020841,0.61238451888458867,280],[-0.57193054524225806,0.45601327465975372,140],[0.34433280706745178,0.90962814061757136,134],[0.19551747397436808,0.73335125468289819,250],[-0.26885670131264278,0.81176836659747464,16],[0.80159721999750411,0.40978214240380456,247],[-0.34433280706745178,0.090371859382428643,356],[-0.80159721999750411,0.59021785759619538,28],[-0.19551747397436808,0.26664874531710181,268],[0.26885670131264278,0.18823163340252536,209],[0.44281237374704679,0.30865383331689755,101],[0.22516819643849634,0.77083882369481271,277],[0.4817988228022832,0.82523043986428091,222],[-0.4817988228022832,0.17476956013571904,340],[-0.61177253083154859,0.13823463588895579,185],[-0.44281237374704679,0.69134616668310245,254],[-0.22516819643849634,0.22916117630518729,263],[0.61177253083154859,0.86176536411104421,28],[-0.55903398947074134,0.29366717751625387,50],[-0.71499137423553361,0.61579131027321787,178],[0.24864757280251487,0.93494142565564453,64],[-0.24864757280251487,0.06505857434435551,98],[0.33703102480516195,0.62195302948148845,108],[0.55903398947074134,0.70633282248374618,115],[-0.33703102480516195,0.37804697051851155,254],[0.71499137423553361,0.38420868972678213,3],[0.21567524143454769,0.88226843104324859,260],[-0.22586479818902877,0.94923620417034793,340],[-0.6706737775280085,0.67145813719903791,128],[0.22586479818902877,0.05076379582965207,257],[0.6706737775280085,0.32854186280096209,124],[0.046249018274442985,0.31793984314346524,355],[-0.046249018274442985,0.68206015685653476,81],[-0.21567524143454769,0.11773156895675141,61],[0.75570069075478918,0.86659056163027515,168],[-0.93123896747841273,0.26253119371936573,271],[-0.11956148376471583,0.86816063717620628,166],[0.90011190152372533,0.10844825081983023,187],[-0.75570069075478918,0.1334094383697248,219],[-0.90011190152372533,0.89155174918016977,165],[0.11956148376471583,0.13183936282379377,294],[0.93123896747841273,0.73746880628063427,111],[-0.55594300431153942,0.92371145961399548,100],[0.55594300431153942,0.076288540386004508,131],[0.17852964082653128,0.19248380070210291,295],[0.42757045072944816,0.38403197130441613,335],[-0.17852964082653128,0.80751619929789709,245],[0.0019317324254930074,0.67607376692696186,336],[-0.0019317324254930074,0.32392623307303814,234],[-0.42757045072944816,0.61596802869558387,184]],"learnOrder":[0,7,5,3,8,6,2,1,4,8,2,1,4,5,3,6,7,4,3,6,1,8,5,7,2,2,3,8,4,1,6,7,5,3,1,6,2,4,7,8,5,4,3,6,7,2,5,1,8,5,7,6,4,1,8,2,3,6,2,4,1,8,3,7,5]},"distEstPair":{"pairList":[[0,0],[5,7],[1,5],[1,3],[4,5],[3,8],[3,4],[6,7],[2,4],[2,8],[6,8],[2,3],[4,8],[3,5],[4,7],[2,6],[5,6],[1,2],[7,8],[5,8],[3,6],[2,5],[4,6],[1,7],[1,6],[1,4],[1,8],[2,7],[3,7],[6,2],[7,2],[3,1],[6,3],[6,1],[7,6],[7,5],[7,3],[8,3],[7,1],[4,3],[5,2],[8,6],[8,2],[5,3],[6,4],[8,4],[5,4],[6,5],[5,1],[8,5],[2,1],[8,1],[4,1],[3,2],[8,7],[4,2],[7,4]]},"distEst2AFC":{"triplet":[[0,0,0],[6,3,8],[6,5,7],[5,3,1],[4,7,2],[7,6,1],[1,5,7],[3,2,5],[2,4,6],[2,1,3],[4,1,6],[6,7,5],[6,8,2],[2,1,3],[8,2,6],[7,1,6],[5,1,3],[7,6,1],[3,5,2],[1,7,5],[3,2,5],[8,6,4],[6,5,7],[2,6,1],[3,5,2],[5,1,3],[1,7,5],[6,7,5],[2,3,1],[5,3,1],[2,3,1],[1,5,7],[7,1,6]]}}