{"objLoc":[[0,0,0],[0.1,0.9,107],[0.9,0.9,192],[0.9,0.1,69],[0.7,0.7,25],[-0.1,0.1,284],[-0.9,0.1,237],[-0.9,0.9,230],[-0.7,0.3,208]],"objIdentity":[0,1,7,4,2,8,5,6,3],"familiarise":{"path":[[0,0.5,83],[-0.46025242672622019,0.30463443575536309,69],[0.0095938836667340266,0.47564450741819742,329],[0.50769123271260685,0.43206663604436835,213],[0.070381379142908984,0.18966182592119982,62],[0.50339408103512828,0.43966182592119984,258],[-0.49416996922469592,0.50941829966532515,86],[0.47612575705130056,0.26749640406565744,332],[-0.019008277319484623,0.19790985358562474,260],[-0.46840530046906814,0.41709542698016344,244],[-0.86772305549271456,0.11618791540413931,356],[-0.81545882385888779,0.613448863088276,195],[-0.33249591071435364,0.48403934053701558,180],[0.056077070014131813,0.79869953606193422,324],[0.78743077163330222,0.11670117599943564,347],[-0.060617324523123739,0.64662044023264054,1]]},"objlocLearn":{"learnOrder":[0,8,7,2,4,6,1,3,5],"startLoc":[[0,0,0],[0.5,0.5,60],[-0.5,0.1,0],[-0.1,0.5,180],[-0.5,0.5,50],[0.1,0.5,190],[0.1,0.1,10],[0.5,0.9,240],[-0.1,0.9,300]]},"objlocTestRun1":{"startLoc":[[0,0,0],[-0.60405768358355361,0.55493767244529146,353],[0.20842464214498485,0.64419796180241706,184],[-0.21396868856409562,0.116764616276396,161],[0.60405768358355361,0.44506232755470854,247],[0.76301994699003184,0.51446592312498907,45],[0.21396868856409562,0.883235383723604,252],[-0.20842464214498485,0.35580203819758294,159],[-0.76301994699003184,0.48553407687501093,237],[-0.6639293288666932,0.90023255827244875,287],[-0.30024444843989323,0.35241051843995008,198],[0.6639293288666932,0.099767441727551226,110],[0.90636092562699022,0.78999949145753245,119],[-0.90636092562699022,0.21000050854246755,76],[0.2656141541257297,0.59185205330037549,284],[-0.2656141541257297,0.40814794669962445,146],[0.30024444843989323,0.64758948156004992,256],[0.93141202544152368,0.22886832536271939,104],[0.13309120394642576,0.76498963864346081,104],[-0.52944871815658878,0.101432981773391,120],[0.52944871815658878,0.898567018226609,182],[-0.72097965903404537,0.27359545511800287,332],[0.72097965903404537,0.72640454488199713,260],[-0.13309120394642576,0.23501036135653919,97],[-0.93141202544152368,0.77113167463728061,14]],"learnOrder":[0,7,4,6,3,1,2,8,5,5,3,1,4,8,6,2,7,2,5,8,4,7,3,1,6]},"objlocTestRun2":{"startLoc":[[0,0,0],[-0.70412346850508234,0.325369407520112,160],[-0.24841871067602367,0.74245480218619953,105],[0.70412346850508234,0.674630592479888,278],[-0.32882810313850314,0.51114116462993819,145],[0.32882810313850314,0.48885883537006186,68],[0.19243836353800464,0.67798569886768079,320],[-0.19243836353800464,0.32201430113231921,292],[0.24841871067602367,0.25754519781380047,124],[0.10360613127673494,0.44935681551539619,104],[0.831384517787394,0.39671324492839743,224],[-0.36730269697171608,0.44653950636038264,278],[0.36730269697171608,0.55346049363961736,253],[0.045528974551710857,0.82298033468109311,317],[-0.831384517787394,0.60328675507160257,212],[-0.10360613127673494,0.55064318448460381,102],[-0.045528974551710857,0.17701966531890689,218],[-0.64464104350557472,0.91959592450280858,232],[0.31226751896362187,0.82836011148037136,27],[-0.50122138982236919,0.050194954715344853,36],[-0.31226751896362187,0.17163988851962869,149],[0.030108767382144588,0.25042930843533318,122],[0.64464104350557472,0.080404075497191446,125],[0.50122138982236919,0.94980504528465515,178],[-0.030108767382144588,0.74957069156466682,114]],"learnOrder":[0,5,2,1,7,3,8,4,6,6,5,8,4,3,1,2,7,5,7,6,3,4,1,2,8]},"distEstPair":{"pairList":[[0,0],[6,2],[3,1],[1,6],[3,4],[6,7],[5,4],[6,5],[8,3],[4,7],[1,3],[1,2],[3,5],[8,1],[5,8],[8,7],[1,4],[1,5],[4,8],[8,6],[7,6],[7,5],[5,6],[4,1],[6,8],[5,2],[3,2],[7,3],[2,1],[2,8],[2,7],[2,3],[5,7],[6,4],[2,4],[7,1],[3,6],[8,5],[7,8],[4,3],[4,2]]},"distEstEgo":{"pairList":[[0,0],[3,2],[2,1],[2,3],[2,8],[1,2],[4,2],[6,7],[7,6],[6,5],[7,3],[5,6],[8,6]]},"distEst2AFC":{"triplet":[[0,0,0],[2,3,1],[1,4,3],[2,3,1],[4,3,1],[2,1,3],[4,1,3],[6,5,7],[4,1,3],[3,7,1],[5,8,7],[1,3,2],[6,5,7],[7,8,2],[8,7,5],[2,1,3],[4,3,1],[8,5,7],[5,7,6],[8,5,7],[6,7,5],[8,7,5],[6,7,5],[3,4,6],[7,3,5]]}}