{"objLoc":[[0,0,0],[0,0.95,357],[0.9,0.95,198],[0.9,0.05,102],[0.7,0.75,28],[0,0.05,161],[-0.9,0.05,171],[-0.9,0.95,18],[-0.7,0.25,59]],"objIdentity":[0,1,8,6,7,2,4,3,5],"familiarise":{"path":[[0,0.5,352],[0.5,0.9,243],[0.9,0.1,159],[-0.9,0.2,105],[-0.7,0.7,184],[0.5,0.5,41],[0,0.2,82],[-0.2,0.8,173],[-0.5,0.1,88],[0.7,0.4,140],[0.9,0.9,295],[-0.5,0.5,27],[0.5,0.9,333],[0.5,0.1,81],[-0.6,0.8,255]]},"objlocLearn":{"learnOrder":[0,1,5,8,3,6,7,2,4],"startLoc":[[0,0,0],[0.1,0.1,10],[-0.1,0.9,300],[0.5,0.5,60],[0.5,0.9,240],[0.1,0.5,190],[-0.5,0.1,0],[-0.1,0.5,180],[-0.5,0.5,50]]},"objlocTestRun1":{"startLoc":[[0,0,0],[0.7405414876951083,0.29602652332277823,275],[-0.7405414876951083,0.70397347667722177,100],[-0.50007164537240278,0.10321004368334441,336],[0.47249911960808194,0.064367091465597381,20],[-0.47249911960808194,0.93563290853440262,14],[0.50007164537240278,0.89678995631665559,38],[0.1405769805594756,0.089979422523915581,213],[-0.1405769805594756,0.91002057747608445,320],[-0.43082195272573637,0.722630978887254,56],[0.088796036319749347,0.05899361416617932,157],[-0.33971121123137776,0.58786584443988388,357],[0.3608595187191776,0.20682143105251516,138],[-0.3608595187191776,0.79317856894748484,316],[-0.088796036319749347,0.94100638583382068,248],[0.43082195272573637,0.277369021112746,229],[0.33971121123137776,0.41213415556011618,238],[0.28402330562250272,0.70161113378286155,343],[0.51923967948853922,0.52407738595290065,321],[-0.77416241424362275,0.33374958067476435,224],[-0.091833599371548155,0.13472503619044324,304],[-0.28402330562250272,0.29838886621713845,170],[0.77416241424362275,0.66625041932523565,196],[-0.51923967948853922,0.4759226140470994,312],[0.091833599371548155,0.86527496380955671,288],[-0.73568615145873717,0.28242128483545137,147],[-0.060168255061434792,0.21897115533583655,110],[0.060168255061434792,0.78102884466416345,68],[0.17560303423145013,0.92257399263258366,130],[-0.17560303423145013,0.0774260073674163,70],[0.73568615145873717,0.71757871516454863,233],[0.450795771218009,0.26349942096099077,291],[-0.450795771218009,0.73650057903900923,336],[0.24072845612004684,0.7839307370244486,245],[-0.92907322822536154,0.19328683993206475,146],[0.19911091284415522,0.89627417008756083,288],[0.71832867667388189,0.17971783548473397,297],[0.92907322822536154,0.80671316006793525,289],[-0.71832867667388189,0.820282164515266,126],[-0.24072845612004684,0.21606926297555146,360],[-0.19911091284415522,0.10372582991243917,32],[0.44292705109679925,0.085477822597639613,146],[-0.70511793678255152,0.26267909454514232,134],[0.12710954494701815,0.29952031348396624,132],[-0.82281728474213611,0.21555678727177724,344],[-0.44292705109679925,0.91452217740236041,265],[0.70511793678255152,0.73732090545485773,302],[0.82281728474213611,0.78444321272822282,93],[-0.12710954494701815,0.70047968651603376,333],[0.10535411279607314,0.19420475966646655,9],[0.6228830471177802,0.11994982028801082,262],[0.32040837242813408,0.52137454701318586,202],[-0.10535411279607314,0.80579524033353345,316],[-0.6228830471177802,0.88005017971198918,131],[-0.32040837242813408,0.47862545298681414,262],[0.17629184378744539,0.88666713169597378,95],[-0.17629184378744539,0.11333286830402622,352],[-0.31603169532458825,0.72044892019687712,242],[-0.2934852458815031,0.18288757689884089,307],[0.2934852458815031,0.81711242310115906,190],[-0.384019493762141,0.56388713618768116,139],[0.31603169532458825,0.27955107980312294,181],[-0.10931721026284187,0.060875921460680993,266],[0.384019493762141,0.43611286381231884,275],[0.10931721026284187,0.939124078539319,145]],"learnOrder":[0,5,1,7,6,2,3,4,8,7,8,6,5,1,4,3,2,2,8,7,1,6,3,4,5,5,2,6,8,4,1,3,7,8,7,2,5,3,1,4,6,2,4,7,1,6,8,5,3,6,5,3,2,1,7,8,4,5,4,8,3,1,6,7,2]},"distEstPair":{"pairList":[[0,0],[7,8],[1,5],[2,6],[5,7],[3,4],[2,3],[6,7],[1,6],[3,7],[2,5],[4,7],[1,2],[4,8],[3,8],[2,4],[2,8],[5,8],[1,7],[1,8],[4,5],[3,6],[1,3],[2,7],[6,8],[4,6],[1,4],[5,6],[3,5],[6,5],[8,7],[5,4],[8,5],[4,2],[6,1],[3,1],[8,1],[6,4],[4,3],[4,1],[8,3],[7,3],[5,2],[7,4],[2,1],[7,2],[8,2],[5,3],[7,5],[7,6],[7,1],[8,6],[3,2],[5,1],[6,3],[8,4],[6,2]]},"distEst2AFC":{"triplet":[[0,0,0],[3,5,2],[1,2,7],[8,6,7],[5,6,3],[3,2,5],[6,2,8],[3,5,2],[4,1,7],[1,7,2],[5,6,3],[2,3,4],[2,4,5],[7,1,6],[6,8,1],[3,2,5],[4,2,7],[7,6,1],[5,3,6],[5,6,7],[5,3,6],[1,2,7],[7,1,6],[1,7,2],[7,6,1]]}}