{"objLoc":[[0,0,0],[0,0.95,187],[0.9,0.95,341],[0.9,0.05,276],[0.7,0.75,102],[0,0.05,80],[-0.9,0.05,248],[-0.9,0.95,61],[-0.7,0.25,142]],"objIdentity":[0,3,6,2,7,1,4,5,8],"familiarise":{"path":[[0,0.5,305],[0.5,0.9,24],[0.9,0.1,107],[-0.9,0.2,104],[-0.7,0.7,297],[0.5,0.5,226],[0,0.2,40],[-0.2,0.8,1],[-0.5,0.1,340],[0.7,0.4,51],[0.9,0.9,152],[-0.5,0.5,125],[0.5,0.9,314],[0.5,0.1,155],[-0.6,0.8,299]]},"objlocLearn":{"learnOrder":[0,5,2,4,8,7,3,1,6],"startLoc":[[0,0,0],[-0.1,0.9,300],[-0.1,0.5,180],[-0.5,0.5,50],[0.5,0.5,60],[-0.5,0.1,0],[0.5,0.9,240],[0.1,0.1,10],[0.1,0.5,190]]},"objlocTestRun1":{"startLoc":[[0,0,0],[0.091153054976712514,0.57963723965810832,143],[0.50388465326853549,0.39561190822444781,261],[-0.50388465326853549,0.60438809177555219,185],[-0.091153054976712514,0.42036276034189168,124],[-0.787558050849414,0.909098988214337,169],[0.787558050849414,0.090901011785663011,197],[-0.077208225412549722,0.11701328437805297,301],[0.077208225412549722,0.88298671562194708,126],[-0.858016744002402,0.72038226224989765,282],[0.75069181429109921,0.55251245845764529,235],[0.19472690258634756,0.44203925256473281,315],[0.858016744002402,0.27961773775010229,148],[-0.19472690258634756,0.55796074743526725,67],[-0.75069181429109921,0.44748754154235471,34],[-0.51986502124389511,0.35973908779378694,201],[0.51986502124389511,0.64026091220621306,352],[-0.4141688741072273,0.62545089084283734,107],[0.0945152181445184,0.074733997616155623,142],[-0.10964284300900369,0.789577460086871,295],[0.15438943998876492,0.15956073031165585,142],[0.4141688741072273,0.37454910915716266,321],[0.10964284300900369,0.21042253991312904,11],[-0.0945152181445184,0.92526600238384438,324],[-0.15438943998876492,0.84043926968834415,105],[0.49289129068577503,0.49455083086802665,354],[-0.35709811614995218,0.18949172479783527,279],[-0.15764659657893615,0.61450924978153032,293],[0.15764659657893615,0.38549075021846968,171],[-0.49289129068577503,0.50544916913197335,109],[0.35709811614995218,0.81050827520216473,117],[-0.12726638271385332,0.62911418915273476,320],[0.12726638271385332,0.37088581084726524,155],[-0.19678177616962195,0.32163184752382357,2],[0.12986457342795216,0.26616371139177086,223],[0.19678177616962195,0.67836815247617643,230],[0.19618317222332488,0.51525033310135271,217],[0.0886992545480703,0.8587669752167344,31],[-0.12986457342795216,0.73383628860822914,68],[-0.19618317222332488,0.48474966689864729,279],[-0.0886992545480703,0.1412330247832656,213],[-0.19390519867988038,0.81480607557699036,247],[-0.86590569806755324,0.13855802647335724,27],[0.38815707409892924,0.94547756864683352,203],[0.23341114405006164,0.12512834317380625,94],[-0.23341114405006164,0.87487165682619372,80],[0.86590569806755324,0.86144197352664276,42],[-0.38815707409892924,0.054522431353166437,36],[0.19390519867988038,0.18519392442300964,88],[-0.64360353656495728,0.69315769765813173,269],[0.28024047755127296,0.18082575904477372,214],[0.770402927913711,0.76874018661563581,194],[-0.28024047755127296,0.81917424095522628,136],[0.64360353656495728,0.30684230234186821,85],[-0.770402927913711,0.23125981338436419,213],[0.62266025954246418,0.258650012841849,303],[-0.62266025954246418,0.741349987158151,172],[0.79979457583063218,0.53081336616884012,31],[-0.36363959487560543,0.40499132470643107,336],[-0.79979457583063218,0.46918663383115983,175],[0.36363959487560543,0.59500867529356893,46],[0.30616927295428492,0.51449722580445023,303],[-0.21996880877798192,0.133453404019891,138],[-0.30616927295428492,0.48550277419554971,40],[0.21996880877798192,0.866546595980109,344],[0.013877974442820309,0.503181296310025,124],[-0.21946642489745222,0.34590861494612613,78],[0.7200540359681189,0.1827527528352681,166],[0.21946642489745222,0.65409138505387387,9],[-0.88073508211862461,0.19143090405613139,89],[0.88073508211862461,0.80856909594386861,236],[-0.7200540359681189,0.81724724716473185,122],[-0.013877974442820309,0.49681870368997505,8],[0.034797445610991476,0.59312768649424508,99],[-0.18249738283407918,0.26800756457074693,347],[0.51062251990999763,0.12384877486646306,257],[-0.034797445610991476,0.40687231350575492,221],[-0.05510604487411648,0.86280353214440586,16],[-0.51062251990999763,0.87615122513353694,353],[0.05510604487411648,0.13719646785559408,198],[0.18249738283407918,0.73199243542925307,185]],"learnOrder":[0,1,6,2,5,4,8,3,7,6,4,3,2,7,8,5,1,4,6,5,7,8,1,2,3,5,6,4,8,1,2,3,7,4,3,8,5,6,7,1,2,4,5,7,2,6,1,3,8,8,3,2,7,4,6,1,5,5,7,1,3,8,2,4,6,2,4,1,8,7,3,5,6,3,6,5,7,8,1,4,2]},"distEstPair":{"pairList":[[0,0],[3,4],[3,5],[2,8],[4,6],[2,3],[1,5],[2,5],[2,4],[3,6],[5,8],[3,7],[1,8],[5,7],[6,7],[2,6],[6,8],[4,7],[1,6],[2,7],[7,8],[4,8],[1,3],[4,5],[3,8],[1,2],[1,4],[5,6],[1,7],[7,6],[7,1],[5,4],[7,2],[8,1],[5,1],[8,5],[6,5],[8,4],[4,2],[6,4],[8,2],[6,1],[4,1],[6,3],[7,4],[3,2],[3,1],[6,2],[5,3],[5,2],[7,5],[8,3],[4,3],[8,6],[8,7],[7,3],[2,1]]},"distEst2AFC":{"triplet":[[0,0,0],[5,3,6],[8,6,7],[7,6,1],[4,1,7],[7,1,6],[5,6,3],[6,2,8],[5,6,7],[5,6,3],[3,2,5],[1,7,2],[3,5,2],[1,7,2],[2,3,4],[1,2,7],[7,1,6],[3,5,2],[5,3,6],[6,8,1],[4,2,7],[7,6,1],[2,4,5],[1,2,7],[3,2,5]]}}