{"objLoc":[[0,0,0],[0,0.95,147],[0.9,0.95,20],[0.9,0.05,284],[0.7,0.75,104],[0,0.05,163],[-0.9,0.05,110],[-0.9,0.95,190],[-0.7,0.25,225]],"objIdentity":[0,7,4,2,6,1,5,8,3],"familiarise":{"path":[[0,0.5,162],[0.5,0.9,43],[0.9,0.1,301],[-0.9,0.2,73],[-0.7,0.7,63],[0.5,0.5,162],[0,0.2,242],[-0.2,0.8,345],[-0.5,0.1,300],[0.7,0.4,183],[0.9,0.9,227],[-0.5,0.5,301],[0.5,0.9,162],[0.5,0.1,275],[-0.6,0.8,230]]},"objlocLearn":{"learnOrder":[0,2,5,7,4,1,8,3,6],"startLoc":[[0,0,0],[-0.1,0.5,180],[-0.1,0.9,300],[-0.5,0.1,0],[-0.5,0.5,50],[0.1,0.1,10],[0.5,0.5,60],[0.5,0.9,240],[0.1,0.5,190]]},"objlocTestRun1":{"startLoc":[[0,0,0],[-0.01896310595478852,0.64333026623657374,4],[0.49392740764222937,0.917010632503775,12],[-0.49392740764222937,0.082989367496225042,234],[-0.45882158326339134,0.39372078736848137,306],[0.45882158326339134,0.60627921263151863,244],[0.69640559480829767,0.49385223124549432,166],[-0.69640559480829767,0.50614776875450573,64],[0.01896310595478852,0.35666973376342626,169],[0.60979529895155737,0.31723009855864415,95],[0.41060575637019608,0.78687793471216894,298],[-0.41060575637019608,0.21312206528783106,259],[0.18046128917006449,0.27911190659423546,262],[-0.081852947736931678,0.093740877215110929,166],[-0.60979529895155737,0.68276990144135585,266],[-0.18046128917006449,0.72088809340576454,274],[0.081852947736931678,0.90625912278488907,61],[-0.46246019772695085,0.8789842783420112,139],[-0.31672771001545613,0.48231995244502035,212],[-0.23501808670773111,0.4996916777538396,237],[0.46246019772695085,0.1210157216579888,196],[0.23501808670773111,0.5003083222461604,163],[-0.41802431060832651,0.92204238325092147,191],[0.31672771001545613,0.51768004755497965,45],[0.41802431060832651,0.077957616749078515,115],[0.11926558708198891,0.56865863053704446,297],[-0.39975668329253394,0.6896918803053268,73],[0.47752514171915389,0.47141826734128711,182],[-0.11926558708198891,0.43134136946295548,133],[-0.15736808299364918,0.3220901640308903,306],[0.39975668329253394,0.3103081196946732,29],[-0.47752514171915389,0.52858173265871289,8],[0.15736808299364918,0.6779098359691097,300],[-0.25354126233411106,0.56416383081878929,211],[0.77872158884890186,0.92002819389176727,304],[0.25354126233411106,0.43583616918121076,252],[0.39595568770766093,0.34178214912252469,228],[-0.536189399918507,0.46513817160733867,215],[0.536189399918507,0.53486182839266139,59],[-0.39595568770766093,0.65821785087747531,159],[-0.77872158884890186,0.079971806108232735,83],[0.63788611053411781,0.90600923265131617,231],[-0.80960126124103038,0.58628043144684527,347],[-0.75076714885332563,0.939126075292596,190],[0.1698371022837088,0.81731900454285411,105],[-0.1698371022837088,0.18268099545714589,347],[0.75076714885332563,0.060873924707404041,222],[0.80960126124103038,0.41371956855315467,231],[-0.63788611053411781,0.093990767348683835,217],[-0.032035846726384667,0.70465073120698374,173],[0.012018505588395303,0.22504854355726622,202],[-0.012018505588395303,0.77495145644273378,101],[-0.46691128854924296,0.82965004594042391,2],[-0.76850000661582007,0.13055776354071236,145],[0.76850000661582007,0.86944223645928764,116],[0.032035846726384667,0.29534926879301626,135],[0.46691128854924296,0.17034995405957609,175],[0.082651125875788642,0.2769274822608695,12],[0.066697794373720767,0.15501023972065622,193],[-0.082651125875788642,0.7230725177391305,247],[-0.81767496774423443,0.88321610335803347,227],[-0.61527101208523249,0.588473233246263,51],[0.61527101208523249,0.411526766753737,123],[0.81767496774423443,0.11678389664196653,31],[-0.066697794373720767,0.8449897602793438,91],[-0.93532235195526048,0.73241628122110858,43],[0.93532235195526048,0.26758371877889148,179],[-0.20647968630408048,0.41735365552238968,74],[0.30119954884035222,0.3952096076443366,178],[-0.30119954884035222,0.60479039235566345,160],[-0.58442864273652417,0.076660313858690987,113],[0.20647968630408048,0.58264634447761032,203],[0.58442864273652417,0.923339686141309,185],[0.6252804036571058,0.83088937289572962,161],[-0.8212943923007574,0.8227341704083162,21],[-0.6252804036571058,0.16911062710427036,71],[-0.55049378751560418,0.39129702717522885,234],[0.55049378751560418,0.60870297282477115,278],[0.8212943923007574,0.17726582959168385,149],[0.44421198750559759,0.095635562968164084,20],[-0.44421198750559759,0.90436443703183589,60]],"learnOrder":[0,6,5,1,4,8,3,7,2,5,7,3,4,2,1,8,6,2,7,4,6,8,5,3,1,8,3,2,4,5,7,6,1,6,1,2,8,3,7,4,5,1,7,6,4,8,2,3,5,8,1,5,6,7,3,4,2,7,4,3,1,6,2,5,8,8,4,1,2,6,7,5,3,5,6,1,7,3,2,4,8]},"distEstPair":{"pairList":[[0,0],[1,7],[5,8],[2,7],[4,8],[1,3],[2,5],[3,7],[5,6],[2,8],[2,4],[3,6],[1,6],[6,8],[2,3],[4,5],[1,8],[1,4],[3,4],[6,7],[4,7],[7,8],[2,6],[5,7],[3,8],[4,6],[1,2],[1,5],[3,5],[7,3],[4,1],[7,5],[8,7],[8,1],[5,4],[2,1],[7,4],[5,2],[6,5],[7,2],[6,2],[8,3],[4,3],[3,1],[3,2],[6,4],[8,2],[8,5],[7,1],[6,3],[4,2],[5,3],[6,1],[8,6],[5,1],[8,4],[7,6]]},"distEst2AFC":{"triplet":[[0,0,0],[3,2,5],[7,1,6],[8,6,7],[7,1,6],[3,2,5],[1,2,7],[6,2,8],[1,7,2],[7,6,1],[5,6,3],[4,2,7],[4,1,7],[3,5,2],[6,8,1],[5,3,6],[5,6,7],[2,4,5],[5,3,6],[1,7,2],[3,5,2],[1,2,7],[7,6,1],[2,3,4],[5,6,3]]}}