{"objLoc":[[0,0,0],[0.1,0.9,76],[0.9,0.9,174],[0.9,0.1,152],[0.7,0.7,310],[-0.1,0.1,62],[-0.9,0.1,122],[-0.9,0.9,98],[-0.7,0.3,249]],"objIdentity":[0,8,3,7,1,4,6,2,5],"familiarise":{"path":[[0,0.5,82],[0.47815237798151772,0.64618585236136838,3],[0.28278681373688086,0.1859334256351482,195],[-0.21105735656068803,0.26415065815526362,184],[0.031347453562480504,0.70146051172496149,17],[-0.46834795994706735,0.684010763373711,205],[0.53165204005293265,0.684010763373711,354],[0.661061562604193,0.20104785022917687,291],[-0.838709980130394,0.17486924057325159,213],[-0.5591135283950206,0.58938802685077241,285],[-0.095521601111626886,0.40208473014281643,280],[0.88928615190058113,0.2284365524758861,162],[-0.10690854619116441,0.31559229522354426,143],[0.39309145380883559,0.31559229522354426,227],[0.82610415570105489,0.56559229522354426,36],[-0.64111724539965365,0.87745983145018325,69]]},"objlocLearn":{"learnOrder":[0,6,1,5,8,4,7,3,2],"startLoc":[[0,0,0],[0.1,0.5,190],[0.1,0.1,10],[-0.1,0.9,300],[0.5,0.5,60],[-0.5,0.5,50],[-0.5,0.1,0],[0.5,0.9,240],[-0.1,0.5,180]]},"objlocTestRun1":{"startLoc":[[0,0,0],[-0.43648517437502393,0.57165962230998835,231],[0.11164946569040383,0.5345028566591904,143],[0.86633626069193892,0.53001947500902391,194],[-0.11164946569040383,0.4654971433408096,66],[-0.30184150455173014,0.82170196904765846,202],[0.30184150455173014,0.17829803095234154,190],[0.43648517437502393,0.42834037769001165,209],[-0.86633626069193892,0.46998052499097609,155],[-0.52028705362437466,0.323216412288609,351],[0.43382876721104208,0.72400524626883833,5],[0.52028705362437466,0.676783587711391,357],[0.21960529930718237,0.44562623870821638,188],[0.695481238891634,0.37529387845413109,232],[-0.21960529930718237,0.55437376129178362,197],[-0.43382876721104208,0.27599475373116167,186],[-0.695481238891634,0.62470612154586891,209],[-0.88514694641514746,0.50818826494579528,60],[0.23275059841795404,0.16945074194672521,93],[0.50504677753061333,0.580174285713498,163],[0.24828819191552759,0.85236668124837545,156],[-0.24828819191552759,0.14763331875162461,131],[-0.50504677753061333,0.41982571428650195,215],[-0.23275059841795404,0.83054925805327473,134],[0.88514694641514746,0.49181173505420472,75]],"learnOrder":[0,3,8,1,4,2,6,7,5,7,4,3,2,5,6,8,1,1,2,3,8,4,7,6,5]},"objlocTestRun2":{"startLoc":[[0,0,0],[-0.60670064921902722,0.57194772214936684,76],[0.2172690362870015,0.10471095729204372,99],[0.60670064921902722,0.42805227785063316,117],[0.61731368753357185,0.44231786500124293,69],[-0.2172690362870015,0.89528904270795628,219],[0.11210581676761526,0.74011510824258875,255],[-0.61731368753357185,0.55768213499875707,28],[-0.11210581676761526,0.25988489175741131,226],[0.17817325751581076,0.88472980453367356,332],[-0.048245565617023492,0.64113161756360326,264],[-0.42491856258557709,0.44678266749565954,57],[-0.17817325751581076,0.11527019546632644,30],[0.42491856258557709,0.55321733250434046,91],[-0.075994027961940172,0.46476294445586008,115],[0.075994027961940172,0.53523705554413992,40],[0.048245565617023492,0.35886838243639674,244],[0.80890252911604343,0.28054411718173067,182],[-0.49454221861760278,0.600111847093064,24],[0.49454221861760278,0.399888152906936,41],[0.2832738750632337,0.57807596456414789,175],[0.13880258927433603,0.46569332180372025,197],[-0.2832738750632337,0.42192403543585211,263],[-0.80890252911604343,0.71945588281826933,331],[-0.13880258927433603,0.53430667819627975,151]],"learnOrder":[0,7,6,3,1,2,8,5,4,4,7,5,8,1,6,2,3,5,2,6,4,3,8,1,7]},"distEstPair":{"pairList":[[0,0],[3,5],[8,3],[8,1],[2,8],[6,5],[2,7],[6,7],[4,7],[1,5],[7,8],[6,4],[7,6],[7,3],[5,8],[7,5],[8,5],[8,7],[5,4],[5,7],[1,6],[1,3],[1,2],[2,4],[4,1],[7,1],[5,2],[6,8],[4,8],[5,6],[3,2],[3,1],[2,3],[8,6],[4,3],[4,2],[6,2],[3,6],[1,4],[3,4],[2,1]]},"distEstEgo":{"pairList":[[0,0],[3,2],[2,1],[7,6],[1,2],[2,8],[2,3],[8,6],[5,6],[6,5],[6,7],[4,2],[7,3]]},"distEst2AFC":{"triplet":[[0,0,0],[6,7,5],[1,3,2],[4,1,3],[8,7,5],[4,3,1],[7,8,2],[5,7,6],[8,5,7],[4,3,1],[2,1,3],[8,7,5],[3,4,6],[6,5,7],[3,7,1],[8,5,7],[4,1,3],[2,3,1],[6,7,5],[2,3,1],[1,4,3],[6,5,7],[2,1,3],[5,8,7],[7,3,5]]}}