{"objLoc":[[0,0,0],[0,0.95,90],[0.9,0.95,162],[0.9,0.05,148],[0.7,0.75,94],[0,0.05,314],[-0.9,0.05,67],[-0.9,0.95,8],[-0.7,0.25,344]],"objIdentity":[0,5,7,6,4,2,1,3,8],"familiarise":{"path":[[0,0.5,318],[0.5,0.9,178],[0.9,0.1,145],[-0.9,0.2,163],[-0.7,0.7,260],[0.5,0.5,90],[0,0.2,225],[-0.2,0.8,52],[-0.5,0.1,73],[0.7,0.4,30],[0.9,0.9,344],[-0.5,0.5,21],[0.5,0.9,216],[0.5,0.1,261],[-0.6,0.8,350]]},"objlocLearn":{"learnOrder":[0,5,7,8,3,4,2,6,1],"startLoc":[[0,0,0],[-0.1,0.9,300],[-0.5,0.1,0],[0.5,0.5,60],[0.5,0.9,240],[-0.5,0.5,50],[-0.1,0.5,180],[0.1,0.5,190],[0.1,0.1,10]]},"objlocTestRun1":{"startLoc":[[0,0,0],[0.64715612180141413,0.376305808472305,18],[0.2054550256457614,0.39220204819487881,53],[-0.56522946952280662,0.55892446424032127,234],[0.25037089133706386,0.64235404290297049,286],[-0.64715612180141413,0.623694191527695,45],[-0.2054550256457614,0.60779795180512119,141],[-0.25037089133706386,0.35764595709702951,149],[0.56522946952280662,0.44107553575967878,154],[-0.66627591889048077,0.60017554644091553,203],[-0.019369348504522946,0.2630042264225495,231],[0.019369348504522946,0.7369957735774505,54],[0.2027312247565986,0.64027724550045773,74],[0.66627591889048077,0.39982445355908447,18],[0.3024534427069237,0.31063843020512139,49],[-0.2027312247565986,0.35972275449954222,282],[-0.3024534427069237,0.68936156979487861,233],[0.31617463559198428,0.44920443851088704,121],[-0.31617463559198428,0.55079556148911291,151],[0.756563596319126,0.67035480873462927,343],[-0.756563596319126,0.32964519126537073,325],[0.19591900220977948,0.93436517667278807,155],[-0.88975527209537741,0.47514907943988932,190],[0.88975527209537741,0.52485092056011062,298],[-0.19591900220977948,0.065634823327211919,339],[-0.40665699286224982,0.428777140710204,193],[-0.43999558295054125,0.25410580316268327,191],[-0.20698635435001406,0.24402080859783148,165],[0.20698635435001406,0.75597919140216852,162],[-0.060106506480970975,0.8539254654763957,61],[0.060106506480970975,0.1460745345236043,136],[0.40665699286224982,0.571222859289796,338],[0.43999558295054125,0.74589419683731673,215],[0.49163489487601414,0.6744226590406146,202],[0.12904941978959522,0.92086842703329164,337],[-0.42737023595305451,0.74185927773465332,192],[0.88915439546366137,0.38594123049115725,282],[-0.12904941978959522,0.079131572966708363,231],[-0.49163489487601414,0.32557734095938545,1],[0.42737023595305451,0.25814072226534668,182],[-0.88915439546366137,0.61405876950884275,248],[-0.690365687139668,0.58616214775414754,18],[-0.1153499336721155,0.07442220981603076,106],[-0.3281761681109569,0.2230879766675089,247],[-0.63460498101488927,0.13883331407121935,309],[0.1153499336721155,0.92557779018396924,29],[0.3281761681109569,0.7769120233324911,147],[0.63460498101488927,0.86116668592878065,330],[0.690365687139668,0.41383785224585246,109],[-0.12595858016570521,0.36201655228714313,168],[-0.641119153688749,0.77209449290876575,258],[-0.896467347728273,0.56386745082644274,105],[0.37517427806624187,0.77551707313239848,265],[-0.37517427806624187,0.22448292686760152,145],[0.641119153688749,0.22790550709123425,113],[0.896467347728273,0.4361325491735572,133],[0.12595858016570521,0.63798344771285687,53],[0.00024063915194057206,0.10354489273891426,205],[0.35356018175494935,0.34364973040651936,303],[-0.35356018175494935,0.65635026959348064,18],[0.88135540178289373,0.84692808349279824,303],[-0.4426553275006902,0.33665109116215985,234],[-0.00024063915194057206,0.89645510726108579,170],[-0.88135540178289373,0.15307191650720176,352],[0.4426553275006902,0.66334890883784015,236]],"learnOrder":[0,1,6,7,8,5,2,4,3,8,7,3,6,4,5,2,1,4,8,3,7,6,1,5,2,3,5,8,4,2,6,7,1,5,3,2,4,7,1,6,8,1,7,8,6,3,4,2,5,7,1,6,4,8,5,2,3,1,2,6,3,4,5,7,8]},"distEstPair":{"pairList":[[0,0],[3,4],[2,5],[4,6],[4,8],[7,8],[6,8],[1,5],[2,8],[1,2],[1,3],[6,7],[2,4],[1,6],[5,7],[1,7],[4,7],[3,5],[2,6],[3,8],[5,6],[4,5],[1,4],[5,8],[2,3],[3,7],[2,7],[1,8],[3,6],[8,3],[6,3],[7,4],[7,5],[7,6],[6,4],[2,1],[7,2],[7,3],[5,1],[4,1],[8,2],[6,5],[5,2],[8,6],[6,1],[8,7],[8,4],[3,1],[7,1],[4,2],[3,2],[8,1],[6,2],[5,4],[8,5],[4,3],[5,3]]},"distEst2AFC":{"triplet":[[0,0,0],[7,1,6],[5,6,7],[5,6,3],[8,6,7],[6,2,8],[5,3,6],[4,2,7],[7,1,6],[1,2,7],[3,2,5],[4,1,7],[3,5,2],[1,7,2],[6,8,1],[5,6,3],[2,3,4],[1,2,7],[5,3,6],[3,5,2],[7,6,1],[2,4,5],[7,6,1],[1,7,2],[3,2,5]]}}