{"objLoc":[[0,0,0],[0,0.95,187],[0.9,0.95,341],[0.9,0.05,276],[0.7,0.75,102],[0,0.05,80],[-0.9,0.05,248],[-0.9,0.95,61],[-0.7,0.25,142]],"objIdentity":[0,3,6,2,7,1,4,5,8],"familiarise":{"path":[[0,0.5,305],[0.5,0.9,24],[0.9,0.1,107],[-0.9,0.2,104],[-0.7,0.7,297],[0.5,0.5,226],[0,0.2,40],[-0.2,0.8,1],[-0.5,0.1,340],[0.7,0.4,51],[0.9,0.9,152],[-0.5,0.5,125],[0.5,0.9,314],[0.5,0.1,155],[-0.6,0.8,299]]},"objlocLearn":{"learnOrder":[0,5,2,4,8,7,3,1,6],"startLoc":[[0,0,0],[-0.1,0.9,300],[-0.1,0.5,180],[-0.5,0.5,50],[0.5,0.5,60],[-0.5,0.1,0],[0.5,0.9,240],[0.1,0.1,10],[0.1,0.5,190]]},"objlocTestRun1":{"startLoc":[[0,0,0],[0.091153054976712514,0.57963723965810832,275],[-0.7200540359681189,0.81724724716473185,62],[-0.091153054976712514,0.42036276034189168,43],[-0.770402927913711,0.23125981338436419,119],[0.770402927913711,0.76874018661563581,288],[0.12986457342795216,0.26616371139177086,218],[0.7200540359681189,0.1827527528352681,79],[-0.12986457342795216,0.73383628860822914,11],[0.38815707409892924,0.94547756864683352,185],[-0.51062251990999763,0.87615122513353694,339],[0.51062251990999763,0.12384877486646306,208],[-0.21996880877798192,0.133453404019891,344],[-0.51986502124389511,0.35973908779378694,174],[-0.38815707409892924,0.054522431353166437,357],[0.21996880877798192,0.866546595980109,178],[0.51986502124389511,0.64026091220621306,299],[0.10964284300900369,0.21042253991312904,100],[0.50388465326853549,0.39561190822444781,25],[-0.50388465326853549,0.60438809177555219,260],[-0.10964284300900369,0.789577460086871,44],[-0.70510225770406509,0.52623951771079891,292],[0.70510225770406509,0.47376048228920109,337],[0.013877974442820309,0.503181296310025,124],[-0.013877974442820309,0.49681870368997505,113],[-0.858016744002402,0.72038226224989765,217],[0.28024047755127296,0.18082575904477372,251],[0.18249738283407918,0.73199243542925307,17],[0.858016744002402,0.27961773775010229,226],[-0.18249738283407918,0.26800756457074693,64],[-0.28024047755127296,0.81917424095522628,30],[0.49289129068577503,0.49455083086802665,113],[-0.49289129068577503,0.50544916913197335,150],[0.36363959487560543,0.59500867529356893,143],[0.0945152181445184,0.074733997616155623,261],[0.19618317222332488,0.51525033310135271,185],[0.077208225412549722,0.88298671562194708,124],[-0.36363959487560543,0.40499132470643107,169],[-0.19618317222332488,0.48474966689864729,197],[-0.0945152181445184,0.92526600238384438,301],[-0.077208225412549722,0.11701328437805297,126],[-0.86590569806755324,0.13855802647335724,282],[-0.35709811614995218,0.18949172479783527,235],[0.034797445610991476,0.59312768649424508,315],[-0.034797445610991476,0.40687231350575492,148],[0.86590569806755324,0.86144197352664276,67],[0.35709811614995218,0.81050827520216473,34],[0.19472690258634756,0.44203925256473281,201],[-0.19472690258634756,0.55796074743526725,352],[-0.787558050849414,0.909098988214337,107],[-0.15438943998876492,0.84043926968834415,142],[0.787558050849414,0.090901011785663011,295],[-0.62266025954246418,0.741349987158151,142],[0.0886992545480703,0.8587669752167344,321],[0.15438943998876492,0.15956073031165585,11],[0.62266025954246418,0.258650012841849,324],[-0.0886992545480703,0.1412330247832656,105],[0.75069181429109921,0.55251245845764529,354],[0.79979457583063218,0.53081336616884012,279],[0.12726638271385332,0.37088581084726524,293],[0.23341114405006164,0.12512834317380625,171],[-0.23341114405006164,0.87487165682619372,109],[-0.79979457583063218,0.46918663383115983,117],[-0.12726638271385332,0.62911418915273476,320],[-0.75069181429109921,0.44748754154235471,155]],"learnOrder":[0,1,6,5,7,3,4,2,8,8,2,6,3,5,4,7,1,1,6,2,5,4,8,3,7,6,4,3,2,7,8,5,1,4,6,5,7,8,1,2,3,5,6,4,8,1,2,3,7,4,3,8,5,6,7,1,2,4,5,7,2,6,1,3,8]},"distEstPair":{"pairList":[[0,0],[1,2],[2,5],[5,8],[1,6],[3,5],[3,4],[7,8],[1,7],[2,8],[4,7],[3,6],[2,7],[4,6],[5,7],[6,8],[4,5],[2,6],[2,3],[4,8],[3,8],[1,5],[1,3],[1,4],[2,4],[3,7],[1,8],[5,6],[6,7],[6,2],[5,2],[7,2],[3,2],[8,7],[8,3],[4,3],[5,3],[6,3],[6,1],[8,6],[4,2],[3,1],[5,1],[7,5],[7,4],[8,4],[7,1],[5,4],[6,5],[8,1],[7,6],[8,2],[2,1],[8,5],[4,1],[6,4],[7,3]]},"distEst2AFC":{"triplet":[[0,0,0],[3,2,5],[1,7,2],[5,3,6],[3,5,2],[5,3,6],[1,2,7],[5,6,3],[8,6,7],[3,5,2],[7,1,6],[5,6,7],[3,2,5],[6,2,8],[7,6,1],[2,4,5],[1,2,7],[4,2,7],[6,8,1],[7,6,1],[4,1,7],[5,6,3],[1,7,2],[7,1,6],[2,3,4]]}}