{"objLoc":[[0,0,0],[0,0.95,80],[0.9,0.95,314],[0.9,0.05,75],[0.7,0.75,331],[0,0.05,176],[-0.9,0.05,221],[-0.9,0.95,276],[-0.7,0.25,187]],"objIdentity":[0,3,6,2,8,1,5,4,7],"familiarise":{"path":[[0,0.5,150],[0.5,0.9,107],[0.9,0.1,227],[-0.9,0.2,209],[-0.7,0.7,216],[0.5,0.5,96],[0,0.2,103],[-0.2,0.8,92],[-0.5,0.1,118],[0.7,0.4,52],[0.9,0.9,60],[-0.5,0.5,348],[0.5,0.9,346],[0.5,0.1,68],[-0.6,0.8,9]]},"objlocLearn":{"learnOrder":[0,6,4,1,7,5,8,2,3],"startLoc":[[0,0,0],[0.1,0.5,190],[-0.5,0.5,50],[0.1,0.1,10],[-0.5,0.1,0],[-0.1,0.9,300],[0.5,0.5,60],[-0.1,0.5,180],[0.5,0.9,240]]},"objlocTestRun1":{"startLoc":[[0,0,0],[0.16837113001918463,0.0633768820737759,52],[-0.16837113001918463,0.9366231179262241,293],[0.59261454324278007,0.88401435371948689,70],[-0.90126400988272337,0.61365693434362767,56],[-0.92268636532795867,0.71681216323000485,147],[0.90126400988272337,0.38634306565637233,1],[0.92268636532795867,0.2831878367699952,305],[-0.59261454324278007,0.11598564628051311,59],[-0.5291827559183091,0.37723981712369542,267],[0.57266290778103324,0.098565891930632171,210],[-0.562671169626408,0.90397147720878757,278],[0.5291827559183091,0.62276018287630452,216],[0.57474408199945337,0.83343477830133483,347],[-0.57474408199945337,0.16656522169866517,137],[0.562671169626408,0.0960285227912124,179],[-0.57266290778103324,0.90143410806936786,122],[-0.38558994652415851,0.65115666541789041,268],[0.80322426649677281,0.05199279127919923,109],[0.4858473527799741,0.23442127437107119,288],[0.38558994652415851,0.34884333458210964,31],[-0.58959704101346833,0.8959134471202852,85],[-0.4858473527799741,0.76557872562892881,158],[-0.80322426649677281,0.9480072087208008,46],[0.58959704101346833,0.10408655287971483,74],[-0.095487239996543558,0.78185347473501055,303],[0.26603192917451562,0.12067649063674069,135],[0.095487239996543558,0.21814652526498945,79],[0.2810196220438998,0.37501008614567111,305],[0.19200487258458415,0.21764077017177363,208],[-0.19200487258458415,0.78235922982822637,229],[-0.2810196220438998,0.62498991385432889,321],[-0.26603192917451562,0.87932350936325931,258],[-0.44794708837276737,0.10706088377603176,96],[0.012511401396156627,0.42485023065194905,4],[0.86189796088195947,0.41691715580942923,198],[-0.088267346147707662,0.25623132157379791,255],[-0.86189796088195947,0.58308284419057077,291],[0.088267346147707662,0.74376867842620209,69],[-0.012511401396156627,0.575149769348051,229],[0.44794708837276737,0.89293911622396827,338],[-0.48999542271372382,0.12656341557519404,93],[0.75728519428097418,0.34722792676355563,106],[0.48999542271372382,0.873436584424806,154],[-0.028630957521929831,0.076200407305445958,206],[-0.75728519428097418,0.65277207323644437,357],[0.028630957521929831,0.923799592694554,212],[0.29254651166369056,0.85925545442361939,320],[-0.29254651166369056,0.14074454557638064,237],[-0.305604342820932,0.14631413508023139,171],[0.22152277447248109,0.49068068239467688,110],[0.78560119203581025,0.849691568859779,127],[-0.58477712715996888,0.796774931925726,280],[-0.22152277447248109,0.50931931760532312,64],[0.58477712715996888,0.20322506807427393,50],[-0.78560119203581025,0.150308431140221,77],[0.305604342820932,0.85368586491976861,241],[-0.47263428778795952,0.91842376327372854,134],[0.88379933932724719,0.74293940920218327,75],[0.8760958557337466,0.38436135379520653,120],[-0.57884521143136647,0.78317781040207435,30],[0.47263428778795952,0.081576236726271456,158],[-0.8760958557337466,0.61563864620479347,293],[0.57884521143136647,0.21682218959792565,161],[-0.88379933932724719,0.25706059079781673,162],[0.25035550020171632,0.78499418235382579,10],[-0.49228832474971934,0.3109558573810054,101],[0.58954250544674158,0.58043649041036838,28],[-0.66496206153376769,0.48673582969938878,18],[-0.58954250544674158,0.41956350958963162,311],[-0.25035550020171632,0.21500581764617421,258],[0.49228832474971934,0.6890441426189946,299],[0.66496206153376769,0.51326417030061122,48],[0.78799524622317785,0.10383947307917113,132],[0.38295038190460734,0.74059824300600519,329],[-0.38295038190460734,0.25940175699399481,157],[-0.78799524622317785,0.89616052692082881,334],[-0.10144512694760492,0.77042877867551274,347],[0.10144512694760492,0.22957122132448726,3],[-0.12555579257623689,0.37817941497629615,156],[0.12555579257623689,0.62182058502370385,210]],"learnOrder":[0,7,3,2,8,5,4,1,6,4,3,6,8,1,5,2,7,7,1,6,3,8,2,5,4,4,7,8,6,5,1,2,3,4,6,3,5,7,1,2,8,4,3,8,1,7,5,6,2,7,6,5,8,2,4,1,3,1,3,2,4,5,6,8,7,1,7,4,6,8,5,3,2,4,3,7,8,2,6,5,1]},"distEstPair":{"pairList":[[0,0],[2,6],[1,6],[2,3],[2,7],[3,4],[5,6],[1,5],[3,6],[4,5],[3,5],[1,2],[1,4],[1,3],[5,8],[3,8],[2,8],[2,5],[7,8],[4,8],[6,8],[1,7],[6,7],[2,4],[5,7],[4,6],[4,7],[3,7],[1,8],[4,2],[6,1],[5,2],[7,4],[8,1],[8,3],[8,5],[7,5],[4,3],[7,3],[6,5],[3,2],[4,1],[8,6],[7,6],[6,3],[5,3],[7,1],[8,4],[6,2],[2,1],[5,4],[3,1],[7,2],[8,2],[8,7],[5,1],[6,4]]},"distEst2AFC":{"triplet":[[0,0,0],[3,2,5],[7,1,6],[1,7,2],[3,5,2],[4,2,7],[1,2,7],[7,6,1],[5,6,3],[8,6,7],[5,6,3],[2,3,4],[5,3,6],[6,8,1],[1,2,7],[3,2,5],[1,7,2],[6,2,8],[7,1,6],[3,5,2],[4,1,7],[5,3,6],[7,6,1],[5,6,7],[2,4,5]]}}