{"objLoc":[[0,0,0],[0,0.95,76],[0.9,0.95,174],[0.9,0.05,152],[0.7,0.75,310],[0,0.05,62],[-0.9,0.05,122],[-0.9,0.95,98],[-0.7,0.25,249]],"objIdentity":[0,8,3,7,1,4,6,2,5],"familiarise":{"path":[[0,0.5,278],[0.5,0.9,345],[0.9,0.1,253],[-0.9,0.2,108],[-0.7,0.7,277],[0.5,0.5,248],[0,0.2,140],[-0.2,0.8,222],[-0.5,0.1,154],[0.7,0.4,211],[0.9,0.9,253],[-0.5,0.5,41],[0.5,0.9,333],[0.5,0.1,356],[-0.6,0.8,244]]},"objlocLearn":{"learnOrder":[0,2,7,3,8,6,5,1,4],"startLoc":[[0,0,0],[-0.1,0.5,180],[-0.5,0.1,0],[0.5,0.9,240],[0.5,0.5,60],[0.1,0.5,190],[-0.1,0.9,300],[0.1,0.1,10],[-0.5,0.5,50]]},"objlocTestRun1":{"startLoc":[[0,0,0],[0.5845769125146294,0.1021575844150801,202],[0.2848566834269089,0.46498879138510385,27],[-0.029969626914109718,0.66986180291805408,268],[0.029969626914109718,0.33013819708194597,123],[-0.2848566834269089,0.53501120861489615,309],[0.53363901245776191,0.28700039343413186,222],[-0.5845769125146294,0.89784241558491984,159],[-0.53363901245776191,0.71299960656586814,225],[-0.5515814665358143,0.54496248918992518,48],[-0.62422669339938586,0.27989198334274179,139],[0.82327340984595931,0.24089256940290649,339],[0.62422669339938586,0.72010801665725821,195],[-0.82327340984595931,0.75910743059709351,195],[0.863243069062298,0.55608740592611028,87],[-0.863243069062298,0.44391259407388967,221],[0.5515814665358143,0.45503751081007476,70],[0.76781924115572175,0.90931089928307585,346],[0.4271973143790197,0.40824964131655272,98],[0.6673005134033434,0.37617517780915205,209],[-0.6673005134033434,0.623824822190848,279],[0.0067693608800054178,0.56461563178541074,251],[-0.0067693608800054178,0.43538436821458926,276],[-0.4271973143790197,0.59175035868344728,213],[-0.76781924115572175,0.090689100716924181,44],[-0.35117456546754283,0.18572832931317873,242],[-0.19514519582423157,0.20133253623599023,344],[-0.0570904147202093,0.50735051643893136,61],[0.0570904147202093,0.49264948356106864,295],[0.35117456546754283,0.81427167068682127,152],[-0.44855339547083289,0.36397609934044572,190],[0.44855339547083289,0.63602390065955428,124],[0.19514519582423157,0.79866746376400977,207],[-0.71210635193261218,0.16615760649065259,167],[-0.33487194116781,0.84784851973409181,159],[-0.48724404274843586,0.54339905808582811,167],[0.33487194116781,0.15215148026590819,263],[0.49969223212135611,0.40634346466283444,270],[0.71210635193261218,0.83384239350934741,133],[-0.49969223212135611,0.59365653533716556,40],[0.48724404274843586,0.45660094191417189,159],[0.58247110141866187,0.79796922750129617,84],[-0.47151252948969896,0.82587903121603967,214],[0.47151252948969896,0.17412096878396033,334],[0.051185996056252778,0.7721973417511947,36],[-0.19888258424421829,0.17266455048584439,28],[-0.051185996056252778,0.22780265824880525,31],[0.19888258424421829,0.82733544951415561,140],[-0.58247110141866187,0.20203077249870388,27],[0.25687276010223153,0.67750086195682846,31],[0.53508322277115949,0.59667247682779256,234],[0.74004209234698815,0.70784787927423409,212],[-0.25687276010223153,0.32249913804317154,134],[-0.00072477882828921036,0.21474507654948505,229],[-0.74004209234698815,0.29215212072576591,35],[-0.53508322277115949,0.40332752317220744,216],[0.00072477882828921036,0.785254923450515,352],[-0.94871260111400635,0.49410907201098997,311],[0.28336374470484865,0.46273246244209248,319],[-0.39701528623165067,0.75314262612020577,89],[0.94871260111400635,0.50589092798901,360],[0.39701528623165067,0.24685737387979423,148],[0.73566867059226571,0.29033992995605906,51],[-0.28336374470484865,0.53726753755790746,31],[-0.73566867059226571,0.70966007004394094,184],[0.31125676119789952,0.44148834225587669,203],[0.5149663876927395,0.19737744072511199,13],[0.82202692802879307,0.44672258165963552,216],[0.63177223352910128,0.46511107421028164,31],[-0.63177223352910128,0.53488892578971836,64],[-0.31125676119789952,0.55851165774412337,104],[-0.5149663876927395,0.802622559274888,214],[-0.82202692802879307,0.55327741834036448,271],[-0.56994556219189452,0.773468211389724,255],[0.35450050236057068,0.12961670235316003,242],[0.56994556219189452,0.226531788610276,150],[0.027870158000525017,0.55885823194037521,171],[-0.35450050236057068,0.87038329764684,214],[-0.019727533217329743,0.92595478842645185,127],[0.019727533217329743,0.074045211573548139,309],[-0.027870158000525017,0.44114176805962479,290]],"learnOrder":[0,3,8,5,1,4,6,7,2,7,6,4,2,8,5,1,3,5,4,3,7,2,6,8,1,5,7,2,6,1,8,4,3,1,2,8,6,3,5,7,4,7,2,6,5,8,1,4,3,2,1,3,6,8,7,5,4,6,4,5,2,1,3,8,7,3,8,2,5,1,7,4,6,2,5,6,3,1,8,4,7]},"distEstPair":{"pairList":[[0,0],[1,8],[2,5],[3,6],[2,3],[2,6],[1,5],[5,6],[1,3],[2,8],[1,2],[3,7],[3,5],[3,4],[4,7],[6,8],[5,8],[4,5],[4,8],[5,7],[2,7],[6,7],[1,4],[3,8],[4,6],[2,4],[1,6],[7,8],[1,7],[2,1],[8,1],[8,6],[8,5],[5,2],[7,4],[6,5],[7,1],[8,7],[5,3],[7,2],[7,3],[6,2],[6,4],[6,1],[5,4],[4,3],[3,2],[4,2],[5,1],[6,3],[7,5],[8,2],[4,1],[7,6],[8,4],[8,3],[3,1]]},"distEst2AFC":{"triplet":[[0,0,0],[3,2,5],[6,2,8],[3,2,5],[8,6,7],[5,6,3],[6,8,1],[7,1,6],[4,1,7],[3,5,2],[2,4,5],[7,1,6],[5,6,3],[1,2,7],[2,3,4],[1,7,2],[3,5,2],[1,7,2],[7,6,1],[5,3,6],[7,6,1],[4,2,7],[5,3,6],[5,6,7],[1,2,7]]}}