{"objLoc":[[0,0,0],[0.1,0.9,243],[0.9,0.9,176],[0.9,0.1,298],[0.7,0.7,12],[-0.1,0.1,291],[-0.9,0.1,204],[-0.9,0.9,108],[-0.7,0.3,17]],"objIdentity":[0,2,5,8,6,4,3,7,1],"familiarise":{"path":[[0,0.5,210],[-0.46984631039295421,0.32898992833716567,243],[-0.35737078322102173,0.81617496072978324,88],[0.14194398415626519,0.84234293885125511,162],[0.5950978776745901,0.63103380798090536,252],[0.49969337998631769,0.14022021625707337,58],[0.0072895034802136771,0.22704430509053852,68],[0.40129488028357463,0.53487504275336772,158],[0.84276867671303812,0.7696108241463131,91],[-0.56677025446582452,0.25658060915781,332],[-0.45429472729389203,0.74376564155042768,69],[0.034779073073010813,0.639809796141548,144],[-0.29978623010641831,0.26823738340285086,295],[0.12423781797179467,0.53319701551945331,14],[0.557250519864014,0.78319701551945331,241],[0.12423781797179467,0.53319701551945331,6]]},"objlocLearn":{"learnOrder":[0,2,3,6,7,4,8,5,1],"startLoc":[[0,0,0],[-0.1,0.5,180],[0.5,0.9,240],[0.1,0.5,190],[-0.5,0.1,0],[-0.5,0.5,50],[0.5,0.5,60],[-0.1,0.9,300],[0.1,0.1,10]]},"objlocTestRun1":{"startLoc":[[0,0,0],[-0.15861772104961841,0.53432190632594967,260],[-0.7572807396394925,0.41291420509389531,60],[0.7572807396394925,0.58708579490610469,348],[-0.66349819072055949,0.13068089072622791,50],[0.01832769575874689,0.46460065185855104,316],[0.66349819072055949,0.86931910927377209,6],[-0.01832769575874689,0.535399348141449,115],[0.15861772104961841,0.46567809367405039,172],[-0.34076753047528968,0.061325795897895219,259],[0.00881823129810215,0.54720946407229976,252],[-0.39209030560196961,0.3761795004030416,100],[0.034923996250152925,0.1435366860691083,27],[-0.034923996250152925,0.8564633139308917,35],[-0.00881823129810215,0.4527905359277003,1],[0.34076753047528968,0.93867420410210478,276],[0.39209030560196961,0.6238204995969584,49],[-0.32699692133059505,0.56195832912371357,294],[0.86093793606080427,0.43415895540289928,100],[-0.79326049144422361,0.15933718056811708,64],[0.79326049144422361,0.84066281943188292,168],[0.32699692133059505,0.43804167087628643,266],[-0.31437573932590973,0.4301884180290057,305],[0.31437573932590973,0.56981158197099435,188],[-0.86093793606080427,0.56584104459710072,105]],"learnOrder":[0,6,4,8,7,1,3,5,2,6,7,1,4,8,3,2,5,1,2,7,3,5,4,8,6]},"objlocTestRun2":{"startLoc":[[0,0,0],[0.658679706068251,0.63002261205279408,153],[-0.92982863933312143,0.0706141023786302,344],[0.15754974113156378,0.16591042096147712,289],[0.92982863933312143,0.92938589762136981,138],[0.53574298346546367,0.69976773399978709,251],[-0.15754974113156378,0.83408957903852288,154],[-0.53574298346546367,0.30023226600021291,281],[-0.658679706068251,0.36997738794720592,103],[0.74314886567788663,0.3958136785947578,150],[0.33944044884772712,0.885667681527613,224],[0.060479117737619784,0.91837733178309555,56],[-0.060479117737619784,0.081622668216904448,263],[-0.33944044884772712,0.114332318472387,240],[-0.730205712923067,0.4204762157975927,356],[-0.74314886567788663,0.6041863214052422,260],[0.730205712923067,0.57952378420240724,225],[0.061554202600786409,0.62926422468560272,212],[-0.39476905061738815,0.32545196252990966,235],[0.69751135890257387,0.88230167199103615,346],[-0.39044128404684492,0.1779470350278195,40],[-0.69751135890257387,0.11769832800896385,320],[0.39044128404684492,0.8220529649721805,116],[0.39476905061738815,0.67454803747009029,2],[-0.061554202600786409,0.37073577531439728,85]],"learnOrder":[0,3,8,6,4,1,2,5,7,2,1,3,7,5,4,6,8,6,3,1,8,5,4,7,2]},"distEstPair":{"pairList":[[0,0],[1,4],[7,3],[4,8],[6,5],[6,2],[5,4],[2,3],[2,7],[1,5],[7,6],[2,4],[1,6],[7,1],[8,5],[4,1],[2,1],[7,5],[1,2],[5,2],[1,3],[5,6],[3,2],[6,8],[8,1],[8,3],[5,7],[2,8],[4,7],[8,6],[4,2],[7,8],[6,7],[3,4],[6,4],[3,6],[3,5],[4,3],[3,1],[8,7],[5,8]]},"distEstEgo":{"pairList":[[0,0],[2,3],[2,8],[8,6],[2,1],[1,2],[7,6],[4,2],[3,2],[7,3],[6,5],[5,6],[6,7]]},"distEst2AFC":{"triplet":[[0,0,0],[8,5,7],[4,1,3],[6,5,7],[3,4,6],[6,7,5],[8,7,5],[2,3,1],[1,4,3],[2,1,3],[8,5,7],[6,7,5],[2,1,3],[4,3,1],[6,5,7],[5,7,6],[4,3,1],[7,3,5],[7,8,2],[3,7,1],[5,8,7],[4,1,3],[2,3,1],[1,3,2],[8,7,5]]}}