{"objLoc":[[0,0,0],[0.1,0.9,80],[0.9,0.9,314],[0.9,0.1,75],[0.63,0.63,331],[0.36,0.36,176],[-0.1,0.1,221],[-0.9,0.1,276],[-0.9,0.9,187],[-0.63,0.37,107],[-0.36,0.64,68]],"objIdentity":[0,1,4,6,8,7,3,10,9,2,5],"familiarise":{"path":[[0,0.5,294],[0.30783073766282915,0.8940053768033609,292],[0.79690453802973193,0.7900495313944812,213],[0.35543074160026844,0.55531375000153582,330],[-0.1418302060838682,0.50304951836770906,22],[0.85436449200787734,0.41589377562005092,348],[0.36196061550177333,0.50271786445351607,206],[0.78598466357998631,0.76767749657011852,109],[-0.584333522883915,0.15757253195641818,298],[0.3900365419013202,0.38252358630028316,238],[0.57733983860927618,0.84611551358367687,356],[-0.42205098840981958,0.88101501028617779,39],[0.51152943808738216,0.52264706074087752,210],[0.13417464797599615,0.85067657523613116,171],[0.31335862274864629,0.38388636198753029,235],[0.47614269997722464,0.85664564978718871,88]]},"objlocLearn":{"learnOrder":[0,1,3,6,5,8,2,7,10,4,9],"startLoc":[[0,0,0],[0.1,0.1,10],[0.5,0.9,240],[-0.1,0.9,190],[0.7,0.9,300],[-0.5,0.1,60],[-0.1,0.5,180],[0.1,0.5,0],[-0.7,0.1,120],[-0.5,0.5,50],[0.5,0.5,230]]},"objlocTest":{"startLoc":[[0,0,0],[-0.0062785326670703884,0.24002690080481404,212],[0.0062785326670703884,0.759973099195186,320],[0.28931458143244809,0.93843673341763678,237],[-0.43089980420379453,0.39576781443335418,171],[-0.748149041141345,0.292467860593968,110],[-0.28931458143244809,0.0615632665823632,127],[0.748149041141345,0.707532139406032,280],[0.25586726402463417,0.51985282090589924,64],[0.43089980420379453,0.60423218556664582,50],[-0.25586726402463417,0.48014717909410076,77],[0.19756986808293892,0.72371822949933606,241],[0.16815012344883512,0.59450388214118222,134],[0.63528052938723656,0.895670210824,75],[0.0042407633980177523,0.37072380254810522,120],[-0.0042407633980177523,0.62927619745189478,30],[-0.079971777246315948,0.71129277803588176,158],[-0.63528052938723656,0.10432978917599996,293],[-0.19756986808293892,0.27628177050066394,161],[0.079971777246315948,0.28870722196411819,162],[-0.16815012344883512,0.40549611785881778,10],[0.018002679184102768,0.20138734221675192,101],[0.27590762467387348,0.25035620483433718,28],[0.42150372561447874,0.63650120509489,18],[-0.48614127939516688,0.055846392860599448,311],[-0.27590762467387348,0.74964379516566282,258],[0.48614127939516688,0.94415360713940055,299],[-0.34044709365507292,0.40879295969415053,48],[0.34044709365507292,0.59120704030584947,132],[-0.42150372561447874,0.36349879490510995,329],[-0.018002679184102768,0.79861265778324808,157],[-0.17332239164034741,0.25248818296750219,334],[0.94472838646955171,0.55482313082913681,347],[-0.19874629704323848,0.6716923056738705,3],[-0.53485421545381207,0.433073600181488,156],[-0.26878306782188027,0.060649013333455737,210],[0.17332239164034741,0.74751181703249781,126],[0.26878306782188027,0.93935098666654426,136],[-0.94472838646955171,0.44517686917086319,129],[0.19874629704323848,0.3283076943261295,84],[0.53485421545381207,0.566926399818512,10],[-0.48330110276609467,0.114139385685471,264],[0.144685754670077,0.66321820608590176,360],[-0.092579774477043755,0.37188541386029994,14],[0.48330110276609467,0.885860614314529,310],[-0.237033487608534,0.80628716000989953,196],[0.237033487608534,0.19371283999010042,8],[-0.144685754670077,0.33678179391409824,25],[0.092579774477043755,0.62811458613970006,190],[0.51362578992342378,0.21333308820751051,38],[-0.51362578992342378,0.78666691179248949,107]],"learnOrder":[0,1,6,9,8,10,4,5,7,3,2,1,3,9,10,5,7,4,6,2,8,5,8,9,6,3,1,7,2,4,10,9,2,8,1,10,4,5,7,3,6,3,6,7,8,9,4,1,2,5,10]},"distEstPair":{"pairList":[[0,0],[6,1],[8,6],[6,10],[10,5],[8,10],[3,4],[9,10],[5,2],[1,2],[6,8],[5,3],[9,4],[5,4],[4,9],[5,1],[3,2],[4,5],[9,7],[7,6],[8,3],[7,10],[5,10],[1,3],[3,1],[2,7],[10,9],[7,2],[3,8],[10,6],[2,4],[9,6],[1,5],[7,8],[8,9],[4,3],[10,8],[4,1],[7,9],[2,3],[3,5],[2,5],[9,8],[10,7],[1,6],[8,7],[2,1],[1,4],[6,9],[6,7],[4,2]]},"distEstEgo":{"pairList":[[0,0],[2,8],[2,1],[1,2],[2,3],[7,8],[2,4],[7,3],[3,2],[6,7],[8,7],[7,6],[7,9]]},"distEst2AFC":{"triplet":[[0,0,0],[6,8,7],[9,7,10],[1,2,3],[8,6,7],[2,3,1],[3,1,2],[2,1,3],[4,2,3],[7,6,8],[9,7,8],[4,2,5],[7,8,6]]}}