{"objLoc":[[0,0,0],[0.1,0.9,151],[0.9,0.9,260],[0.9,0.1,1],[0.7,0.7,109],[-0.1,0.1,53],[-0.9,0.1,34],[-0.9,0.9,68],[-0.7,0.3,125]],"objIdentity":[0,7,5,1,3,2,8,4,6],"familiarise":{"path":[[0,0.5,224],[0.48296291314453416,0.62940952255126037,299],[0.84863976395411944,0.28841034252001108,57],[0.40716596752465595,0.52314612391295645,7],[-0.068362290622920818,0.67765462110043018,26],[-0.27967142149327051,0.22450072758210521,176],[-0.33193565312709727,0.72176167526624191,219],[-0.81912068551971484,0.60928614809430937,205],[-0.63993671074706471,0.14249593484570849,115],[0.86006328925293529,0.14249593484570849,356],[0.868789492471577,0.64241978242390418,209],[-0.58665409694241777,0.27953693902440258,137],[-0.68205859463069018,0.77035053074823456,199],[0.30274915838151784,0.59670235308130426,269],[0.19027363120958535,0.10951732068868664,241],[-0.30942178229996253,0.12696706903993712,96]]},"objlocLearn":{"learnOrder":[0,1,6,4,7,2,3,5,8],"startLoc":[[0,0,0],[0.1,0.1,10],[0.1,0.5,190],[-0.5,0.5,50],[-0.5,0.1,0],[-0.1,0.5,180],[0.5,0.9,240],[-0.1,0.9,300],[0.5,0.5,60]]},"objlocTestRun1":{"startLoc":[[0,0,0],[-0.5824748630156773,0.62551479279194622,125],[0.35103487411879147,0.14640016232736375,82],[0.78965206455592152,0.62740958805170388,214],[-0.78965206455592152,0.37259041194829612,113],[0.15582694189945195,0.8409487859706597,330],[0.5824748630156773,0.37448520720805378,328],[-0.35103487411879147,0.85359983767263625,93],[-0.15582694189945195,0.1590512140293403,40],[0.20898534313163214,0.51260839961278126,70],[0.65499544624522144,0.86485308683778439,180],[0.4497361360744892,0.89063501838437853,263],[0.14792870904061733,0.21560918146471858,75],[-0.14792870904061733,0.78439081853528148,90],[-0.20898534313163214,0.48739160038721879,307],[-0.65499544624522144,0.13514691316221561,150],[-0.4497361360744892,0.10936498161562141,223],[-0.07622749494806684,0.541712134418336,85],[-0.4466253302484719,0.25503977341107786,37],[0.34023078947431612,0.87674160017977332,186],[0.19818991754794907,0.54459312935770632,172],[-0.19818991754794907,0.45540687064229368,55],[0.07622749494806684,0.458287865581664,224],[-0.34023078947431612,0.12325839982022668,196],[0.4466253302484719,0.74496022658892214,236]],"learnOrder":[0,1,8,2,6,3,5,4,7,6,3,5,4,8,2,7,1,3,5,4,2,6,7,8,1]},"objlocTestRun2":{"startLoc":[[0,0,0],[0.56734682318887475,0.30714696656073281,53],[-0.19973633544524577,0.9169362755966407,271],[-0.77485011975669571,0.11122513772284637,80],[-0.56734682318887475,0.69285303343926719,187],[0.77485011975669571,0.88877486227715363,283],[0.23449740198302854,0.073594815477509679,9],[0.19973633544524577,0.0830637244033593,117],[-0.23449740198302854,0.92640518452249032,315],[-0.62151939522439159,0.93648291733208988,305],[-0.19896059185070064,0.20403877281737626,194],[0.9234920113463656,0.73907412249072157,312],[0.018518307022137345,0.41080072311870941,342],[0.19896059185070064,0.79596122718262374,298],[-0.9234920113463656,0.26092587750927848,308],[-0.018518307022137345,0.58919927688129059,36],[0.62151939522439159,0.063517082667910146,235],[0.12601493692002935,0.22337552400364269,254],[-0.2950003599017425,0.89609673410003055,220],[-0.14195185894539425,0.38473142152338458,288],[0.2950003599017425,0.10390326589996945,13],[-0.85533462656945125,0.44901213062435918,278],[-0.12601493692002935,0.77662447599635731,264],[0.14195185894539425,0.61526857847661542,94],[0.85533462656945125,0.55098786937564082,93]],"learnOrder":[0,3,2,5,7,1,8,6,4,6,8,5,7,4,1,3,2,7,2,8,6,5,3,4,1]},"distEstPair":{"pairList":[[0,0],[7,8],[6,4],[4,2],[7,3],[7,6],[6,5],[4,1],[1,6],[2,8],[4,7],[5,2],[6,2],[5,4],[2,1],[5,6],[3,4],[8,6],[7,1],[5,7],[3,6],[8,3],[3,2],[6,7],[7,5],[8,1],[1,2],[6,8],[1,5],[8,7],[8,5],[3,5],[1,4],[1,3],[4,8],[4,3],[2,3],[2,4],[2,7],[5,8],[3,1]]},"distEstEgo":{"pairList":[[0,0],[4,2],[2,3],[2,8],[6,7],[7,6],[1,2],[8,6],[3,2],[5,6],[2,1],[7,3],[6,5]]},"distEst2AFC":{"triplet":[[0,0,0],[7,3,5],[6,5,7],[2,1,3],[4,1,3],[3,7,1],[4,3,1],[8,5,7],[2,3,1],[1,4,3],[4,1,3],[3,4,6],[1,3,2],[6,7,5],[8,5,7],[2,3,1],[7,8,2],[5,7,6],[8,7,5],[6,7,5],[8,7,5],[6,5,7],[5,8,7],[2,1,3],[4,3,1]]}}