{"objLoc":[[0,0,0],[0.1,0.9,157],[0.9,0.9,10],[0.9,0.1,198],[0.7,0.7,157],[-0.1,0.1,152],[-0.9,0.1,119],[-0.9,0.9,74],[-0.7,0.3,223]],"objIdentity":[0,5,7,2,1,6,4,3,8],"familiarise":{"path":[[0,0.5,16],[-0.4095760221444959,0.21321178182447698,60],[-0.021003041416010448,0.52787197734939562,163],[0.43215085210231452,0.73918110821974536,255],[-0.061693318195254365,0.66096387569962989,280],[0.41893752977390508,0.79878255360812944,280],[0.7905099425126022,0.46421725042870032,182],[-0.17541588377646611,0.20539820532617958,345],[0.011887412931489899,0.6689901326095733,120],[-0.32911176709975942,0.30331328179998807,174],[-0.14180847039180342,0.76690520908338178,270],[-0.279627148300303,0.28627436111422233,309],[0.20944665206659985,0.39023020652310203,150],[0.66621938088790023,0.59359852806100211,306],[0.26690162586425381,0.89450603963702624,161],[-0.71790612714795421,0.72085786197009594,258]]},"objlocLearn":{"learnOrder":[0,1,2,4,7,6,8,5,3],"startLoc":[[0,0,0],[0.1,0.1,10],[-0.1,0.5,180],[-0.5,0.5,50],[-0.5,0.1,0],[0.1,0.5,190],[0.5,0.5,60],[-0.1,0.9,300],[0.5,0.9,240]]},"objlocTestRun1":{"startLoc":[[0,0,0],[-0.6504327875965954,0.11645484176757204,11],[0.6504327875965954,0.883545158232428,135],[-0.80921303336614847,0.43675321122435273,35],[0.12334106526822756,0.75120690032533033,71],[-0.21488934827650047,0.8196076947237716,340],[0.21488934827650047,0.1803923052762284,134],[0.80921303336614847,0.56324678877564727,263],[-0.12334106526822756,0.24879309967466973,46],[-0.55384526040150717,0.83064338344087119,91],[-0.22649409093920475,0.21047884499994818,318],[-0.79175776271997678,0.31796218326224746,326],[0.79175776271997678,0.68203781673775254,104],[0.55384526040150717,0.16935661655912881,349],[0.72318192571479334,0.69771878395197018,241],[-0.72318192571479334,0.30228121604802982,182],[0.22649409093920475,0.78952115500005182,137],[0.40471385773926388,0.74287369129343184,122],[-0.0023112582054651415,0.494521849838625,343],[0.55542741668189,0.36410147661547348,250],[-0.55542741668189,0.63589852338452646,193],[0.53515290876555466,0.47498772867422129,16],[-0.40471385773926388,0.25712630870656816,90],[0.0023112582054651415,0.505478150161375,340],[-0.53515290876555466,0.52501227132577877,201]],"learnOrder":[0,6,2,5,7,4,8,1,3,2,4,5,1,6,3,7,8,3,5,2,6,4,7,1,8]},"objlocTestRun2":{"startLoc":[[0,0,0],[-0.5342405059741917,0.0541971704615449,129],[0.5342405059741917,0.94580282953845507,4],[-0.13136701090570718,0.22538161376986854,92],[-0.45698723163187355,0.673159321293108,92],[0.32158065027813093,0.744250773350211,62],[0.45698723163187355,0.32684067870689204,125],[0.13136701090570718,0.77461838623013146,73],[-0.32158065027813093,0.25574922664978905,23],[0.24005352248194994,0.42303132457285025,36],[-0.63300636499455476,0.76478569074493519,179],[0.15611113639484003,0.44296150069486828,26],[0.91292165009767912,0.27162823007101083,337],[0.63300636499455476,0.23521430925506481,75],[-0.91292165009767912,0.72837176992898911,168],[-0.15611113639484003,0.55703849930513172,150],[-0.24005352248194994,0.57696867542714969,105],[-0.82988403724495319,0.37179282298748695,117],[-0.72192439486291338,0.80501233510310066,77],[-0.71546755000432127,0.34017364379488146,101],[-0.43829238099961948,0.22692725225649579,43],[0.43829238099961948,0.77307274774350421,249],[0.82988403724495319,0.628207177012513,233],[0.71546755000432127,0.65982635620511854,113],[0.72192439486291338,0.19498766489689934,317]],"learnOrder":[0,1,5,6,4,7,8,2,3,3,6,5,4,2,8,1,7,7,4,5,6,2,3,1,8]},"distEstPair":{"pairList":[[0,0],[2,3],[4,1],[2,7],[4,7],[8,7],[6,8],[6,4],[4,8],[8,1],[3,6],[3,1],[3,4],[2,8],[5,7],[3,5],[7,3],[7,6],[7,1],[1,2],[4,2],[6,7],[7,5],[1,3],[5,6],[8,6],[3,2],[5,4],[4,3],[5,2],[7,8],[8,5],[6,2],[1,6],[2,1],[5,8],[1,5],[1,4],[2,4],[6,5],[8,3]]},"distEstEgo":{"pairList":[[0,0],[8,6],[2,8],[6,5],[7,6],[1,2],[5,6],[2,3],[7,3],[6,7],[3,2],[2,1],[4,2]]},"distEst2AFC":{"triplet":[[0,0,0],[6,7,5],[4,3,1],[6,7,5],[2,3,1],[8,5,7],[3,7,1],[2,3,1],[4,1,3],[6,5,7],[2,1,3],[3,4,6],[1,4,3],[8,5,7],[6,5,7],[4,1,3],[7,8,2],[5,7,6],[5,8,7],[7,3,5],[8,7,5],[2,1,3],[8,7,5],[4,3,1],[1,3,2]]}}