{"a":[0.794284540683907,0.31121504204480488,0.52853313550621273,0.16564872949978093,0.60198194140163652,0.26297128454014429],"b":[[0.90579193707561922,0.035711678574189554,0.3815584570930084,0.25509511545926911,0.83082862789629086],[0.12698681629350606,0.84912930586877711,0.76551678814900237,0.50595705166514238,0.58526409115272426],[0.91337585613901939,0.93399324775755055,0.79519990113706318,0.699076722656686,0.54972360829113953],[0.63235924622540951,0.67873515485777347,0.1868726045543786,0.8909032525357985,0.91719366382981],[0.097540404999409525,0.75774013057833345,0.48976439578823106,0.9592914252054443,0.28583901882037355],[0.2784982188670484,0.74313246812491618,0.44558620071089949,0.54721552996380307,0.75720022911072127],[0.54688151920498385,0.39222701953416816,0.64631301011126463,0.13862444282867914,0.75372909427849533],[0.9575068354342976,0.65547789017755664,0.70936483085807256,0.14929400555905747,0.38044584697535666],[0.96488853519927653,0.17118668781156177,0.75468668198236089,0.25750825412373646,0.56782164072522112],[0.15761308167754828,0.70604608801960878,0.27602507699857837,0.84071725598366254,0.075854289563063615],[0.9705927817606157,0.031832846377420676,0.6797026768536748,0.25428217897153105,0.05395011866660715],[0.95716694824294557,0.27692298496088996,0.65509800397384066,0.81428482606881636,0.53079755300897269],[0.48537564872284122,0.046171390631153941,0.16261173519463057,0.2435249687249893,0.77916723010201117],[0.80028046888880011,0.097131781235847536,0.11899768155837664,0.92926362318722777,0.934010684229183],[0.14188633862721534,0.82345782832729264,0.49836405198214295,0.34998376598480874,0.12990620847373013],[0.421761282626275,0.694828622975817,0.95974395851608107,0.19659525043120818,0.56882366087219272],[0.91573552518906709,0.31709948006086053,0.3403857266661332,0.25108385797603106,0.46939064105820583],[0.79220732955955442,0.95022204883835493,0.58526775097977735,0.61604467614663916,0.011902069501241397],[0.959492426392903,0.03444608050290876,0.22381193949113698,0.47328884890272926,0.33712264439888151],[0.65574069915658684,0.43874435965639824,0.75126705930565285,0.35165950706299676,0.16218230819324275]]}